INFO:     Started server process [11836]
INFO:     Waiting for application startup.
INFO:Application:[*] H\u1ec7 th\u1ed1ng \u0111ang kh\u1edfi \u0111\u1ed9ng...
INFO:Application:[+] Kh\u1edfi t\u1ea1o C\u01a1 s\u1edf d\u1eef li\u1ec7u thành công.
INFO:TaskDispatcher:[*] Task Dispatcher ch\u1ea1y ng\u1ea7m \u0111ã kh\u1edfi \u0111\u1ed9ng.
INFO:Application:[+] Kh\u1edfi t\u1ea1o ConcurrentTaskDispatcher thành công.
INFO:apscheduler.scheduler:Scheduler started
INFO:InteractionScheduler:[+] InteractionScheduler \u0111ã kh\u1edfi \u0111\u1ed9ng.
INFO:Application:[+] Kh\u1edfi t\u1ea1o InteractionScheduler thành công.
INFO:apscheduler.scheduler:Scheduler started
INFO:ScheduledUpload:[+] ScheduledUploadService \u0111ã kh\u1edfi \u0111\u1ed9ng.
INFO:Application:[+] Kh\u1edfi t\u1ea1o ScheduledUploadService thành công.
INFO:     Application startup complete.
INFO:     Uvicorn running on http://127.0.0.1:9000 (Press CTRL+C to quit)
INFO:     127.0.0.1:62531 - "WebSocket /ws" [accepted]
INFO:WebSocketManager:[+] K\u1ebft n\u1ed1i WebSocket m\u1edbi thi\u1ebft l\u1eadp. T\u1ed5ng k\u1ebft n\u1ed1i: 1
INFO:     connection open
INFO:httpx:HTTP Request: GET https://www.tiktok.com/passport/web/account/info/?aid=1459 "HTTP/1.1 200 OK"
INFO:QuickHealthCheck:[+] Check nhanh TikTok xong: 1/1, alive=1, dead=0, inconclusive=0, reasons={'tiktok_account_info': 1}
INFO:httpx:HTTP Request: GET https://www.tiktok.com/oembed?url=https%3A%2F%2Fwww.tiktok.com%2F%40kuir_ko6fr88 "HTTP/1.1 200 OK"
INFO:httpx:HTTP Request: GET https://www.tiktok.com/passport/web/account/info/?aid=1459 "HTTP/1.1 200 OK"
INFO:httpx:HTTP Request: GET https://www.tiktok.com/oembed?url=https%3A%2F%2Fwww.tiktok.com%2F%40flee9cu2_ga25 "HTTP/1.1 200 OK"
INFO:httpx:HTTP Request: GET https://www.tiktok.com/oembed?url=https%3A%2F%2Fwww.tiktok.com%2F%40cr1_dro2swai5 "HTTP/1.1 200 OK"
INFO:httpx:HTTP Request: GET https://www.tiktok.com/@sno49sp52_sa5?lang=en "HTTP/1.1 200 OK"
INFO:httpx:HTTP Request: GET https://www.tiktok.com/@woyl1gla_dre3?lang=en "HTTP/1.1 200 OK"
INFO:httpx:HTTP Request: GET https://www.tiktok.com/@wo74_shoy82?lang=en "HTTP/1.1 200 OK"
INFO:httpx:HTTP Request: GET https://www.tiktok.com/oembed?url=https%3A%2F%2Fwww.tiktok.com%2F%40br6ch_zenk15 "HTTP/1.1 200 OK"
INFO:httpx:HTTP Request: GET https://www.tiktok.com/oembed?url=https%3A%2F%2Fwww.tiktok.com%2F%40gr92_bi9fr94 "HTTP/1.1 200 OK"
INFO:httpx:HTTP Request: GET https://www.tiktok.com/@glau47glol67_sn9?lang=en "HTTP/1.1 200 OK"
INFO:httpx:HTTP Request: GET https://www.tiktok.com/oembed?url=https%3A%2F%2Fwww.tiktok.com%2F%40glau47glol67_sn9 "HTTP/1.1 400 Bad Request"
INFO:QuickHealthCheck:[+] Check nhanh TikTok xong: 9/9, alive=8, dead=1, inconclusive=0, reasons={'tiktok_oembed': 5, 'tiktok_user_info': 3, 'tiktok_status_10221': 1}
INFO:httpx:HTTP Request: GET https://www.tiktok.com/passport/web/account/info/?aid=1459 "HTTP/1.1 200 OK"
INFO:httpx:HTTP Request: GET https://www.tiktok.com/passport/web/account/info/?aid=1459 "HTTP/1.1 200 OK"
INFO:httpx:HTTP Request: GET https://www.tiktok.com/passport/web/account/info/?aid=1459 "HTTP/1.1 200 OK"
INFO:httpx:HTTP Request: GET https://www.tiktok.com/passport/web/account/info/?aid=1459 "HTTP/1.1 200 OK"
INFO:httpx:HTTP Request: GET https://www.tiktok.com/passport/web/account/info/?aid=1459 "HTTP/1.1 200 OK"
INFO:httpx:HTTP Request: GET https://www.tiktok.com/passport/web/account/info/?aid=1459 "HTTP/1.1 200 OK"
INFO:httpx:HTTP Request: GET https://www.tiktok.com/passport/web/account/info/?aid=1459 "HTTP/1.1 200 OK"
INFO:httpx:HTTP Request: GET https://www.tiktok.com/passport/web/account/info/?aid=1459 "HTTP/1.1 200 OK"
INFO:httpx:HTTP Request: GET https://www.tiktok.com/passport/web/account/info/?aid=1459 "HTTP/1.1 200 OK"
INFO:httpx:HTTP Request: GET https://www.tiktok.com/passport/web/account/info/?aid=1459 "HTTP/1.1 200 OK"
INFO:httpx:HTTP Request: GET https://www.tiktok.com/passport/web/account/info/?aid=1459 "HTTP/1.1 200 OK"
INFO:httpx:HTTP Request: GET https://www.tiktok.com/passport/web/account/info/?aid=1459 "HTTP/1.1 200 OK"
INFO:httpx:HTTP Request: GET https://www.tiktok.com/passport/web/account/info/?aid=1459 "HTTP/1.1 200 OK"
INFO:httpx:HTTP Request: GET https://www.tiktok.com/passport/web/account/info/?aid=1459 "HTTP/1.1 200 OK"
INFO:httpx:HTTP Request: GET https://www.tiktok.com/passport/web/account/info/?aid=1459 "HTTP/1.1 200 OK"
INFO:httpx:HTTP Request: GET https://www.tiktok.com/passport/web/account/info/?aid=1459 "HTTP/1.1 200 OK"
INFO:httpx:HTTP Request: GET https://www.tiktok.com/passport/web/account/info/?aid=1459 "HTTP/1.1 200 OK"
INFO:httpx:HTTP Request: GET https://www.tiktok.com/passport/web/account/info/?aid=1459 "HTTP/1.1 200 OK"
INFO:httpx:HTTP Request: GET https://www.tiktok.com/passport/web/account/info/?aid=1459 "HTTP/1.1 200 OK"
INFO:httpx:HTTP Request: GET https://www.tiktok.com/passport/web/account/info/?aid=1459 "HTTP/1.1 200 OK"
INFO:httpx:HTTP Request: GET https://www.tiktok.com/passport/web/account/info/?aid=1459 "HTTP/1.1 200 OK"
INFO:httpx:HTTP Request: GET https://www.tiktok.com/passport/web/account/info/?aid=1459 "HTTP/1.1 200 OK"
INFO:httpx:HTTP Request: GET https://www.tiktok.com/passport/web/account/info/?aid=1459 "HTTP/1.1 200 OK"
INFO:httpx:HTTP Request: GET https://www.tiktok.com/passport/web/account/info/?aid=1459 "HTTP/1.1 200 OK"
INFO:httpx:HTTP Request: GET https://www.tiktok.com/passport/web/account/info/?aid=1459 "HTTP/1.1 200 OK"
INFO:httpx:HTTP Request: GET https://www.tiktok.com/passport/web/account/info/?aid=1459 "HTTP/1.1 200 OK"
INFO:httpx:HTTP Request: GET https://www.tiktok.com/passport/web/account/info/?aid=1459 "HTTP/1.1 200 OK"
INFO:httpx:HTTP Request: GET https://www.tiktok.com/passport/web/account/info/?aid=1459 "HTTP/1.1 200 OK"
INFO:httpx:HTTP Request: GET https://www.tiktok.com/passport/web/account/info/?aid=1459 "HTTP/1.1 200 OK"
INFO:httpx:HTTP Request: GET https://www.tiktok.com/passport/web/account/info/?aid=1459 "HTTP/1.1 200 OK"
INFO:httpx:HTTP Request: GET https://www.tiktok.com/passport/web/account/info/?aid=1459 "HTTP/1.1 200 OK"
INFO:httpx:HTTP Request: GET https://www.tiktok.com/passport/web/account/info/?aid=1459 "HTTP/1.1 200 OK"
INFO:httpx:HTTP Request: GET https://www.tiktok.com/passport/web/account/info/?aid=1459 "HTTP/1.1 200 OK"
INFO:httpx:HTTP Request: GET https://www.tiktok.com/passport/web/account/info/?aid=1459 "HTTP/1.1 200 OK"
INFO:httpx:HTTP Request: GET https://www.tiktok.com/passport/web/account/info/?aid=1459 "HTTP/1.1 200 OK"
INFO:httpx:HTTP Request: GET https://www.tiktok.com/passport/web/account/info/?aid=1459 "HTTP/1.1 200 OK"
INFO:httpx:HTTP Request: GET https://www.tiktok.com/passport/web/account/info/?aid=1459 "HTTP/1.1 200 OK"
INFO:httpx:HTTP Request: GET https://www.tiktok.com/passport/web/account/info/?aid=1459 "HTTP/1.1 200 OK"
INFO:httpx:HTTP Request: GET https://www.tiktok.com/passport/web/account/info/?aid=1459 "HTTP/1.1 200 OK"
INFO:httpx:HTTP Request: GET https://www.tiktok.com/passport/web/account/info/?aid=1459 "HTTP/1.1 200 OK"
INFO:httpx:HTTP Request: GET https://www.tiktok.com/passport/web/account/info/?aid=1459 "HTTP/1.1 200 OK"
INFO:httpx:HTTP Request: GET https://www.tiktok.com/passport/web/account/info/?aid=1459 "HTTP/1.1 200 OK"
INFO:httpx:HTTP Request: GET https://www.tiktok.com/passport/web/account/info/?aid=1459 "HTTP/1.1 200 OK"
INFO:httpx:HTTP Request: GET https://www.tiktok.com/passport/web/account/info/?aid=1459 "HTTP/1.1 200 OK"
INFO:httpx:HTTP Request: GET https://www.tiktok.com/passport/web/account/info/?aid=1459 "HTTP/1.1 200 OK"
INFO:httpx:HTTP Request: GET https://www.tiktok.com/passport/web/account/info/?aid=1459 "HTTP/1.1 200 OK"
INFO:httpx:HTTP Request: GET https://www.tiktok.com/passport/web/account/info/?aid=1459 "HTTP/1.1 200 OK"
INFO:httpx:HTTP Request: GET https://www.tiktok.com/passport/web/account/info/?aid=1459 "HTTP/1.1 200 OK"
INFO:httpx:HTTP Request: GET https://www.tiktok.com/passport/web/account/info/?aid=1459 "HTTP/1.1 200 OK"
INFO:httpx:HTTP Request: GET https://www.tiktok.com/passport/web/account/info/?aid=1459 "HTTP/1.1 200 OK"
INFO:httpx:HTTP Request: GET https://www.tiktok.com/passport/web/account/info/?aid=1459 "HTTP/1.1 200 OK"
INFO:httpx:HTTP Request: GET https://www.tiktok.com/passport/web/account/info/?aid=1459 "HTTP/1.1 200 OK"
INFO:httpx:HTTP Request: GET https://www.tiktok.com/passport/web/account/info/?aid=1459 "HTTP/1.1 200 OK"
INFO:httpx:HTTP Request: GET https://www.tiktok.com/passport/web/account/info/?aid=1459 "HTTP/1.1 200 OK"
INFO:httpx:HTTP Request: GET https://www.tiktok.com/passport/web/account/info/?aid=1459 "HTTP/1.1 200 OK"
INFO:httpx:HTTP Request: GET https://www.tiktok.com/passport/web/account/info/?aid=1459 "HTTP/1.1 200 OK"
INFO:httpx:HTTP Request: GET https://www.tiktok.com/passport/web/account/info/?aid=1459 "HTTP/1.1 200 OK"
INFO:httpx:HTTP Request: GET https://www.tiktok.com/passport/web/account/info/?aid=1459 "HTTP/1.1 200 OK"
INFO:httpx:HTTP Request: GET https://www.tiktok.com/passport/web/account/info/?aid=1459 "HTTP/1.1 200 OK"
INFO:httpx:HTTP Request: GET https://www.tiktok.com/passport/web/account/info/?aid=1459 "HTTP/1.1 200 OK"
INFO:httpx:HTTP Request: GET https://www.tiktok.com/passport/web/account/info/?aid=1459 "HTTP/1.1 200 OK"
INFO:httpx:HTTP Request: GET https://www.tiktok.com/passport/web/account/info/?aid=1459 "HTTP/1.1 200 OK"
INFO:httpx:HTTP Request: GET https://www.tiktok.com/passport/web/account/info/?aid=1459 "HTTP/1.1 200 OK"
INFO:httpx:HTTP Request: GET https://www.tiktok.com/passport/web/account/info/?aid=1459 "HTTP/1.1 200 OK"
INFO:httpx:HTTP Request: GET https://www.tiktok.com/passport/web/account/info/?aid=1459 "HTTP/1.1 200 OK"
INFO:httpx:HTTP Request: GET https://www.tiktok.com/passport/web/account/info/?aid=1459 "HTTP/1.1 200 OK"
INFO:httpx:HTTP Request: GET https://www.tiktok.com/passport/web/account/info/?aid=1459 "HTTP/1.1 200 OK"
INFO:httpx:HTTP Request: GET https://www.tiktok.com/passport/web/account/info/?aid=1459 "HTTP/1.1 200 OK"
INFO:httpx:HTTP Request: GET https://www.tiktok.com/passport/web/account/info/?aid=1459 "HTTP/1.1 200 OK"
INFO:httpx:HTTP Request: GET https://www.tiktok.com/passport/web/account/info/?aid=1459 "HTTP/1.1 200 OK"
INFO:httpx:HTTP Request: GET https://www.tiktok.com/passport/web/account/info/?aid=1459 "HTTP/1.1 200 OK"
INFO:httpx:HTTP Request: GET https://www.tiktok.com/passport/web/account/info/?aid=1459 "HTTP/1.1 200 OK"
INFO:httpx:HTTP Request: GET https://www.tiktok.com/passport/web/account/info/?aid=1459 "HTTP/1.1 200 OK"
INFO:httpx:HTTP Request: GET https://www.tiktok.com/passport/web/account/info/?aid=1459 "HTTP/1.1 200 OK"
INFO:httpx:HTTP Request: GET https://www.tiktok.com/passport/web/account/info/?aid=1459 "HTTP/1.1 200 OK"
INFO:httpx:HTTP Request: GET https://www.tiktok.com/passport/web/account/info/?aid=1459 "HTTP/1.1 200 OK"
INFO:httpx:HTTP Request: GET https://www.tiktok.com/passport/web/account/info/?aid=1459 "HTTP/1.1 200 OK"
INFO:httpx:HTTP Request: GET https://www.tiktok.com/passport/web/account/info/?aid=1459 "HTTP/1.1 200 OK"
INFO:httpx:HTTP Request: GET https://www.tiktok.com/passport/web/account/info/?aid=1459 "HTTP/1.1 200 OK"
INFO:httpx:HTTP Request: GET https://www.tiktok.com/passport/web/account/info/?aid=1459 "HTTP/1.1 200 OK"
INFO:httpx:HTTP Request: GET https://www.tiktok.com/passport/web/account/info/?aid=1459 "HTTP/1.1 200 OK"
INFO:httpx:HTTP Request: GET https://www.tiktok.com/oembed?url=https%3A%2F%2Fwww.tiktok.com%2F%40crum66_cuck28st "HTTP/1.1 400 Bad Request"
INFO:httpx:HTTP Request: GET https://www.tiktok.com/@crum66_cuck28st?lang=en "HTTP/1.1 200 OK"
INFO:httpx:HTTP Request: GET https://www.tiktok.com/oembed?url=https%3A%2F%2Fwww.tiktok.com%2F%40spoc1_ka54beas2 "HTTP/1.1 200 OK"
INFO:httpx:HTTP Request: GET https://www.tiktok.com/oembed?url=https%3A%2F%2Fwww.tiktok.com%2F%40plea5sm_gru32to "HTTP/1.1 200 OK"
INFO:httpx:HTTP Request: GET https://www.tiktok.com/oembed?url=https%3A%2F%2Fwww.tiktok.com%2F%40sc9_vu6sna "HTTP/1.1 200 OK"
INFO:httpx:HTTP Request: GET https://www.tiktok.com/oembed?url=https%3A%2F%2Fwww.tiktok.com%2F%40saw5stue_taw "HTTP/1.1 200 OK"
INFO:httpx:HTTP Request: GET https://www.tiktok.com/oembed?url=https%3A%2F%2Fwww.tiktok.com%2F%40pl_wo7baw92 "HTTP/1.1 200 OK"
INFO:httpx:HTTP Request: GET https://www.tiktok.com/oembed?url=https%3A%2F%2Fwww.tiktok.com%2F%40sk44sno2_sk68we "HTTP/1.1 200 OK"
INFO:QuickHealthCheck:[+] Check nhanh TikTok xong: 82/82, alive=81, dead=1, inconclusive=0, reasons={'tiktok_account_info': 75, 'tiktok_oembed': 6, 'tiktok_status_10221': 1}
INFO:TaskDispatcher:[+] \u0110ã c\u1eadp nh\u1eadt gi\u1edbi h\u1ea1n lu\u1ed3ng ch\u1ea1y \u0111\u1ed3ng th\u1eddi / 1 proxy thành: 4
INFO:TaskDispatcher:[+] Tài kho\u1ea3n grettacher9487@outlook.com | Tác v\u1ee5 UPDATE_PROFILE \u0111ã \u0111\u01b0\u1ee3c \u0111\u01b0a vào hàng \u0111\u1ee3i.
INFO:TaskDispatcher:[+] Phân b\u1ed5 \u1ea3nh \u0111\u1ea1i di\u1ec7n: 02ruok53kibv.jpg cho lu\u1ed3ng s\u1ed1 0
INFO:TaskDispatcher:[*] Kh\u1edfi ch\u1ea1y trình duy\u1ec7t cho tài kho\u1ea3n: grettacher9487@outlook.com | Tác v\u1ee5: UPDATE_PROFILE
INFO:PlaywrightAdapter:[*] Da tao profile moi va gan 1 extension: omocaptcha@gmail.com@1.7.7
INFO:PlaywrightAdapter:[LAUNCH] OK sau 12.6s (lan 1/2).
INFO:PlaywrightAdapter:[HWND] Detected token-owned window HWND=13830258 for this session.
INFO:PlaywrightAdapter:[WINDOW] HWND=13830258 dang CLOAK/OFF-SCREEN.
INFO:PlaywrightAdapter:[EXTENSION] Active: omocaptcha@gmail.com@1.7.7 (signed/configuration verified).
INFO:PlaywrightAdapter:[HWND] Stream recovered token-owned HWND=38538260.
INFO:PlaywrightAdapter:[*] Khoi tao tab moi sach.
INFO:PlaywrightAdapter:[+] Khoi tao browser session (headed-cloaked). Seed: 1867309042 | Proxy: Direct NET
INFO:PlaywrightAdapter:[*] Dieu huong toi https://www.tiktok.com/foryou?lang=en (lan 1, wait=commit)...
INFO:PlaywrightAdapter:[*] Dieu huong toi https://www.tiktok.com/foryou?lang=en (lan 1, wait=commit)...
INFO:PlaywrightAdapter:[*] Dang doi trang chu TikTok on dinh phien dang nhap...
INFO:     127.0.0.1:54729 - "WebSocket /ws/screens" [accepted]
INFO:WebSocketManager:[+] K\u1ebft n\u1ed1i WebSocket m\u1edbi thi\u1ebft l\u1eadp. T\u1ed5ng k\u1ebft n\u1ed1i: 1
INFO:     connection open
INFO:PlaywrightAdapter:[+] Xac minh THANH CONG sau 6 giay (Phat hien nav-profile/upload/messages).
INFO:TikTokUpdateProfileUseCase:[+] [Defensive Save] \u0110ã sao l\u01b0u phòng th\u1ee7 Cookies thành công cho spoc1_ka54beas2
INFO:TikTokUpdateProfileUseCase:[+] \u0110ã ch\u1ecdn Bio ng\u1eabu nhiên: 'Silent observer | \U0001f30d Exploring | Subscribe for more.'
ERROR:PlaywrightAdapter:[-] Gap loi khi thao tac cap nhat thong tin ho so: Locator.wait_for: Timeout 20000ms exceeded.
Call log:
  - waiting for locator("[data-e2e=\"edit-profile-entrance\"], button:has-text(\"Edit profile\")").first to be visible

INFO:PlaywrightAdapter:[+] Da dong phien trinh duyet va giai phong tai nguyen.
INFO:PlaywrightAdapter:[*] Dang don dep ho so tam thoi: C:\Users\Admin\AppData\Local\Temp\tiktok_auto_profiles\temp_9abc767c-8877-4ff2-8bf7-f06efd444194
INFO:WebSocketManager:[-] M\u1ed9t k\u1ebft n\u1ed1i WebSocket \u0111ã \u0111óng. T\u1ed5ng k\u1ebft n\u1ed1i: 0
INFO:     connection closed
INFO:TaskDispatcher:[+] \u0110ã c\u1eadp nh\u1eadt gi\u1edbi h\u1ea1n lu\u1ed3ng ch\u1ea1y \u0111\u1ed3ng th\u1eddi / 1 proxy thành: 4
INFO:TaskDispatcher:[+] Tài kho\u1ea3n grettacher9487@outlook.com | Tác v\u1ee5 UPDATE_PROFILE \u0111ã \u0111\u01b0\u1ee3c \u0111\u01b0a vào hàng \u0111\u1ee3i.
INFO:TaskDispatcher:[+] Phân b\u1ed5 \u1ea3nh \u0111\u1ea1i di\u1ec7n: 0b7va8w087a0.jpg cho lu\u1ed3ng s\u1ed1 1
INFO:TaskDispatcher:[*] Kh\u1edfi ch\u1ea1y trình duy\u1ec7t cho tài kho\u1ea3n: grettacher9487@outlook.com | Tác v\u1ee5: UPDATE_PROFILE
INFO:PlaywrightAdapter:[*] Da tao profile moi va gan 1 extension: omocaptcha@gmail.com@1.7.7
INFO:     127.0.0.1:56425 - "WebSocket /ws/screens" [accepted]
INFO:WebSocketManager:[+] K\u1ebft n\u1ed1i WebSocket m\u1edbi thi\u1ebft l\u1eadp. T\u1ed5ng k\u1ebft n\u1ed1i: 1
INFO:     connection open
INFO:WebSocketManager:[-] M\u1ed9t k\u1ebft n\u1ed1i WebSocket \u0111ã \u0111óng. T\u1ed5ng k\u1ebft n\u1ed1i: 0
INFO:     connection closed
INFO:     127.0.0.1:56426 - "WebSocket /ws/screens" [accepted]
INFO:WebSocketManager:[+] K\u1ebft n\u1ed1i WebSocket m\u1edbi thi\u1ebft l\u1eadp. T\u1ed5ng k\u1ebft n\u1ed1i: 1
INFO:     connection open
INFO:TaskDispatcher:[+] \u0110ã c\u1eadp nh\u1eadt gi\u1edbi h\u1ea1n lu\u1ed3ng ch\u1ea1y \u0111\u1ed3ng th\u1eddi / 1 proxy thành: 1
INFO:PlaywrightAdapter:[LAUNCH] OK sau 11.8s (lan 1/2).
INFO:PlaywrightAdapter:[HWND] Detected token-owned window HWND=14749276 for this session.
INFO:PlaywrightAdapter:[WINDOW] HWND=14749276 dang CLOAK/OFF-SCREEN.
INFO:PlaywrightAdapter:[EXTENSION] Active: omocaptcha@gmail.com@1.7.7 (signed/configuration verified).
INFO:PlaywrightAdapter:[*] Khoi tao tab moi sach.
INFO:PlaywrightAdapter:[+] Khoi tao browser session (headed-cloaked). Seed: 1867309042 | Proxy: Direct NET
INFO:PlaywrightAdapter:[*] Dieu huong toi https://www.tiktok.com/foryou?lang=en (lan 1, wait=commit)...
INFO:PlaywrightAdapter:[HWND] Stream recovered token-owned HWND=10358188.
INFO:PlaywrightAdapter:[*] Dang doi trang chu TikTok on dinh phien dang nhap...
INFO:PlaywrightAdapter:[+] Xac minh THANH CONG sau 1 giay (Phat hien nav-profile/upload/messages).
INFO:TikTokUpdateProfileUseCase:[+] [Defensive Save] \u0110ã sao l\u01b0u phòng th\u1ee7 Cookies thành công cho spoc1_ka54beas2
INFO:TikTokUpdateProfileUseCase:[+] \u0110ã ch\u1ecdn Bio ng\u1eabu nhiên: 'Lifting heavy things | \u2601\ufe0f Daydreaming | Link below \U0001f447'
INFO:WebSocketManager:[-] M\u1ed9t k\u1ebft n\u1ed1i WebSocket \u0111ã \u0111óng. T\u1ed5ng k\u1ebft n\u1ed1i: 0
INFO:     connection closed
INFO:     127.0.0.1:60252 - "WebSocket /ws/screens" [accepted]
INFO:WebSocketManager:[+] K\u1ebft n\u1ed1i WebSocket m\u1edbi thi\u1ebft l\u1eadp. T\u1ed5ng k\u1ebft n\u1ed1i: 1
INFO:     connection open
INFO:WebSocketManager:[-] M\u1ed9t k\u1ebft n\u1ed1i WebSocket \u0111ã \u0111óng. T\u1ed5ng k\u1ebft n\u1ed1i: 0
INFO:     connection closed
INFO:     127.0.0.1:60253 - "WebSocket /ws/screens" [accepted]
INFO:WebSocketManager:[+] K\u1ebft n\u1ed1i WebSocket m\u1edbi thi\u1ebft l\u1eadp. T\u1ed5ng k\u1ebft n\u1ed1i: 1
INFO:     connection open
ERROR:PlaywrightAdapter:[-] Gap loi khi thao tac cap nhat thong tin ho so: Locator.click: Timeout 30000ms exceeded.
Call log:
  - waiting for locator("[data-e2e=\"nav-profile\"], a[href^=\"/@\"]").first
    - locator resolved to <a tabindex="-1" href="/@?lang=en" data-e2e="nav-profile" class="link-a11y-focus">…</a>
  - attempting click action
    - waiting for element to be visible, enabled and stable
    - element is visible, enabled and stable
    - scrolling into view if needed
    - element is not visible
  - retrying click action
    - waiting for element to be visible, enabled and stable
    - element is visible, enabled and stable
    - scrolling into view if needed
    - done scrolling
    - <div class="css-1x4gp7x-5b89d02d--DivModalMask e1mtsrs52"></div> from <div class="css-1r8oxhk-5b89d02d--DivModalContainer e1mtsrs50">…</div> subtree intercepts pointer events
  - retrying click action
    - waiting 20ms
    2 × waiting for element to be visible, enabled and stable
      - element is visible, enabled and stable
      - scrolling into view if needed
      - done scrolling
      - <div class="css-1x4gp7x-5b89d02d--DivModalMask e1mtsrs52"></div> from <div class="css-1r8oxhk-5b89d02d--DivModalContainer e1mtsrs50">…</div> subtree intercepts pointer events
    - retrying click action
      - waiting 100ms
    13 × waiting for element to be visible, enabled and stable
       - element is visible, enabled and stable
       - scrolling into view if needed
       - element is not visible
     - retrying click action
       - waiting 500ms
       - waiting for element to be visible, enabled and stable
       - element is visible, enabled and stable
       - scrolling into view if needed
       - done scrolling
       - <div class="css-1x4gp7x-5b89d02d--DivModalMask e1mtsrs52"></div> from <div class="css-1r8oxhk-5b89d02d--DivModalContainer e1mtsrs50">…</div> subtree intercepts pointer events
     - retrying click action
       - waiting 500ms
       - waiting for element to be visible, enabled and stable
       - element is visible, enabled and stable
       - scrolling into view if needed
       - done scrolling
       - <div class="css-1x4gp7x-5b89d02d--DivModalMask e1mtsrs52"></div> from <div class="css-1r8oxhk-5b89d02d--DivModalContainer e1mtsrs50">…</div> subtree intercepts pointer events
     - retrying click action
       - waiting 500ms
       - waiting for element to be visible, enabled and stable
       - element is visible, enabled and stable
       - scrolling into view if needed
       - done scrolling
       - <div class="css-1x4gp7x-5b89d02d--DivModalMask e1mtsrs52"></div> from <div class="css-1r8oxhk-5b89d02d--DivModalContainer e1mtsrs50">…</div> subtree intercepts pointer events
     - retrying click action
       - waiting 500ms
    - waiting for element to be visible, enabled and stable
    - element is visible, enabled and stable
    - scrolling into view if needed
    - element is not visible
  - retrying click action
    - waiting 500ms

INFO:PlaywrightAdapter:[+] Da dong phien trinh duyet va giai phong tai nguyen.
INFO:PlaywrightAdapter:[*] Dang don dep ho so tam thoi: C:\Users\Admin\AppData\Local\Temp\tiktok_auto_profiles\temp_1368ab3a-de01-4eac-acfd-73773100c7fb
INFO:WebSocketManager:[-] M\u1ed9t k\u1ebft n\u1ed1i WebSocket \u0111ã \u0111óng. T\u1ed5ng k\u1ebft n\u1ed1i: 0
INFO:     connection closed
INFO:httpx:HTTP Request: GET https://www.tiktok.com/passport/web/account/info/?aid=1459 "HTTP/1.1 200 OK"
INFO:httpx:HTTP Request: GET https://www.tiktok.com/passport/web/account/info/?aid=1459 "HTTP/1.1 200 OK"
INFO:httpx:HTTP Request: GET https://www.tiktok.com/passport/web/account/info/?aid=1459 "HTTP/1.1 200 OK"
INFO:httpx:HTTP Request: GET https://www.tiktok.com/passport/web/account/info/?aid=1459 "HTTP/1.1 200 OK"
INFO:httpx:HTTP Request: GET https://www.tiktok.com/passport/web/account/info/?aid=1459 "HTTP/1.1 200 OK"
INFO:httpx:HTTP Request: GET https://www.tiktok.com/oembed?url=https%3A%2F%2Fwww.tiktok.com%2F%40mos78be68_cau "HTTP/1.1 200 OK"
INFO:httpx:HTTP Request: GET https://www.tiktok.com/oembed?url=https%3A%2F%2Fwww.tiktok.com%2F%40vues12ze77_ra4s "HTTP/1.1 200 OK"
INFO:httpx:HTTP Request: GET https://www.tiktok.com/@voa7glun_tro17c?lang=en "HTTP/1.1 200 OK"
INFO:httpx:HTTP Request: GET https://www.tiktok.com/@fl1ba_stra4st97?lang=en "HTTP/1.1 200 OK"
INFO:httpx:HTTP Request: GET https://www.tiktok.com/oembed?url=https%3A%2F%2Fwww.tiktok.com%2F%40sp5pl_cho9sn5 "HTTP/1.1 200 OK"
INFO:httpx:HTTP Request: GET https://www.tiktok.com/oembed?url=https%3A%2F%2Fwww.tiktok.com%2F%40bren49_ki63 "HTTP/1.1 200 OK"
INFO:QuickHealthCheck:[+] Check nhanh TikTok xong: 7/7, alive=7, dead=0, inconclusive=0, reasons={'tiktok_account_info': 1, 'tiktok_oembed': 4, 'tiktok_user_info': 2}
INFO:TaskDispatcher:[+] \u0110ã c\u1eadp nh\u1eadt gi\u1edbi h\u1ea1n lu\u1ed3ng ch\u1ea1y \u0111\u1ed3ng th\u1eddi / 1 proxy thành: 8
INFO:TaskDispatcher:[+] \u0110ã c\u1eadp nh\u1eadt gi\u1edbi h\u1ea1n lu\u1ed3ng ch\u1ea1y \u0111\u1ed3ng th\u1eddi / 1 proxy thành: 8
INFO:TaskDispatcher:[+] Tài kho\u1ea3n albasholl14165@outlook.com | Tác v\u1ee5 UPDATE_PROFILE \u0111ã \u0111\u01b0\u1ee3c \u0111\u01b0a vào hàng \u0111\u1ee3i.
INFO:TaskDispatcher:[+] Tài kho\u1ea3n braelynzackary68971@outlook.com | Tác v\u1ee5 UPDATE_PROFILE \u0111ã \u0111\u01b0\u1ee3c \u0111\u01b0a vào hàng \u0111\u1ee3i.
INFO:TaskDispatcher:[+] Tài kho\u1ea3n gastonades819735@outlook.com | Tác v\u1ee5 UPDATE_PROFILE \u0111ã \u0111\u01b0\u1ee3c \u0111\u01b0a vào hàng \u0111\u1ee3i.
INFO:TaskDispatcher:[+] Tài kho\u1ea3n karolloprinzi5243@outlook.com | Tác v\u1ee5 UPDATE_PROFILE \u0111ã \u0111\u01b0\u1ee3c \u0111\u01b0a vào hàng \u0111\u1ee3i.
INFO:TaskDispatcher:[+] Tài kho\u1ea3n hilliardassadourian2187@outlook.com | Tác v\u1ee5 UPDATE_PROFILE \u0111ã \u0111\u01b0\u1ee3c \u0111\u01b0a vào hàng \u0111\u1ee3i.
INFO:TaskDispatcher:[+] Tài kho\u1ea3n artiemenk807647@outlook.com | Tác v\u1ee5 UPDATE_PROFILE \u0111ã \u0111\u01b0\u1ee3c \u0111\u01b0a vào hàng \u0111\u1ee3i.
INFO:TaskDispatcher:[+] Tài kho\u1ea3n geroldmacwilliam04838@outlook.com | Tác v\u1ee5 UPDATE_PROFILE \u0111ã \u0111\u01b0\u1ee3c \u0111\u01b0a vào hàng \u0111\u1ee3i.
INFO:TaskDispatcher:[+] Phân b\u1ed5 \u1ea3nh \u0111\u1ea1i di\u1ec7n: 0l0s9efkyqki.jpg cho lu\u1ed3ng s\u1ed1 2
INFO:TaskDispatcher:[+] Phân b\u1ed5 \u1ea3nh \u0111\u1ea1i di\u1ec7n: 0wfpv7hwbug4.jpg cho lu\u1ed3ng s\u1ed1 3
INFO:TaskDispatcher:[+] Phân b\u1ed5 \u1ea3nh \u0111\u1ea1i di\u1ec7n: 12dkhrix4ifg.jpg cho lu\u1ed3ng s\u1ed1 4
INFO:TaskDispatcher:[+] Phân b\u1ed5 \u1ea3nh \u0111\u1ea1i di\u1ec7n: 1eyf5frvz9gk.jpg cho lu\u1ed3ng s\u1ed1 5
INFO:TaskDispatcher:[+] Phân b\u1ed5 \u1ea3nh \u0111\u1ea1i di\u1ec7n: 3g47szi6ul9e.jpg cho lu\u1ed3ng s\u1ed1 6
INFO:TaskDispatcher:[*] Kh\u1edfi ch\u1ea1y trình duy\u1ec7t cho tài kho\u1ea3n: albasholl14165@outlook.com | Tác v\u1ee5: UPDATE_PROFILE
INFO:TaskDispatcher:[*] Kh\u1edfi ch\u1ea1y trình duy\u1ec7t cho tài kho\u1ea3n: braelynzackary68971@outlook.com | Tác v\u1ee5: UPDATE_PROFILE
INFO:TaskDispatcher:[*] Kh\u1edfi ch\u1ea1y trình duy\u1ec7t cho tài kho\u1ea3n: gastonades819735@outlook.com | Tác v\u1ee5: UPDATE_PROFILE
INFO:TaskDispatcher:[*] Kh\u1edfi ch\u1ea1y trình duy\u1ec7t cho tài kho\u1ea3n: karolloprinzi5243@outlook.com | Tác v\u1ee5: UPDATE_PROFILE
INFO:PlaywrightAdapter:[*] Da tao profile moi va gan 1 extension: omocaptcha@gmail.com@1.7.7
INFO:     127.0.0.1:61641 - "WebSocket /ws/screens" [accepted]
INFO:WebSocketManager:[+] K\u1ebft n\u1ed1i WebSocket m\u1edbi thi\u1ebft l\u1eadp. T\u1ed5ng k\u1ebft n\u1ed1i: 1
INFO:     connection open
INFO:WebSocketManager:[-] M\u1ed9t k\u1ebft n\u1ed1i WebSocket \u0111ã \u0111óng. T\u1ed5ng k\u1ebft n\u1ed1i: 0
INFO:     connection closed
INFO:     127.0.0.1:61642 - "WebSocket /ws/screens" [accepted]
INFO:WebSocketManager:[+] K\u1ebft n\u1ed1i WebSocket m\u1edbi thi\u1ebft l\u1eadp. T\u1ed5ng k\u1ebft n\u1ed1i: 1
INFO:     connection open
INFO:PlaywrightAdapter:[*] Da tao profile moi va gan 1 extension: omocaptcha@gmail.com@1.7.7
INFO:PlaywrightAdapter:[LAUNCH] OK sau 12.6s (lan 1/2).
INFO:PlaywrightAdapter:[HWND] Detected token-owned window HWND=42667510 for this session.
INFO:PlaywrightAdapter:[WINDOW] HWND=42667510 dang CLOAK/OFF-SCREEN.
INFO:PlaywrightAdapter:[EXTENSION] Active: omocaptcha@gmail.com@1.7.7 (signed/configuration verified).
INFO:PlaywrightAdapter:[*] Khoi tao tab moi sach.
INFO:PlaywrightAdapter:[+] Khoi tao browser session (headed-cloaked). Seed: 802180538 | Proxy: Direct NET
INFO:PlaywrightAdapter:[*] Dieu huong toi https://www.tiktok.com/foryou?lang=en (lan 1, wait=commit)...
INFO:PlaywrightAdapter:[*] Da tao profile moi va gan 1 extension: omocaptcha@gmail.com@1.7.7
INFO:PlaywrightAdapter:[HWND] Stream recovered token-owned HWND=8585442.
INFO:PlaywrightAdapter:[LAUNCH] OK sau 20.6s (lan 1/2).
INFO:PlaywrightAdapter:[LAUNCH] OK sau 19.8s (lan 1/2).
INFO:PlaywrightAdapter:[HWND] Detected token-owned window HWND=22351202 for this session.
INFO:PlaywrightAdapter:[WINDOW] HWND=22351202 dang CLOAK/OFF-SCREEN.
INFO:PlaywrightAdapter:[HWND] Detected token-owned window HWND=9965080 for this session.
INFO:PlaywrightAdapter:[WINDOW] HWND=9965080 dang CLOAK/OFF-SCREEN.
INFO:PlaywrightAdapter:[EXTENSION] Active: omocaptcha@gmail.com@1.7.7 (signed/configuration verified).
INFO:PlaywrightAdapter:[HWND] Stream recovered token-owned HWND=177409426.
INFO:PlaywrightAdapter:[*] Khoi tao tab moi sach.
INFO:PlaywrightAdapter:[+] Khoi tao browser session (headed-cloaked). Seed: 2040168487 | Proxy: Direct NET
INFO:PlaywrightAdapter:[*] Dieu huong toi https://www.tiktok.com/foryou?lang=en (lan 1, wait=commit)...
INFO:PlaywrightAdapter:[*] Da tao profile moi va gan 1 extension: omocaptcha@gmail.com@1.7.7
INFO:PlaywrightAdapter:[EXTENSION] Active: omocaptcha@gmail.com@1.7.7 (signed/configuration verified).
INFO:PlaywrightAdapter:[*] Khoi tao tab moi sach.
INFO:PlaywrightAdapter:[+] Khoi tao browser session (headed-cloaked). Seed: 853279391 | Proxy: Direct NET
INFO:PlaywrightAdapter:[*] Dieu huong toi https://www.tiktok.com/foryou?lang=en (lan 1, wait=commit)...
INFO:PlaywrightAdapter:[HWND] Stream recovered token-owned HWND=7015872.
INFO:PlaywrightAdapter:[*] Dieu huong toi https://www.tiktok.com/foryou?lang=en (lan 1, wait=commit)...
INFO:PlaywrightAdapter:[*] Dieu huong toi https://www.tiktok.com/foryou?lang=en (lan 1, wait=commit)...
INFO:PlaywrightAdapter:[*] Dang doi trang chu TikTok on dinh phien dang nhap...
INFO:PlaywrightAdapter:[*] Dang doi trang chu TikTok on dinh phien dang nhap...
INFO:PlaywrightAdapter:[+] Xac minh THANH CONG sau 4 giay (Phat hien nav-profile/upload/messages).
INFO:TikTokUpdateProfileUseCase:[+] [Defensive Save] \u0110ã sao l\u01b0u phòng th\u1ee7 Cookies thành công cho voa7glun_tro17c
INFO:TikTokUpdateProfileUseCase:[+] \u0110ã ch\u1ecdn Bio ng\u1eabu nhiên: 'Methodology matters | \u26a1 High energy | Living in the moment.'
INFO:PlaywrightAdapter:[LAUNCH] OK sau 17.2s (lan 1/2).
INFO:PlaywrightAdapter:[+] Xac minh THANH CONG sau 4 giay (Phat hien nav-profile/upload/messages).
INFO:TikTokUpdateProfileUseCase:[+] [Defensive Save] \u0110ã sao l\u01b0u phòng th\u1ee7 Cookies thành công cho swi5_zue5blay56
INFO:TikTokUpdateProfileUseCase:[+] \u0110ã ch\u1ecdn Bio ng\u1eabu nhiên: 'Do not disturb | \U0001f377 Sip & smile | Here for a good time.'
INFO:PlaywrightAdapter:[HWND] Detected token-owned window HWND=20057308 for this session.
INFO:PlaywrightAdapter:[WINDOW] HWND=20057308 dang CLOAK/OFF-SCREEN.
INFO:PlaywrightAdapter:[EXTENSION] Active: omocaptcha@gmail.com@1.7.7 (signed/configuration verified).
INFO:PlaywrightAdapter:[HWND] Stream recovered token-owned HWND=23725990.
INFO:PlaywrightAdapter:[*] Khoi tao tab moi sach.
INFO:PlaywrightAdapter:[+] Khoi tao browser session (headed-cloaked). Seed: 2064905685 | Proxy: Direct NET
INFO:PlaywrightAdapter:[*] Dieu huong toi https://www.tiktok.com/foryou?lang=en (lan 1, wait=commit)...
INFO:PlaywrightAdapter:[*] Dieu huong toi https://www.tiktok.com/foryou?lang=en (lan 1, wait=commit)...
INFO:PlaywrightAdapter:[*] Dang doi trang chu TikTok on dinh phien dang nhap...
INFO:PlaywrightAdapter:[+] Xac minh THANH CONG sau 6 giay (Phat hien nav-profile/upload/messages).
INFO:TikTokUpdateProfileUseCase:[+] [Defensive Save] \u0110ã sao l\u01b0u phòng th\u1ee7 Cookies thành công cho fl1ba_stra4st97
INFO:TikTokUpdateProfileUseCase:[+] \u0110ã ch\u1ecdn Bio ng\u1eabu nhiên: 'Capturing light | \U0001f525 Unstoppable | Here for a good time.'
INFO:PlaywrightAdapter:[+] Da gan file avatar bang native chooser an.
INFO:PlaywrightAdapter:[+] Tim thay nut xac nhan hop le: 'button:has-text("Apply")'
WARNING:PlaywrightAdapter:[-] Click gia lap that bai o lan thu 1: Locator.click: Element is not visible
Call log:
  - waiting for locator("button:has-text(\"Apply\")").first
    - locator resolved to <button type="button" class="ef1kawg9 css-s03j95-7937d88b--Button-7937d88b--StyledBtn ebef5j00">Apply</button>
  - attempting click action
    - scrolling into view if needed
. Dang thu Dispatch Event...
INFO:PlaywrightAdapter:[+] Da nhan Apply thanh cong o lan thu 1 bang Dispatch Event.
INFO:PlaywrightAdapter:[+] Cap nhat avatar vao form thanh cong.
INFO:PlaywrightAdapter:[Username] web='swi5_zue5blay56' | db='swi5_zue5blay56'
ERROR:PlaywrightAdapter:[-] Gap loi khi thao tac cap nhat thong tin ho so: Locator.wait_for: Timeout 20000ms exceeded.
Call log:
  - waiting for locator("[data-e2e=\"edit-profile-entrance\"], button:has-text(\"Edit profile\")").first to be visible

INFO:httpx:HTTP Request: POST https://login.microsoftonline.com/consumers/oauth2/v2.0/token "HTTP/1.1 200 OK"
INFO:EmailServiceFactory:[Email] Da luu refresh_token MOI cho albasholl14165@outlook.com (Microsoft xoay token).
INFO:MSGraphEmailService:[Graph] Lay access_token OK cho albasholl14165@outlook.com (scope='https://graph.microsoft.com/Mail.Read').
INFO:PlaywrightAdapter:[+] Da dong phien trinh duyet va giai phong tai nguyen.
INFO:PlaywrightAdapter:[*] Dang don dep ho so tam thoi: C:\Users\Admin\AppData\Local\Temp\tiktok_auto_profiles\temp_80dbfecd-8506-4591-93f4-1412c17311f1
INFO:TaskDispatcher:[+] Phân b\u1ed5 \u1ea3nh \u0111\u1ea1i di\u1ec7n: 3zrqvzdirxd9.jpg cho lu\u1ed3ng s\u1ed1 7
INFO:TaskDispatcher:[*] Kh\u1edfi ch\u1ea1y trình duy\u1ec7t cho tài kho\u1ea3n: hilliardassadourian2187@outlook.com | Tác v\u1ee5: UPDATE_PROFILE
INFO:PlaywrightAdapter:[*] Da tao profile moi va gan 1 extension: omocaptcha@gmail.com@1.7.7
INFO:httpx:HTTP Request: GET https://graph.microsoft.com/v1.0/me/mailFolders/inbox/messages?%24top=15&%24select=subject%2CbodyPreview%2CreceivedDateTime%2Cfrom&%24orderby=receivedDateTime+desc "HTTP/1.1 200 OK"
INFO:httpx:HTTP Request: GET https://graph.microsoft.com/v1.0/me/mailFolders/junkemail/messages?%24top=15&%24select=subject%2CbodyPreview%2CreceivedDateTime%2Cfrom&%24orderby=receivedDateTime+desc "HTTP/1.1 200 OK"
INFO:MSGraphEmailService:[Graph] Lay OTP MOI thanh cong: 698776 (mail luc 2026-08-28T06:17:00+00:00).
INFO:PlaywrightAdapter:[+] Da nhan Save thanh cong bang dispatch_event.
INFO:PlaywrightAdapter:[LAUNCH] OK sau 15.5s (lan 1/2).
ERROR:PlaywrightAdapter:[-] Gap loi khi thao tac cap nhat thong tin ho so: Locator.wait_for: Timeout 20000ms exceeded.
Call log:
  - waiting for locator("[data-e2e=\"edit-profile-entrance\"], button:has-text(\"Edit profile\")").first to be visible

INFO:PlaywrightAdapter:[HWND] Detected token-owned window HWND=29101420 for this session.
INFO:PlaywrightAdapter:[WINDOW] HWND=29101420 dang CLOAK/OFF-SCREEN.
INFO:PlaywrightAdapter:[EXTENSION] Active: omocaptcha@gmail.com@1.7.7 (signed/configuration verified).
INFO:PlaywrightAdapter:[*] Khoi tao tab moi sach.
INFO:PlaywrightAdapter:[+] Khoi tao browser session (headed-cloaked). Seed: 639418549 | Proxy: Direct NET
INFO:PlaywrightAdapter:[*] Dieu huong toi https://www.tiktok.com/foryou?lang=en (lan 1, wait=commit)...
INFO:PlaywrightAdapter:[HWND] Stream recovered token-owned HWND=10816858.
INFO:PlaywrightAdapter:[+] Da dong phien trinh duyet va giai phong tai nguyen.
INFO:PlaywrightAdapter:[*] Dang don dep ho so tam thoi: C:\Users\Admin\AppData\Local\Temp\tiktok_auto_profiles\temp_eea1492b-22c1-40d9-a001-87e94dad2236
INFO:PlaywrightAdapter:[+] Da dong phien trinh duyet va giai phong tai nguyen.
INFO:PlaywrightAdapter:[*] Dang don dep ho so tam thoi: C:\Users\Admin\AppData\Local\Temp\tiktok_auto_profiles\temp_75a212cc-fce3-4ab6-be53-63f277ed1c7a
INFO:PlaywrightAdapter:[*] Dieu huong toi https://www.tiktok.com/foryou?lang=en (lan 1, wait=commit)...
INFO:PlaywrightAdapter:[*] Dang doi trang chu TikTok on dinh phien dang nhap...
INFO:TaskDispatcher:[+] Phân b\u1ed5 \u1ea3nh \u0111\u1ea1i di\u1ec7n: 48vpaac7dxmh.jpg cho lu\u1ed3ng s\u1ed1 8
INFO:TaskDispatcher:[*] Kh\u1edfi ch\u1ea1y trình duy\u1ec7t cho tài kho\u1ea3n: artiemenk807647@outlook.com | Tác v\u1ee5: UPDATE_PROFILE
INFO:PlaywrightAdapter:[*] Da tao profile moi va gan 1 extension: omocaptcha@gmail.com@1.7.7
INFO:TaskDispatcher:[*] Kh\u1edfi ch\u1ea1y trình duy\u1ec7t cho tài kho\u1ea3n: geroldmacwilliam04838@outlook.com | Tác v\u1ee5: UPDATE_PROFILE
INFO:PlaywrightAdapter:[*] Dang doi trang chu TikTok on dinh phien dang nhap...
INFO:PlaywrightAdapter:[+] Xac minh THANH CONG sau 1 giay (Phat hien nav-profile/upload/messages).
INFO:TikTokUpdateProfileUseCase:[+] [Defensive Save] \u0110ã sao l\u01b0u phòng th\u1ee7 Cookies thành công cho mos78be68_cau
INFO:TikTokUpdateProfileUseCase:[+] \u0110ã ch\u1ecdn Bio ng\u1eabu nhiên: 'Mind over muscles | \U0001f525 Unstoppable | Be kind.'
INFO:PlaywrightAdapter:[+] Xac minh THANH CONG sau 4 giay (Phat hien nav-profile/upload/messages).
INFO:TikTokUpdateProfileUseCase:[+] [Defensive Save] \u0110ã sao l\u01b0u phòng th\u1ee7 Cookies thành công cho sp5pl_cho9sn5
INFO:TikTokUpdateProfileUseCase:[+] \u0110ã ch\u1ecdn Bio ng\u1eabu nhiên: 'Rainy days & coffee | \U0001f5a4 Catching feelings | Making history.'
INFO:PlaywrightAdapter:[LAUNCH] OK sau 14.8s (lan 1/2).
INFO:PlaywrightAdapter:[*] Da tao profile moi va gan 1 extension: omocaptcha@gmail.com@1.7.7
INFO:PlaywrightAdapter:[HWND] Detected token-owned window HWND=26610376 for this session.
INFO:PlaywrightAdapter:[WINDOW] HWND=26610376 dang CLOAK/OFF-SCREEN.
INFO:PlaywrightAdapter:[EXTENSION] Active: omocaptcha@gmail.com@1.7.7 (signed/configuration verified).
INFO:PlaywrightAdapter:[HWND] Stream recovered token-owned HWND=27331628.
INFO:PlaywrightAdapter:[*] Khoi tao tab moi sach.
INFO:PlaywrightAdapter:[+] Khoi tao browser session (headed-cloaked). Seed: 1393712355 | Proxy: Direct NET
INFO:PlaywrightAdapter:[*] Dieu huong toi https://www.tiktok.com/foryou?lang=en (lan 1, wait=commit)...
INFO:PlaywrightAdapter:[*] Dieu huong toi https://www.tiktok.com/foryou?lang=en (lan 1, wait=commit)...
INFO:PlaywrightAdapter:[*] Dang doi trang chu TikTok on dinh phien dang nhap...
INFO:PlaywrightAdapter:[+] Da gan file avatar bang native chooser an.
INFO:PlaywrightAdapter:[LAUNCH] OK sau 15.0s (lan 1/2).
INFO:PlaywrightAdapter:[+] Tim thay nut xac nhan hop le: 'button:has-text("Apply")'
INFO:PlaywrightAdapter:[+] Xac minh THANH CONG sau 5 giay (Phat hien nav-profile/upload/messages).
INFO:TikTokUpdateProfileUseCase:[+] [Defensive Save] \u0110ã sao l\u01b0u phòng th\u1ee7 Cookies thành công cho bren49_ki63
INFO:TikTokUpdateProfileUseCase:[+] \u0110ã ch\u1ecdn Bio ng\u1eabu nhiên: 'Seeking truth in a noisy world | \U0001f5a4 Catching feelings | Follow the journey.'
INFO:PlaywrightAdapter:[HWND] Detected token-owned window HWND=15404522 for this session.
INFO:PlaywrightAdapter:[WINDOW] HWND=15404522 dang CLOAK/OFF-SCREEN.
INFO:PlaywrightAdapter:[EXTENSION] Active: omocaptcha@gmail.com@1.7.7 (signed/configuration verified).
INFO:PlaywrightAdapter:[*] Khoi tao tab moi sach.
INFO:PlaywrightAdapter:[+] Khoi tao browser session (headed-cloaked). Seed: 1920244745 | Proxy: Direct NET
INFO:PlaywrightAdapter:[*] Dieu huong toi https://www.tiktok.com/foryou?lang=en (lan 1, wait=commit)...
WARNING:PlaywrightAdapter:[-] Click gia lap that bai o lan thu 1: Locator.click: Element is not visible
Call log:
  - waiting for locator("button:has-text(\"Apply\")").first
    - locator resolved to <button type="button" class="ef1kawg9 css-s03j95-7937d88b--Button-7937d88b--StyledBtn ebef5j00">Apply</button>
  - attempting click action
    - scrolling into view if needed
. Dang thu Dispatch Event...
INFO:PlaywrightAdapter:[+] Da nhan Apply thanh cong o lan thu 1 bang Dispatch Event.
INFO:PlaywrightAdapter:[HWND] Stream recovered token-owned HWND=8522082.
INFO:PlaywrightAdapter:[+] Cap nhat avatar vao form thanh cong.
INFO:PlaywrightAdapter:[Username] web='mos78be68_cau' | db='mos78be68_cau'
ERROR:PlaywrightAdapter:[-] Gap loi khi thao tac cap nhat thong tin ho so: Locator.wait_for: Timeout 20000ms exceeded.
Call log:
  - waiting for locator("[data-e2e=\"edit-profile-entrance\"], button:has-text(\"Edit profile\")").first to be visible

INFO:PlaywrightAdapter:[+] Da dong phien trinh duyet va giai phong tai nguyen.
INFO:PlaywrightAdapter:[*] Dang don dep ho so tam thoi: C:\Users\Admin\AppData\Local\Temp\tiktok_auto_profiles\temp_37364e53-dfd1-467d-b66e-cae16c4f3ea0
INFO:PlaywrightAdapter:[+] Da nhan Save thanh cong bang dispatch_event.
INFO:PlaywrightAdapter:[+] Da dong phien trinh duyet va giai phong tai nguyen.
INFO:PlaywrightAdapter:[*] Dang don dep ho so tam thoi: C:\Users\Admin\AppData\Local\Temp\tiktok_auto_profiles\temp_9b531e66-0ad5-47ca-b786-132cf927454b
ERROR:PlaywrightAdapter:[-] Gap loi khi thao tac cap nhat thong tin ho so: Locator.wait_for: Timeout 20000ms exceeded.
Call log:
  - waiting for locator("[data-e2e=\"edit-profile-entrance\"], button:has-text(\"Edit profile\")").first to be visible

INFO:PlaywrightAdapter:[+] Da dong phien trinh duyet va giai phong tai nguyen.
INFO:PlaywrightAdapter:[*] Dang don dep ho so tam thoi: C:\Users\Admin\AppData\Local\Temp\tiktok_auto_profiles\temp_4a8035de-e811-4b89-813c-6a2b2c7a7210
INFO:httpx:HTTP Request: POST https://login.microsoftonline.com/consumers/oauth2/v2.0/token "HTTP/1.1 200 OK"
INFO:EmailServiceFactory:[Email] Da luu refresh_token MOI cho geroldmacwilliam04838@outlook.com (Microsoft xoay token).
INFO:MSGraphEmailService:[Graph] Lay access_token OK cho geroldmacwilliam04838@outlook.com (scope='https://graph.microsoft.com/Mail.Read').
INFO:httpx:HTTP Request: GET https://graph.microsoft.com/v1.0/me/mailFolders/inbox/messages?%24top=15&%24select=subject%2CbodyPreview%2CreceivedDateTime%2Cfrom&%24orderby=receivedDateTime+desc "HTTP/1.1 200 OK"
INFO:httpx:HTTP Request: GET https://graph.microsoft.com/v1.0/me/mailFolders/junkemail/messages?%24top=15&%24select=subject%2CbodyPreview%2CreceivedDateTime%2Cfrom&%24orderby=receivedDateTime+desc "HTTP/1.1 200 OK"
INFO:MSGraphEmailService:[Graph] Chua thay ma moi cho geroldmacwilliam04838@outlook.com (lan 1/15) - doi mail...
INFO:httpx:HTTP Request: GET https://graph.microsoft.com/v1.0/me/mailFolders/inbox/messages?%24top=15&%24select=subject%2CbodyPreview%2CreceivedDateTime%2Cfrom&%24orderby=receivedDateTime+desc "HTTP/1.1 200 OK"
INFO:httpx:HTTP Request: GET https://graph.microsoft.com/v1.0/me/mailFolders/junkemail/messages?%24top=15&%24select=subject%2CbodyPreview%2CreceivedDateTime%2Cfrom&%24orderby=receivedDateTime+desc "HTTP/1.1 200 OK"
INFO:MSGraphEmailService:[Graph] Chua thay ma moi cho geroldmacwilliam04838@outlook.com (lan 2/15) - doi mail...
INFO:httpx:HTTP Request: GET https://graph.microsoft.com/v1.0/me/mailFolders/inbox/messages?%24top=15&%24select=subject%2CbodyPreview%2CreceivedDateTime%2Cfrom&%24orderby=receivedDateTime+desc "HTTP/1.1 200 OK"
INFO:httpx:HTTP Request: GET https://graph.microsoft.com/v1.0/me/mailFolders/junkemail/messages?%24top=15&%24select=subject%2CbodyPreview%2CreceivedDateTime%2Cfrom&%24orderby=receivedDateTime+desc "HTTP/1.1 200 OK"
INFO:MSGraphEmailService:[Graph] Chua thay ma moi cho geroldmacwilliam04838@outlook.com (lan 3/15) - doi mail...
INFO:httpx:HTTP Request: GET https://graph.microsoft.com/v1.0/me/mailFolders/inbox/messages?%24top=15&%24select=subject%2CbodyPreview%2CreceivedDateTime%2Cfrom&%24orderby=receivedDateTime+desc "HTTP/1.1 200 OK"
INFO:httpx:HTTP Request: GET https://graph.microsoft.com/v1.0/me/mailFolders/junkemail/messages?%24top=15&%24select=subject%2CbodyPreview%2CreceivedDateTime%2Cfrom&%24orderby=receivedDateTime+desc "HTTP/1.1 200 OK"
INFO:MSGraphEmailService:[Graph] Chua thay ma moi cho geroldmacwilliam04838@outlook.com (lan 4/15) - doi mail...
INFO:httpx:HTTP Request: GET https://graph.microsoft.com/v1.0/me/mailFolders/inbox/messages?%24top=15&%24select=subject%2CbodyPreview%2CreceivedDateTime%2Cfrom&%24orderby=receivedDateTime+desc "HTTP/1.1 200 OK"
INFO:httpx:HTTP Request: GET https://graph.microsoft.com/v1.0/me/mailFolders/junkemail/messages?%24top=15&%24select=subject%2CbodyPreview%2CreceivedDateTime%2Cfrom&%24orderby=receivedDateTime+desc "HTTP/1.1 200 OK"
INFO:MSGraphEmailService:[Graph] Chua thay ma moi cho geroldmacwilliam04838@outlook.com (lan 5/15) - doi mail...
INFO:httpx:HTTP Request: GET https://graph.microsoft.com/v1.0/me/mailFolders/inbox/messages?%24top=15&%24select=subject%2CbodyPreview%2CreceivedDateTime%2Cfrom&%24orderby=receivedDateTime+desc "HTTP/1.1 200 OK"
INFO:httpx:HTTP Request: GET https://graph.microsoft.com/v1.0/me/mailFolders/junkemail/messages?%24top=15&%24select=subject%2CbodyPreview%2CreceivedDateTime%2Cfrom&%24orderby=receivedDateTime+desc "HTTP/1.1 200 OK"
INFO:MSGraphEmailService:[Graph] Chua thay ma moi cho geroldmacwilliam04838@outlook.com (lan 6/15) - doi mail...
INFO:httpx:HTTP Request: GET https://graph.microsoft.com/v1.0/me/mailFolders/inbox/messages?%24top=15&%24select=subject%2CbodyPreview%2CreceivedDateTime%2Cfrom&%24orderby=receivedDateTime+desc "HTTP/1.1 200 OK"
INFO:httpx:HTTP Request: GET https://graph.microsoft.com/v1.0/me/mailFolders/junkemail/messages?%24top=15&%24select=subject%2CbodyPreview%2CreceivedDateTime%2Cfrom&%24orderby=receivedDateTime+desc "HTTP/1.1 200 OK"
INFO:MSGraphEmailService:[Graph] Chua thay ma moi cho geroldmacwilliam04838@outlook.com (lan 7/15) - doi mail...
INFO:httpx:HTTP Request: GET https://graph.microsoft.com/v1.0/me/mailFolders/inbox/messages?%24top=15&%24select=subject%2CbodyPreview%2CreceivedDateTime%2Cfrom&%24orderby=receivedDateTime+desc "HTTP/1.1 200 OK"
INFO:httpx:HTTP Request: GET https://graph.microsoft.com/v1.0/me/mailFolders/junkemail/messages?%24top=15&%24select=subject%2CbodyPreview%2CreceivedDateTime%2Cfrom&%24orderby=receivedDateTime+desc "HTTP/1.1 200 OK"
INFO:MSGraphEmailService:[Graph] Chua thay ma moi cho geroldmacwilliam04838@outlook.com (lan 8/15) - doi mail...
INFO:httpx:HTTP Request: GET https://graph.microsoft.com/v1.0/me/mailFolders/inbox/messages?%24top=15&%24select=subject%2CbodyPreview%2CreceivedDateTime%2Cfrom&%24orderby=receivedDateTime+desc "HTTP/1.1 200 OK"
INFO:httpx:HTTP Request: GET https://graph.microsoft.com/v1.0/me/mailFolders/junkemail/messages?%24top=15&%24select=subject%2CbodyPreview%2CreceivedDateTime%2Cfrom&%24orderby=receivedDateTime+desc "HTTP/1.1 200 OK"
INFO:MSGraphEmailService:[Graph] Chua thay ma moi cho geroldmacwilliam04838@outlook.com (lan 9/15) - doi mail...
INFO:WebSocketManager:[-] M\u1ed9t k\u1ebft n\u1ed1i WebSocket \u0111ã \u0111óng. T\u1ed5ng k\u1ebft n\u1ed1i: 0
INFO:     connection closed
INFO:httpx:HTTP Request: GET https://graph.microsoft.com/v1.0/me/mailFolders/inbox/messages?%24top=15&%24select=subject%2CbodyPreview%2CreceivedDateTime%2Cfrom&%24orderby=receivedDateTime+desc "HTTP/1.1 200 OK"
INFO:httpx:HTTP Request: GET https://graph.microsoft.com/v1.0/me/mailFolders/junkemail/messages?%24top=15&%24select=subject%2CbodyPreview%2CreceivedDateTime%2Cfrom&%24orderby=receivedDateTime+desc "HTTP/1.1 200 OK"
INFO:MSGraphEmailService:[Graph] Chua thay ma moi cho geroldmacwilliam04838@outlook.com (lan 10/15) - doi mail...
INFO:     127.0.0.1:55159 - "WebSocket /ws/screens" [accepted]
INFO:WebSocketManager:[+] K\u1ebft n\u1ed1i WebSocket m\u1edbi thi\u1ebft l\u1eadp. T\u1ed5ng k\u1ebft n\u1ed1i: 1
INFO:     connection open
INFO:     127.0.0.1:55179 - "WebSocket /ws/screens" [accepted]
INFO:WebSocketManager:[+] K\u1ebft n\u1ed1i WebSocket m\u1edbi thi\u1ebft l\u1eadp. T\u1ed5ng k\u1ebft n\u1ed1i: 2
INFO:     connection open
INFO:WebSocketManager:[-] M\u1ed9t k\u1ebft n\u1ed1i WebSocket \u0111ã \u0111óng. T\u1ed5ng k\u1ebft n\u1ed1i: 1
INFO:     connection closed
INFO:httpx:HTTP Request: GET https://graph.microsoft.com/v1.0/me/mailFolders/inbox/messages?%24top=15&%24select=subject%2CbodyPreview%2CreceivedDateTime%2Cfrom&%24orderby=receivedDateTime+desc "HTTP/1.1 200 OK"
INFO:httpx:HTTP Request: GET https://graph.microsoft.com/v1.0/me/mailFolders/junkemail/messages?%24top=15&%24select=subject%2CbodyPreview%2CreceivedDateTime%2Cfrom&%24orderby=receivedDateTime+desc "HTTP/1.1 200 OK"
INFO:MSGraphEmailService:[Graph] Chua thay ma moi cho geroldmacwilliam04838@outlook.com (lan 11/15) - doi mail...
INFO:httpx:HTTP Request: GET https://graph.microsoft.com/v1.0/me/mailFolders/inbox/messages?%24top=15&%24select=subject%2CbodyPreview%2CreceivedDateTime%2Cfrom&%24orderby=receivedDateTime+desc "HTTP/1.1 200 OK"
INFO:httpx:HTTP Request: GET https://graph.microsoft.com/v1.0/me/mailFolders/junkemail/messages?%24top=15&%24select=subject%2CbodyPreview%2CreceivedDateTime%2Cfrom&%24orderby=receivedDateTime+desc "HTTP/1.1 200 OK"
INFO:MSGraphEmailService:[Graph] Chua thay ma moi cho geroldmacwilliam04838@outlook.com (lan 12/15) - doi mail...
INFO:httpx:HTTP Request: GET https://graph.microsoft.com/v1.0/me/mailFolders/inbox/messages?%24top=15&%24select=subject%2CbodyPreview%2CreceivedDateTime%2Cfrom&%24orderby=receivedDateTime+desc "HTTP/1.1 200 OK"
INFO:httpx:HTTP Request: GET https://graph.microsoft.com/v1.0/me/mailFolders/junkemail/messages?%24top=15&%24select=subject%2CbodyPreview%2CreceivedDateTime%2Cfrom&%24orderby=receivedDateTime+desc "HTTP/1.1 200 OK"
INFO:MSGraphEmailService:[Graph] Chua thay ma moi cho geroldmacwilliam04838@outlook.com (lan 13/15) - doi mail...
INFO:httpx:HTTP Request: GET https://graph.microsoft.com/v1.0/me/mailFolders/inbox/messages?%24top=15&%24select=subject%2CbodyPreview%2CreceivedDateTime%2Cfrom&%24orderby=receivedDateTime+desc "HTTP/1.1 200 OK"
INFO:httpx:HTTP Request: GET https://graph.microsoft.com/v1.0/me/mailFolders/junkemail/messages?%24top=15&%24select=subject%2CbodyPreview%2CreceivedDateTime%2Cfrom&%24orderby=receivedDateTime+desc "HTTP/1.1 200 OK"
INFO:MSGraphEmailService:[Graph] Chua thay ma moi cho geroldmacwilliam04838@outlook.com (lan 14/15) - doi mail...
INFO:httpx:HTTP Request: GET https://graph.microsoft.com/v1.0/me/mailFolders/inbox/messages?%24top=15&%24select=subject%2CbodyPreview%2CreceivedDateTime%2Cfrom&%24orderby=receivedDateTime+desc "HTTP/1.1 200 OK"
INFO:httpx:HTTP Request: GET https://graph.microsoft.com/v1.0/me/mailFolders/junkemail/messages?%24top=15&%24select=subject%2CbodyPreview%2CreceivedDateTime%2Cfrom&%24orderby=receivedDateTime+desc "HTTP/1.1 200 OK"
INFO:MSGraphEmailService:[Graph] Chua thay ma moi cho geroldmacwilliam04838@outlook.com (lan 15/15) - doi mail...
WARNING:MSGraphEmailService:[Graph] Het 15 lan thu nhung khong co OTP MOI cho geroldmacwilliam04838@outlook.com.
INFO:PlaywrightAdapter:[+] Da dong phien trinh duyet va giai phong tai nguyen.
INFO:PlaywrightAdapter:[*] Dang don dep ho so tam thoi: C:\Users\Admin\AppData\Local\Temp\tiktok_auto_profiles\temp_5367a6c9-68ee-4a3d-b65d-d676d8d93022
INFO:WebSocketManager:[-] M\u1ed9t k\u1ebft n\u1ed1i WebSocket \u0111ã \u0111óng. T\u1ed5ng k\u1ebft n\u1ed1i: 0
INFO:     connection closed
INFO:TaskDispatcher:[+] \u0110ã c\u1eadp nh\u1eadt gi\u1edbi h\u1ea1n lu\u1ed3ng ch\u1ea1y \u0111\u1ed3ng th\u1eddi / 1 proxy thành: 8
INFO:TaskDispatcher:[+] Tài kho\u1ea3n gastonades819735@outlook.com | Tác v\u1ee5 UPDATE_PROFILE \u0111ã \u0111\u01b0\u1ee3c \u0111\u01b0a vào hàng \u0111\u1ee3i.
INFO:TaskDispatcher:[+] Tài kho\u1ea3n karolloprinzi5243@outlook.com | Tác v\u1ee5 UPDATE_PROFILE \u0111ã \u0111\u01b0\u1ee3c \u0111\u01b0a vào hàng \u0111\u1ee3i.
INFO:TaskDispatcher:[+] Tài kho\u1ea3n hilliardassadourian2187@outlook.com | Tác v\u1ee5 UPDATE_PROFILE \u0111ã \u0111\u01b0\u1ee3c \u0111\u01b0a vào hàng \u0111\u1ee3i.
INFO:TaskDispatcher:[+] Tài kho\u1ea3n artiemenk807647@outlook.com | Tác v\u1ee5 UPDATE_PROFILE \u0111ã \u0111\u01b0\u1ee3c \u0111\u01b0a vào hàng \u0111\u1ee3i.
INFO:TaskDispatcher:[+] Phân b\u1ed5 \u1ea3nh \u0111\u1ea1i di\u1ec7n: 50eq241r3ti5.jpg cho lu\u1ed3ng s\u1ed1 9
INFO:TaskDispatcher:[+] Phân b\u1ed5 \u1ea3nh \u0111\u1ea1i di\u1ec7n: 51btlkbeiv2q.jpg cho lu\u1ed3ng s\u1ed1 10
INFO:TaskDispatcher:[+] Phân b\u1ed5 \u1ea3nh \u0111\u1ea1i di\u1ec7n: 52m6cdaocho9.jpg cho lu\u1ed3ng s\u1ed1 11
INFO:TaskDispatcher:[+] Phân b\u1ed5 \u1ea3nh \u0111\u1ea1i di\u1ec7n: 6oh2cw2j31i5.jpg cho lu\u1ed3ng s\u1ed1 12
INFO:TaskDispatcher:[*] Kh\u1edfi ch\u1ea1y trình duy\u1ec7t cho tài kho\u1ea3n: gastonades819735@outlook.com | Tác v\u1ee5: UPDATE_PROFILE
INFO:TaskDispatcher:[*] Kh\u1edfi ch\u1ea1y trình duy\u1ec7t cho tài kho\u1ea3n: karolloprinzi5243@outlook.com | Tác v\u1ee5: UPDATE_PROFILE
INFO:TaskDispatcher:[*] Kh\u1edfi ch\u1ea1y trình duy\u1ec7t cho tài kho\u1ea3n: hilliardassadourian2187@outlook.com | Tác v\u1ee5: UPDATE_PROFILE
INFO:TaskDispatcher:[*] Kh\u1edfi ch\u1ea1y trình duy\u1ec7t cho tài kho\u1ea3n: artiemenk807647@outlook.com | Tác v\u1ee5: UPDATE_PROFILE
INFO:PlaywrightAdapter:[*] Da tao profile moi va gan 1 extension: omocaptcha@gmail.com@1.7.7
INFO:     127.0.0.1:57024 - "WebSocket /ws/screens" [accepted]
INFO:WebSocketManager:[+] K\u1ebft n\u1ed1i WebSocket m\u1edbi thi\u1ebft l\u1eadp. T\u1ed5ng k\u1ebft n\u1ed1i: 1
INFO:     connection open
INFO:WebSocketManager:[-] M\u1ed9t k\u1ebft n\u1ed1i WebSocket \u0111ã \u0111óng. T\u1ed5ng k\u1ebft n\u1ed1i: 0
INFO:     connection closed
INFO:     127.0.0.1:57025 - "WebSocket /ws/screens" [accepted]
INFO:WebSocketManager:[+] K\u1ebft n\u1ed1i WebSocket m\u1edbi thi\u1ebft l\u1eadp. T\u1ed5ng k\u1ebft n\u1ed1i: 1
INFO:     connection open
INFO:PlaywrightAdapter:[LAUNCH] OK sau 11.9s (lan 1/2).
INFO:PlaywrightAdapter:[*] Da tao profile moi va gan 1 extension: omocaptcha@gmail.com@1.7.7
INFO:PlaywrightAdapter:[HWND] Detected token-owned window HWND=24120488 for this session.
INFO:PlaywrightAdapter:[WINDOW] HWND=24120488 dang CLOAK/OFF-SCREEN.
INFO:PlaywrightAdapter:[EXTENSION] Active: omocaptcha@gmail.com@1.7.7 (signed/configuration verified).
INFO:PlaywrightAdapter:[HWND] Stream recovered token-owned HWND=32050038.
INFO:PlaywrightAdapter:[*] Khoi tao tab moi sach.
INFO:PlaywrightAdapter:[+] Khoi tao browser session (headed-cloaked). Seed: 853279391 | Proxy: Direct NET
INFO:PlaywrightAdapter:[*] Dieu huong toi https://www.tiktok.com/foryou?lang=en (lan 1, wait=commit)...
INFO:PlaywrightAdapter:[*] Da tao profile moi va gan 1 extension: omocaptcha@gmail.com@1.7.7
INFO:PlaywrightAdapter:[LAUNCH] OK sau 14.8s (lan 1/2).
INFO:PlaywrightAdapter:[LAUNCH] OK sau 21.1s (lan 1/2).
INFO:PlaywrightAdapter:[HWND] Detected token-owned window HWND=9112042 for this session.
INFO:PlaywrightAdapter:[WINDOW] HWND=9112042 dang CLOAK/OFF-SCREEN.
INFO:PlaywrightAdapter:[HWND] Detected token-owned window HWND=27069378 for this session.
INFO:PlaywrightAdapter:[WINDOW] HWND=27069378 dang CLOAK/OFF-SCREEN.
INFO:PlaywrightAdapter:[EXTENSION] Active: omocaptcha@gmail.com@1.7.7 (signed/configuration verified).
INFO:PlaywrightAdapter:[HWND] Stream recovered token-owned HWND=5049940.
INFO:PlaywrightAdapter:[*] Khoi tao tab moi sach.
INFO:PlaywrightAdapter:[+] Khoi tao browser session (headed-cloaked). Seed: 2064905685 | Proxy: Direct NET
INFO:PlaywrightAdapter:[*] Dieu huong toi https://www.tiktok.com/foryou?lang=en (lan 1, wait=commit)...
INFO:PlaywrightAdapter:[*] Da tao profile moi va gan 1 extension: omocaptcha@gmail.com@1.7.7
INFO:PlaywrightAdapter:[EXTENSION] Active: omocaptcha@gmail.com@1.7.7 (signed/configuration verified).
INFO:PlaywrightAdapter:[*] Khoi tao tab moi sach.
INFO:PlaywrightAdapter:[+] Khoi tao browser session (headed-cloaked). Seed: 639418549 | Proxy: Direct NET
INFO:PlaywrightAdapter:[*] Dieu huong toi https://www.tiktok.com/foryou?lang=en (lan 1, wait=commit)...
INFO:PlaywrightAdapter:[HWND] Stream recovered token-owned HWND=23661788.
INFO:PlaywrightAdapter:[LAUNCH] OK sau 17.0s (lan 1/2).
INFO:PlaywrightAdapter:[HWND] Detected token-owned window HWND=6295054 for this session.
INFO:PlaywrightAdapter:[WINDOW] HWND=6295054 dang CLOAK/OFF-SCREEN.
INFO:PlaywrightAdapter:[EXTENSION] Active: omocaptcha@gmail.com@1.7.7 (signed/configuration verified).
INFO:PlaywrightAdapter:[HWND] Stream recovered token-owned HWND=20647148.
INFO:PlaywrightAdapter:[*] Khoi tao tab moi sach.
INFO:PlaywrightAdapter:[+] Khoi tao browser session (headed-cloaked). Seed: 1393712355 | Proxy: Direct NET
INFO:PlaywrightAdapter:[*] Dieu huong toi https://www.tiktok.com/foryou?lang=en (lan 1, wait=commit)...
WARNING:WebSocketManager:L\u1ed7i g\u1eedi WebSocket, \u0111ang d\u1ecdn d\u1eb9p k\u1ebft n\u1ed1i l\u1ed7i: 
INFO:WebSocketManager:[-] M\u1ed9t k\u1ebft n\u1ed1i WebSocket \u0111ã \u0111óng. T\u1ed5ng k\u1ebft n\u1ed1i: 0
INFO:httpx:HTTP Request: POST https://login.microsoftonline.com/consumers/oauth2/v2.0/token "HTTP/1.1 200 OK"
INFO:EmailServiceFactory:[Email] Da luu refresh_token MOI cho karolloprinzi5243@outlook.com (Microsoft xoay token).
INFO:MSGraphEmailService:[Graph] Lay access_token OK cho karolloprinzi5243@outlook.com (scope='https://graph.microsoft.com/Mail.Read').
INFO:httpx:HTTP Request: GET https://graph.microsoft.com/v1.0/me/mailFolders/inbox/messages?%24top=15&%24select=subject%2CbodyPreview%2CreceivedDateTime%2Cfrom&%24orderby=receivedDateTime+desc "HTTP/1.1 200 OK"
INFO:httpx:HTTP Request: GET https://graph.microsoft.com/v1.0/me/mailFolders/junkemail/messages?%24top=15&%24select=subject%2CbodyPreview%2CreceivedDateTime%2Cfrom&%24orderby=receivedDateTime+desc "HTTP/1.1 200 OK"
INFO:MSGraphEmailService:[Graph] Lay OTP MOI thanh cong: 272699 (mail luc 2026-08-28T06:21:45+00:00).
INFO:PlaywrightAdapter:[*] Dang doi trang chu TikTok on dinh phien dang nhap...
INFO:PlaywrightAdapter:[+] Xac minh THANH CONG sau 1 giay (Phat hien nav-profile/upload/messages).
INFO:TikTokUpdateProfileUseCase:[+] [Defensive Save] \u0110ã sao l\u01b0u phòng th\u1ee7 Cookies thành công cho voa7glun_tro17c
INFO:TikTokUpdateProfileUseCase:[+] \u0110ã ch\u1ecdn Bio ng\u1eabu nhiên: '\u2601\ufe0f soft vibes | \u2728 Creating magic | Creating daily.'
INFO:PlaywrightAdapter:[*] Dang doi trang chu TikTok on dinh phien dang nhap...
INFO:PlaywrightAdapter:[*] Dang doi trang chu TikTok on dinh phien dang nhap...
INFO:PlaywrightAdapter:[+] Xac minh THANH CONG sau 1 giay (Phat hien nav-profile/upload/messages).
INFO:TikTokUpdateProfileUseCase:[+] [Defensive Save] \u0110ã sao l\u01b0u phòng th\u1ee7 Cookies thành công cho sp5pl_cho9sn5
INFO:TikTokUpdateProfileUseCase:[+] \u0110ã ch\u1ecdn Bio ng\u1eabu nhiên: 'Founder journey | \U0001f680 On a mission | Be kind.'
INFO:PlaywrightAdapter:[+] Xac minh THANH CONG sau 4 giay (Phat hien nav-profile/upload/messages).
INFO:TikTokUpdateProfileUseCase:[+] [Defensive Save] \u0110ã sao l\u01b0u phòng th\u1ee7 Cookies thành công cho fl1ba_stra4st97
INFO:TikTokUpdateProfileUseCase:[+] \u0110ã ch\u1ecdn Bio ng\u1eabu nhiên: 'Data-driven soul | Never give up | Be kind.'
INFO:PlaywrightAdapter:[*] Dang doi trang chu TikTok on dinh phien dang nhap...
INFO:PlaywrightAdapter:[+] Xac minh THANH CONG sau 1 giay (Phat hien nav-profile/upload/messages).
INFO:TikTokUpdateProfileUseCase:[+] [Defensive Save] \u0110ã sao l\u01b0u phòng th\u1ee7 Cookies thành công cho bren49_ki63
INFO:TikTokUpdateProfileUseCase:[+] \u0110ã ch\u1ecdn Bio ng\u1eabu nhiên: 'Living out of a suitcase | \U0001f33f Just vibing | Living in the moment.'
INFO:     connection closed
INFO:PlaywrightAdapter:[+] Da gan file avatar bang native chooser an.
INFO:     127.0.0.1:61880 - "WebSocket /ws/screens" [accepted]
INFO:WebSocketManager:[+] K\u1ebft n\u1ed1i WebSocket m\u1edbi thi\u1ebft l\u1eadp. T\u1ed5ng k\u1ebft n\u1ed1i: 1
INFO:     connection open
INFO:     127.0.0.1:61881 - "WebSocket /ws/screens" [accepted]
INFO:WebSocketManager:[+] K\u1ebft n\u1ed1i WebSocket m\u1edbi thi\u1ebft l\u1eadp. T\u1ed5ng k\u1ebft n\u1ed1i: 2
INFO:     connection open
INFO:WebSocketManager:[-] M\u1ed9t k\u1ebft n\u1ed1i WebSocket \u0111ã \u0111óng. T\u1ed5ng k\u1ebft n\u1ed1i: 1
INFO:     connection closed
ERROR:PlaywrightAdapter:[-] Gap loi khi thao tac cap nhat thong tin ho so: Locator.click: Timeout 30000ms exceeded.
Call log:
  - waiting for locator("[data-e2e=\"nav-profile\"], a[href^=\"/@\"]").first
    - locator resolved to <a tabindex="-1" href="/@?lang=en" data-e2e="nav-profile" class="link-a11y-focus">…</a>
  - attempting click action
    - waiting for element to be visible, enabled and stable
    - element is visible, enabled and stable
    - scrolling into view if needed
    - element is not visible
  - retrying click action
    - waiting for element to be visible, enabled and stable
    - element is visible, enabled and stable
    - scrolling into view if needed
    - done scrolling
    - <div class="css-1x4gp7x-5b89d02d--DivModalMask e1mtsrs52"></div> from <div class="css-1r8oxhk-5b89d02d--DivModalContainer e1mtsrs50">…</div> subtree intercepts pointer events
  - retrying click action
    - waiting 20ms
    2 × waiting for element to be visible, enabled and stable
      - element is visible, enabled and stable
      - scrolling into view if needed
      - done scrolling
      - <div class="css-1x4gp7x-5b89d02d--DivModalMask e1mtsrs52"></div> from <div class="css-1r8oxhk-5b89d02d--DivModalContainer e1mtsrs50">…</div> subtree intercepts pointer events
    - retrying click action
      - waiting 100ms
    13 × waiting for element to be visible, enabled and stable
       - element is visible, enabled and stable
       - scrolling into view if needed
       - element is not visible
     - retrying click action
       - waiting 500ms
       - waiting for element to be visible, enabled and stable
       - element is visible, enabled and stable
       - scrolling into view if needed
       - done scrolling
       - <div class="css-1x4gp7x-5b89d02d--DivModalMask e1mtsrs52"></div> from <div class="css-1r8oxhk-5b89d02d--DivModalContainer e1mtsrs50">…</div> subtree intercepts pointer events
     - retrying click action
       - waiting 500ms
       - waiting for element to be visible, enabled and stable
       - element is visible, enabled and stable
       - scrolling into view if needed
       - done scrolling
       - <div class="css-1x4gp7x-5b89d02d--DivModalMask e1mtsrs52"></div> from <div class="css-1r8oxhk-5b89d02d--DivModalContainer e1mtsrs50">…</div> subtree intercepts pointer events
     - retrying click action
       - waiting 500ms
       - waiting for element to be visible, enabled and stable
       - element is visible, enabled and stable
       - scrolling into view if needed
       - done scrolling
       - <div class="css-1x4gp7x-5b89d02d--DivModalMask e1mtsrs52"></div> from <div class="css-1r8oxhk-5b89d02d--DivModalContainer e1mtsrs50">…</div> subtree intercepts pointer events
     - retrying click action
       - waiting 500ms
    - waiting for element to be visible, enabled and stable
    - element is visible, enabled and stable
    - scrolling into view if needed
    - element is not visible
  - retrying click action
    - waiting 500ms

INFO:PlaywrightAdapter:[+] Tim thay nut xac nhan hop le: 'button:has-text("Apply")'
INFO:PlaywrightAdapter:[+] Da dong phien trinh duyet va giai phong tai nguyen.
INFO:PlaywrightAdapter:[*] Dang don dep ho so tam thoi: C:\Users\Admin\AppData\Local\Temp\tiktok_auto_profiles\temp_715b1c3a-33f5-40fe-85a6-98a155e2b850
WARNING:PlaywrightAdapter:[-] Click gia lap that bai o lan thu 1: Locator.click: Element is not visible
Call log:
  - waiting for locator("button:has-text(\"Apply\")").first
    - locator resolved to <button type="button" class="ef1kawg9 css-s03j95-7937d88b--Button-7937d88b--StyledBtn ebef5j00">Apply</button>
  - attempting click action
    - scrolling into view if needed
. Dang thu Dispatch Event...
INFO:PlaywrightAdapter:[+] Da nhan Apply thanh cong o lan thu 1 bang Dispatch Event.
INFO:PlaywrightAdapter:[+] Cap nhat avatar vao form thanh cong.
INFO:PlaywrightAdapter:[Username] web='fl1ba_stra4st97' | db='fl1ba_stra4st97'
ERROR:PlaywrightAdapter:[-] Gap loi khi thao tac cap nhat thong tin ho so: Locator.click: Timeout 30000ms exceeded.
Call log:
  - waiting for locator("[data-e2e=\"nav-profile\"], a[href^=\"/@\"]").first
    - locator resolved to <a tabindex="-1" href="/@?lang=en" data-e2e="nav-profile" class="link-a11y-focus">…</a>
  - attempting click action
    - waiting for element to be visible, enabled and stable
    - element is visible, enabled and stable
    - scrolling into view if needed
    - element is not visible
  - retrying click action
    - waiting for element to be visible, enabled and stable
    - element is visible, enabled and stable
    - scrolling into view if needed
    - done scrolling
    - <div class="css-1x4gp7x-5b89d02d--DivModalMask e1mtsrs52"></div> from <div class="css-1r8oxhk-5b89d02d--DivModalContainer e1mtsrs50">…</div> subtree intercepts pointer events
  - retrying click action
    - waiting 20ms
    2 × waiting for element to be visible, enabled and stable
      - element is visible, enabled and stable
      - scrolling into view if needed
      - done scrolling
      - <div class="css-1x4gp7x-5b89d02d--DivModalMask e1mtsrs52"></div> from <div class="css-1r8oxhk-5b89d02d--DivModalContainer e1mtsrs50">…</div> subtree intercepts pointer events
    - retrying click action
      - waiting 100ms
    13 × waiting for element to be visible, enabled and stable
       - element is visible, enabled and stable
       - scrolling into view if needed
       - element is not visible
     - retrying click action
       - waiting 500ms
       - waiting for element to be visible, enabled and stable
       - element is visible, enabled and stable
       - scrolling into view if needed
       - done scrolling
       - <div class="css-1x4gp7x-5b89d02d--DivModalMask e1mtsrs52"></div> from <div class="css-1r8oxhk-5b89d02d--DivModalContainer e1mtsrs50">…</div> subtree intercepts pointer events
     - retrying click action
       - waiting 500ms
       - waiting for element to be visible, enabled and stable
       - element is visible, enabled and stable
       - scrolling into view if needed
       - done scrolling
       - <div class="css-1x4gp7x-5b89d02d--DivModalMask e1mtsrs52"></div> from <div class="css-1r8oxhk-5b89d02d--DivModalContainer e1mtsrs50">…</div> subtree intercepts pointer events
     - retrying click action
       - waiting 500ms
       - waiting for element to be visible, enabled and stable
       - element is visible, enabled and stable
       - scrolling into view if needed
       - done scrolling
       - <div class="css-1x4gp7x-5b89d02d--DivModalMask e1mtsrs52"></div> from <div class="css-1r8oxhk-5b89d02d--DivModalContainer e1mtsrs50">…</div> subtree intercepts pointer events
     - retrying click action
       - waiting 500ms
    - waiting for element to be visible, enabled and stable
    - element is visible, enabled and stable
    - scrolling into view if needed
    - element is not visible
  - retrying click action
    - waiting 500ms

INFO:PlaywrightAdapter:[+] Da dong phien trinh duyet va giai phong tai nguyen.
INFO:PlaywrightAdapter:[*] Dang don dep ho so tam thoi: C:\Users\Admin\AppData\Local\Temp\tiktok_auto_profiles\temp_eebc9eca-d7b9-45e7-88c9-8a12d01fd298
INFO:PlaywrightAdapter:[+] Da nhan Save thanh cong bang dispatch_event.
ERROR:PlaywrightAdapter:[-] Gap loi khi thao tac cap nhat thong tin ho so: Locator.click: Timeout 30000ms exceeded.
Call log:
  - waiting for locator("[data-e2e=\"nav-profile\"], a[href^=\"/@\"]").first
    - locator resolved to <a tabindex="-1" href="/@?lang=en" data-e2e="nav-profile" class="link-a11y-focus">…</a>
  - attempting click action
    - waiting for element to be visible, enabled and stable
    - element is visible, enabled and stable
    - scrolling into view if needed
    - element is not visible
  - retrying click action
    - waiting for element to be visible, enabled and stable
    - element is visible, enabled and stable
    - scrolling into view if needed
    - done scrolling
    - <div class="css-1x4gp7x-5b89d02d--DivModalMask e1mtsrs52"></div> from <div class="css-1r8oxhk-5b89d02d--DivModalContainer e1mtsrs50">…</div> subtree intercepts pointer events
  - retrying click action
    - waiting 20ms
    2 × waiting for element to be visible, enabled and stable
      - element is visible, enabled and stable
      - scrolling into view if needed
      - done scrolling
      - <div class="css-1x4gp7x-5b89d02d--DivModalMask e1mtsrs52"></div> from <div class="css-1r8oxhk-5b89d02d--DivModalContainer e1mtsrs50">…</div> subtree intercepts pointer events
    - retrying click action
      - waiting 100ms
    13 × waiting for element to be visible, enabled and stable
       - element is visible, enabled and stable
       - scrolling into view if needed
       - element is not visible
     - retrying click action
       - waiting 500ms
       - waiting for element to be visible, enabled and stable
       - element is visible, enabled and stable
       - scrolling into view if needed
       - done scrolling
       - <div class="css-1x4gp7x-5b89d02d--DivModalMask e1mtsrs52"></div> from <div class="css-1r8oxhk-5b89d02d--DivModalContainer e1mtsrs50">…</div> subtree intercepts pointer events
     - retrying click action
       - waiting 500ms
       - waiting for element to be visible, enabled and stable
       - element is visible, enabled and stable
       - scrolling into view if needed
       - done scrolling
       - <div class="css-1x4gp7x-5b89d02d--DivModalMask e1mtsrs52"></div> from <div class="css-1r8oxhk-5b89d02d--DivModalContainer e1mtsrs50">…</div> subtree intercepts pointer events
     - retrying click action
       - waiting 500ms
       - waiting for element to be visible, enabled and stable
       - element is visible, enabled and stable
       - scrolling into view if needed
       - done scrolling
       - <div class="css-1x4gp7x-5b89d02d--DivModalMask e1mtsrs52"></div> from <div class="css-1r8oxhk-5b89d02d--DivModalContainer e1mtsrs50">…</div> subtree intercepts pointer events
     - retrying click action
       - waiting 500ms
    - waiting for element to be visible, enabled and stable
    - element is visible, enabled and stable
    - scrolling into view if needed
    - element is not visible
  - retrying click action
    - waiting 500ms

INFO:PlaywrightAdapter:[+] Da dong phien trinh duyet va giai phong tai nguyen.
INFO:PlaywrightAdapter:[*] Dang don dep ho so tam thoi: C:\Users\Admin\AppData\Local\Temp\tiktok_auto_profiles\temp_f3c1e90f-269a-4e5a-a7c5-f5c49071c098
INFO:PlaywrightAdapter:[+] Da dong phien trinh duyet va giai phong tai nguyen.
INFO:PlaywrightAdapter:[*] Dang don dep ho so tam thoi: C:\Users\Admin\AppData\Local\Temp\tiktok_auto_profiles\temp_8ed1048a-8971-41e0-b0f2-908b4314bb22
INFO:WebSocketManager:[-] M\u1ed9t k\u1ebft n\u1ed1i WebSocket \u0111ã \u0111óng. T\u1ed5ng k\u1ebft n\u1ed1i: 0
INFO:     connection closed
INFO:httpx:HTTP Request: GET https://www.tiktok.com/@spou70_we10shan?lang=en "HTTP/1.1 200 OK"
INFO:httpx:HTTP Request: GET https://www.tiktok.com/@spou70_we10shan/video/7678209212119387406 "HTTP/1.1 200 OK"
INFO:httpx:HTTP Request: GET https://www.tiktok.com/@thuf37ch_sha0ge?lang=en "HTTP/1.1 200 OK"
INFO:httpx:HTTP Request: GET https://www.tiktok.com/@thuf37ch_sha0ge/video/7678677141218725151 "HTTP/1.1 200 OK"
INFO:httpx:HTTP Request: GET https://www.tiktok.com/@thuf37ch_sha0ge/video/7678680922589236511 "HTTP/1.1 200 OK"
INFO:httpx:HTTP Request: GET https://www.tiktok.com/@thuf37ch_sha0ge/video/7678209380390571295 "HTTP/1.1 200 OK"
INFO:httpx:HTTP Request: GET https://www.tiktok.com/@thuf37ch_sha0ge/video/7678189985421364511 "HTTP/1.1 200 OK"
INFO:httpx:HTTP Request: GET https://www.tiktok.com/@thuf37ch_sha0ge/video/7678678203405258015 "HTTP/1.1 200 OK"
INFO:TaskDispatcher:[+] \u0110ã c\u1eadp nh\u1eadt gi\u1edbi h\u1ea1n lu\u1ed3ng ch\u1ea1y \u0111\u1ed3ng th\u1eddi / 1 proxy thành: 8
INFO:TaskDispatcher:[+] Tài kho\u1ea3n curiocamarzenet@hotmail.com | Tác v\u1ee5 UPLOAD_MEDIA_BATCH \u0111ã \u0111\u01b0\u1ee3c \u0111\u01b0a vào hàng \u0111\u1ee3i.
INFO:TaskDispatcher:[*] Kh\u1edfi ch\u1ea1y trình duy\u1ec7t cho tài kho\u1ea3n: curiocamarzenet@hotmail.com | Tác v\u1ee5: UPLOAD_MEDIA_BATCH
INFO:PlaywrightAdapter:[*] Da tao profile moi va gan 1 extension: omocaptcha@gmail.com@1.7.7
INFO:     127.0.0.1:50631 - "WebSocket /ws/screens" [accepted]
INFO:WebSocketManager:[+] K\u1ebft n\u1ed1i WebSocket m\u1edbi thi\u1ebft l\u1eadp. T\u1ed5ng k\u1ebft n\u1ed1i: 1
INFO:     connection open
INFO:     127.0.0.1:50634 - "WebSocket /ws/screens" [accepted]
INFO:WebSocketManager:[+] K\u1ebft n\u1ed1i WebSocket m\u1edbi thi\u1ebft l\u1eadp. T\u1ed5ng k\u1ebft n\u1ed1i: 2
INFO:     connection open
INFO:WebSocketManager:[-] M\u1ed9t k\u1ebft n\u1ed1i WebSocket \u0111ã \u0111óng. T\u1ed5ng k\u1ebft n\u1ed1i: 1
INFO:     connection closed
INFO:PlaywrightAdapter:[LAUNCH] OK sau 13.7s (lan 1/2).
INFO:PlaywrightAdapter:[HWND] Detected token-owned window HWND=25496634 for this session.
INFO:PlaywrightAdapter:[WINDOW] HWND=25496634 dang CLOAK/OFF-SCREEN.
INFO:PlaywrightAdapter:[EXTENSION] Active: omocaptcha@gmail.com@1.7.7 (signed/configuration verified).
INFO:PlaywrightAdapter:[*] Khoi tao tab moi sach.
INFO:PlaywrightAdapter:[+] Khoi tao browser session (headed-cloaked). Seed: 1489653395 | Proxy: Direct NET
INFO:PlaywrightAdapter:[*] Dieu huong toi https://www.tiktok.com/foryou?lang=en (lan 1, wait=commit)...
INFO:PlaywrightAdapter:[HWND] Stream recovered token-owned HWND=16058838.
INFO:PlaywrightAdapter:[*] Dieu huong toi https://www.tiktok.com/foryou?lang=en (lan 1, wait=commit)...
INFO:PlaywrightAdapter:[*] Dang doi trang chu TikTok on dinh phien dang nhap...
INFO:PlaywrightAdapter:[+] Xac minh THANH CONG sau 4 giay (Phat hien nav-profile/upload/messages).
INFO:PlaywrightAdapter:[*] Dieu huong toi https://www.tiktok.com/foryou?lang=en (lan 1, wait=commit)...
INFO:PlaywrightAdapter:[*] Dieu huong toi https://www.tiktok.com/tiktokstudio/upload?lang=en (lan 1, wait=commit)...
WARNING:PlaywrightAdapter:[Upload] Playwright path channel bi patched-Firefox B178; chuyen sang native chooser DWM-cloaked. Loi: ElementHandle.set_input_files: Protocol error (Page.setFileInputFiles): error in channel "content::14/19/2": exception while running method "setFileInputFiles" in namespace "page": An attempt was made to use an object that is not, or is no longer, usable 
INFO:PlaywrightAdapter:[Upload] Da gan 1 file video qua native chooser DWM-cloaked.
INFO:PlaywrightAdapter:[UPLOAD] \u0110ã ch\u1ea5p nh\u1eadn popup: Got it
INFO:PlaywrightAdapter:[UPLOAD] Hashtag #calbeat -> #calbeat (usage=41)
INFO:PlaywrightAdapter:[UPLOAD] Hashtag #shockeveryone -> #shockeveryone (usage=467)
INFO:PlaywrightAdapter:[UPLOAD] Hashtag #cal -> #cal (usage=229100)
INFO:PlaywrightAdapter:[UPLOAD] \u0110ã kích ho\u1ea1t hashtag TikTok: #calbeat, #shockeveryone, #cal
INFO:PlaywrightAdapter:[+] Da dong phien trinh duyet va giai phong tai nguyen.
INFO:PlaywrightAdapter:[*] Dang don dep ho so tam thoi: C:\Users\Admin\AppData\Local\Temp\tiktok_auto_profiles\temp_343642d9-96c2-4053-bda1-c2579d8a8ebd
INFO:WebSocketManager:[-] M\u1ed9t k\u1ebft n\u1ed1i WebSocket \u0111ã \u0111óng. T\u1ed5ng k\u1ebft n\u1ed1i: 0
INFO:     connection closed
INFO:httpx:HTTP Request: GET https://www.tiktok.com/@thuf37ch_sha0ge?lang=en "HTTP/1.1 200 OK"
INFO:httpx:HTTP Request: GET https://www.tiktok.com/@thuf37ch_sha0ge/video/7678964922243452190 "HTTP/1.1 200 OK"
INFO:httpx:HTTP Request: GET https://www.tiktok.com/@thuf37ch_sha0ge/video/7678677141218725151 "HTTP/1.1 200 OK"
INFO:httpx:HTTP Request: GET https://www.tiktok.com/@thuf37ch_sha0ge/video/7678678203405258015 "HTTP/1.1 200 OK"
INFO:httpx:HTTP Request: GET https://www.tiktok.com/@thuf37ch_sha0ge/video/7678189985421364511 "HTTP/1.1 200 OK"
INFO:httpx:HTTP Request: GET https://www.tiktok.com/@thuf37ch_sha0ge/video/7678209380390571295 "HTTP/1.1 200 OK"
INFO:httpx:HTTP Request: GET https://www.tiktok.com/@thuf37ch_sha0ge/video/7678680922589236511 "HTTP/1.1 200 OK"
INFO:httpx:HTTP Request: GET https://www.tiktok.com/passport/web/account/info/?aid=1459 "HTTP/1.1 200 OK"
INFO:httpx:HTTP Request: GET https://www.tiktok.com/passport/web/account/info/?aid=1459 "HTTP/1.1 200 OK"
INFO:httpx:HTTP Request: GET https://www.tiktok.com/passport/web/account/info/?aid=1459 "HTTP/1.1 200 OK"
INFO:httpx:HTTP Request: GET https://www.tiktok.com/passport/web/account/info/?aid=1459 "HTTP/1.1 200 OK"
INFO:httpx:HTTP Request: GET https://www.tiktok.com/passport/web/account/info/?aid=1459 "HTTP/1.1 200 OK"
INFO:httpx:HTTP Request: GET https://www.tiktok.com/passport/web/account/info/?aid=1459 "HTTP/1.1 200 OK"
INFO:httpx:HTTP Request: GET https://www.tiktok.com/passport/web/account/info/?aid=1459 "HTTP/1.1 200 OK"
INFO:httpx:HTTP Request: GET https://www.tiktok.com/passport/web/account/info/?aid=1459 "HTTP/1.1 200 OK"
INFO:httpx:HTTP Request: GET https://www.tiktok.com/passport/web/account/info/?aid=1459 "HTTP/1.1 200 OK"
INFO:httpx:HTTP Request: GET https://www.tiktok.com/passport/web/account/info/?aid=1459 "HTTP/1.1 200 OK"
INFO:httpx:HTTP Request: GET https://www.tiktok.com/passport/web/account/info/?aid=1459 "HTTP/1.1 200 OK"
INFO:httpx:HTTP Request: GET https://www.tiktok.com/passport/web/account/info/?aid=1459 "HTTP/1.1 200 OK"
INFO:httpx:HTTP Request: GET https://www.tiktok.com/passport/web/account/info/?aid=1459 "HTTP/1.1 200 OK"
INFO:httpx:HTTP Request: GET https://www.tiktok.com/passport/web/account/info/?aid=1459 "HTTP/1.1 200 OK"
INFO:httpx:HTTP Request: GET https://www.tiktok.com/passport/web/account/info/?aid=1459 "HTTP/1.1 200 OK"
INFO:httpx:HTTP Request: GET https://www.tiktok.com/passport/web/account/info/?aid=1459 "HTTP/1.1 200 OK"
INFO:httpx:HTTP Request: GET https://www.tiktok.com/passport/web/account/info/?aid=1459 "HTTP/1.1 200 OK"
INFO:httpx:HTTP Request: GET https://www.tiktok.com/passport/web/account/info/?aid=1459 "HTTP/1.1 200 OK"
INFO:httpx:HTTP Request: GET https://www.tiktok.com/oembed?url=https%3A%2F%2Fwww.tiktok.com%2F%40scui31dr59_drie "HTTP/1.1 200 OK"
INFO:httpx:HTTP Request: GET https://www.tiktok.com/@chi2leal9_glo96?lang=en "HTTP/1.1 200 OK"
INFO:httpx:HTTP Request: GET https://www.tiktok.com/oembed?url=https%3A%2F%2Fwww.tiktok.com%2F%40sn88_tuim0 "HTTP/1.1 200 OK"
INFO:QuickHealthCheck:[+] Check nhanh TikTok xong: 18/18, alive=18, dead=0, inconclusive=0, reasons={'tiktok_account_info': 15, 'tiktok_oembed': 2, 'tiktok_user_info': 1}
INFO:httpx:HTTP Request: GET https://www.tiktok.com/passport/web/account/info/?aid=1459 "HTTP/1.1 200 OK"
INFO:httpx:HTTP Request: GET https://www.tiktok.com/passport/web/account/info/?aid=1459 "HTTP/1.1 200 OK"
INFO:httpx:HTTP Request: GET https://www.tiktok.com/passport/web/account/info/?aid=1459 "HTTP/1.1 200 OK"
INFO:httpx:HTTP Request: GET https://www.tiktok.com/passport/web/account/info/?aid=1459 "HTTP/1.1 200 OK"
INFO:httpx:HTTP Request: GET https://www.tiktok.com/passport/web/account/info/?aid=1459 "HTTP/1.1 200 OK"
INFO:httpx:HTTP Request: GET https://www.tiktok.com/passport/web/account/info/?aid=1459 "HTTP/1.1 200 OK"
INFO:httpx:HTTP Request: GET https://www.tiktok.com/passport/web/account/info/?aid=1459 "HTTP/1.1 200 OK"
INFO:httpx:HTTP Request: GET https://www.tiktok.com/passport/web/account/info/?aid=1459 "HTTP/1.1 200 OK"
INFO:httpx:HTTP Request: GET https://www.tiktok.com/passport/web/account/info/?aid=1459 "HTTP/1.1 200 OK"
INFO:httpx:HTTP Request: GET https://www.tiktok.com/passport/web/account/info/?aid=1459 "HTTP/1.1 200 OK"
INFO:httpx:HTTP Request: GET https://www.tiktok.com/passport/web/account/info/?aid=1459 "HTTP/1.1 200 OK"
INFO:httpx:HTTP Request: GET https://www.tiktok.com/passport/web/account/info/?aid=1459 "HTTP/1.1 200 OK"
INFO:httpx:HTTP Request: GET https://www.tiktok.com/passport/web/account/info/?aid=1459 "HTTP/1.1 200 OK"
INFO:httpx:HTTP Request: GET https://www.tiktok.com/passport/web/account/info/?aid=1459 "HTTP/1.1 200 OK"
INFO:httpx:HTTP Request: GET https://www.tiktok.com/passport/web/account/info/?aid=1459 "HTTP/1.1 200 OK"
INFO:httpx:HTTP Request: GET https://www.tiktok.com/passport/web/account/info/?aid=1459 "HTTP/1.1 200 OK"
INFO:httpx:HTTP Request: GET https://www.tiktok.com/passport/web/account/info/?aid=1459 "HTTP/1.1 200 OK"
INFO:httpx:HTTP Request: GET https://www.tiktok.com/passport/web/account/info/?aid=1459 "HTTP/1.1 200 OK"
INFO:httpx:HTTP Request: GET https://www.tiktok.com/passport/web/account/info/?aid=1459 "HTTP/1.1 200 OK"
INFO:httpx:HTTP Request: GET https://www.tiktok.com/oembed?url=https%3A%2F%2Fwww.tiktok.com%2F%40pl6_bu47 "HTTP/1.1 200 OK"
INFO:QuickHealthCheck:[+] Check nhanh TikTok xong: 20/20, alive=20, dead=0, inconclusive=0, reasons={'tiktok_account_info': 19, 'tiktok_oembed': 1}
INFO:TaskDispatcher:[+] \u0110ã c\u1eadp nh\u1eadt gi\u1edbi h\u1ea1n lu\u1ed3ng ch\u1ea1y \u0111\u1ed3ng th\u1eddi / 1 proxy thành: 8
INFO:TaskDispatcher:[+] Tài kho\u1ea3n szocssutantox@hotmail.com | Tác v\u1ee5 UPLOAD_MEDIA_BATCH \u0111ã \u0111\u01b0\u1ee3c \u0111\u01b0a vào hàng \u0111\u1ee3i.
INFO:TaskDispatcher:[+] Tài kho\u1ea3n richarddemmin623037@outlook.com | Tác v\u1ee5 UPLOAD_MEDIA_BATCH \u0111ã \u0111\u01b0\u1ee3c \u0111\u01b0a vào hàng \u0111\u1ee3i.
INFO:TaskDispatcher:[+] Tài kho\u1ea3n zainesker046118@outlook.com | Tác v\u1ee5 UPLOAD_MEDIA_BATCH \u0111ã \u0111\u01b0\u1ee3c \u0111\u01b0a vào hàng \u0111\u1ee3i.
INFO:TaskDispatcher:[+] Tài kho\u1ea3n irumajonesy86@hotmail.com | Tác v\u1ee5 UPLOAD_MEDIA_BATCH \u0111ã \u0111\u01b0\u1ee3c \u0111\u01b0a vào hàng \u0111\u1ee3i.
INFO:TaskDispatcher:[+] Tài kho\u1ea3n bodahatulobio@hotmail.com | Tác v\u1ee5 UPLOAD_MEDIA_BATCH \u0111ã \u0111\u01b0\u1ee3c \u0111\u01b0a vào hàng \u0111\u1ee3i.
INFO:TaskDispatcher:[+] Tài kho\u1ea3n ducaynelcida66@hotmail.com | Tác v\u1ee5 UPLOAD_MEDIA_BATCH \u0111ã \u0111\u01b0\u1ee3c \u0111\u01b0a vào hàng \u0111\u1ee3i.
INFO:TaskDispatcher:[+] Tài kho\u1ea3n chumungly3@hotmail.com | Tác v\u1ee5 UPLOAD_MEDIA_BATCH \u0111ã \u0111\u01b0\u1ee3c \u0111\u01b0a vào hàng \u0111\u1ee3i.
INFO:TaskDispatcher:[+] Tài kho\u1ea3n arenivasjalisa207@hotmail.com | Tác v\u1ee5 UPLOAD_MEDIA_BATCH \u0111ã \u0111\u01b0\u1ee3c \u0111\u01b0a vào hàng \u0111\u1ee3i.
INFO:TaskDispatcher:[+] Tài kho\u1ea3n fenlaylathoyax@hotmail.com | Tác v\u1ee5 UPLOAD_MEDIA_BATCH \u0111ã \u0111\u01b0\u1ee3c \u0111\u01b0a vào hàng \u0111\u1ee3i.
INFO:TaskDispatcher:[+] Tài kho\u1ea3n nothstineschoon58@hotmail.com | Tác v\u1ee5 UPLOAD_MEDIA_BATCH \u0111ã \u0111\u01b0\u1ee3c \u0111\u01b0a vào hàng \u0111\u1ee3i.
INFO:TaskDispatcher:[+] Tài kho\u1ea3n odiernotipner419@hotmail.com | Tác v\u1ee5 UPLOAD_MEDIA_BATCH \u0111ã \u0111\u01b0\u1ee3c \u0111\u01b0a vào hàng \u0111\u1ee3i.
INFO:TaskDispatcher:[+] Tài kho\u1ea3n welshansmusquiz4436@hotmail.com | Tác v\u1ee5 UPLOAD_MEDIA_BATCH \u0111ã \u0111\u01b0\u1ee3c \u0111\u01b0a vào hàng \u0111\u1ee3i.
INFO:TaskDispatcher:[+] Tài kho\u1ea3n kineavyshataej@hotmail.com | Tác v\u1ee5 UPLOAD_MEDIA_BATCH \u0111ã \u0111\u01b0\u1ee3c \u0111\u01b0a vào hàng \u0111\u1ee3i.
INFO:TaskDispatcher:[+] Tài kho\u1ea3n alyonipedrosov9555@hotmail.com | Tác v\u1ee5 UPLOAD_MEDIA_BATCH \u0111ã \u0111\u01b0\u1ee3c \u0111\u01b0a vào hàng \u0111\u1ee3i.
INFO:TaskDispatcher:[+] Tài kho\u1ea3n baltaxepajorekg@hotmail.com | Tác v\u1ee5 UPLOAD_MEDIA_BATCH \u0111ã \u0111\u01b0\u1ee3c \u0111\u01b0a vào hàng \u0111\u1ee3i.
INFO:TaskDispatcher:[+] Tài kho\u1ea3n mezickrbugaiskik3505@hotmail.com | Tác v\u1ee5 UPLOAD_MEDIA_BATCH \u0111ã \u0111\u01b0\u1ee3c \u0111\u01b0a vào hàng \u0111\u1ee3i.
INFO:TaskDispatcher:[+] Tài kho\u1ea3n crawerstrakonu@hotmail.com | Tác v\u1ee5 UPLOAD_MEDIA_BATCH \u0111ã \u0111\u01b0\u1ee3c \u0111\u01b0a vào hàng \u0111\u1ee3i.
INFO:TaskDispatcher:[+] Tài kho\u1ea3n trinhthongphat2@hotmail.com | Tác v\u1ee5 UPLOAD_MEDIA_BATCH \u0111ã \u0111\u01b0\u1ee3c \u0111\u01b0a vào hàng \u0111\u1ee3i.
INFO:TaskDispatcher:[+] Tài kho\u1ea3n leemnhut18@hotmail.com | Tác v\u1ee5 UPLOAD_MEDIA_BATCH \u0111ã \u0111\u01b0\u1ee3c \u0111\u01b0a vào hàng \u0111\u1ee3i.
INFO:TaskDispatcher:[+] Tài kho\u1ea3n arcidelisun43@hotmail.com | Tác v\u1ee5 UPLOAD_MEDIA_BATCH \u0111ã \u0111\u01b0\u1ee3c \u0111\u01b0a vào hàng \u0111\u1ee3i.
INFO:TaskDispatcher:[*] Kh\u1edfi ch\u1ea1y trình duy\u1ec7t cho tài kho\u1ea3n: szocssutantox@hotmail.com | Tác v\u1ee5: UPLOAD_MEDIA_BATCH
INFO:TaskDispatcher:[*] Kh\u1edfi ch\u1ea1y trình duy\u1ec7t cho tài kho\u1ea3n: richarddemmin623037@outlook.com | Tác v\u1ee5: UPLOAD_MEDIA_BATCH
INFO:TaskDispatcher:[*] Kh\u1edfi ch\u1ea1y trình duy\u1ec7t cho tài kho\u1ea3n: zainesker046118@outlook.com | Tác v\u1ee5: UPLOAD_MEDIA_BATCH
INFO:TaskDispatcher:[*] Kh\u1edfi ch\u1ea1y trình duy\u1ec7t cho tài kho\u1ea3n: irumajonesy86@hotmail.com | Tác v\u1ee5: UPLOAD_MEDIA_BATCH
INFO:PlaywrightAdapter:[*] Da tao profile moi va gan 1 extension: omocaptcha@gmail.com@1.7.7
INFO:     127.0.0.1:49738 - "WebSocket /ws/screens" [accepted]
INFO:WebSocketManager:[+] K\u1ebft n\u1ed1i WebSocket m\u1edbi thi\u1ebft l\u1eadp. T\u1ed5ng k\u1ebft n\u1ed1i: 1
INFO:     connection closed
INFO:WebSocketManager:[-] M\u1ed9t k\u1ebft n\u1ed1i WebSocket \u0111ã \u0111óng. T\u1ed5ng k\u1ebft n\u1ed1i: 0
INFO:     127.0.0.1:49741 - "WebSocket /ws/screens" [accepted]
INFO:WebSocketManager:[+] K\u1ebft n\u1ed1i WebSocket m\u1edbi thi\u1ebft l\u1eadp. T\u1ed5ng k\u1ebft n\u1ed1i: 1
INFO:     connection open
INFO:TaskDispatcher:[+] \u0110ã c\u1eadp nh\u1eadt gi\u1edbi h\u1ea1n lu\u1ed3ng ch\u1ea1y \u0111\u1ed3ng th\u1eddi / 1 proxy thành: 1
INFO:PlaywrightAdapter:[LAUNCH] OK sau 13.8s (lan 1/2).
INFO:PlaywrightAdapter:[HWND] Detected token-owned window HWND=10030604 for this session.
INFO:PlaywrightAdapter:[WINDOW] HWND=10030604 dang CLOAK/OFF-SCREEN.
INFO:PlaywrightAdapter:[EXTENSION] Active: omocaptcha@gmail.com@1.7.7 (signed/configuration verified).
INFO:PlaywrightAdapter:[HWND] Stream recovered token-owned HWND=11865512.
INFO:PlaywrightAdapter:[*] Khoi tao tab moi sach.
INFO:PlaywrightAdapter:[+] Khoi tao browser session (headed-cloaked). Seed: 2072928330 | Proxy: Direct NET
INFO:PlaywrightAdapter:[*] Dieu huong toi https://www.tiktok.com/foryou?lang=en (lan 1, wait=commit)...
INFO:PlaywrightAdapter:[*] Dieu huong toi https://www.tiktok.com/foryou?lang=en (lan 1, wait=commit)...
INFO:PlaywrightAdapter:[*] Dang doi trang chu TikTok on dinh phien dang nhap...
INFO:PlaywrightAdapter:[+] Xac minh THANH CONG sau 4 giay (Phat hien nav-profile/upload/messages).
INFO:PlaywrightAdapter:[*] Dieu huong toi https://www.tiktok.com/foryou?lang=en (lan 1, wait=commit)...
INFO:PlaywrightAdapter:[*] Dieu huong toi https://www.tiktok.com/tiktokstudio/upload?lang=en (lan 1, wait=commit)...
WARNING:PlaywrightAdapter:[Upload] Playwright path channel bi patched-Firefox B178; chuyen sang native chooser DWM-cloaked. Loi: ElementHandle.set_input_files: Protocol error (Page.setFileInputFiles): error in channel "content::14/19/2": exception while running method "setFileInputFiles" in namespace "page": An attempt was made to use an object that is not, or is no longer, usable 
INFO:PlaywrightAdapter:[Upload] Da gan 1 file video qua native chooser DWM-cloaked.
INFO:PlaywrightAdapter:[UPLOAD] \u0110ã ch\u1ea5p nh\u1eadn popup: Got it
INFO:PlaywrightAdapter:[UPLOAD] Hashtag #acpstops -> #acpstops (usage=3)
INFO:PlaywrightAdapter:[UPLOAD] Hashtag #nimowins -> #nimowins (usage=3)
INFO:PlaywrightAdapter:[UPLOAD] Hashtag #acp -> #acp (usage=123900)
INFO:PlaywrightAdapter:[UPLOAD] \u0110ã kích ho\u1ea1t hashtag TikTok: #acpstops, #nimowins, #acp
INFO:PlaywrightAdapter:[+] Da dong phien trinh duyet va giai phong tai nguyen.
INFO:PlaywrightAdapter:[*] Dang don dep ho so tam thoi: C:\Users\Admin\AppData\Local\Temp\tiktok_auto_profiles\temp_08836dd9-b0af-4a31-ad1c-e1ef2b5ce950
INFO:TaskDispatcher:[*] Kh\u1edfi ch\u1ea1y trình duy\u1ec7t cho tài kho\u1ea3n: bodahatulobio@hotmail.com | Tác v\u1ee5: UPLOAD_MEDIA_BATCH
INFO:PlaywrightAdapter:[*] Da tao profile moi va gan 1 extension: omocaptcha@gmail.com@1.7.7
INFO:PlaywrightAdapter:[LAUNCH] OK sau 13.5s (lan 1/2).
INFO:PlaywrightAdapter:[HWND] Detected token-owned window HWND=8457564 for this session.
INFO:PlaywrightAdapter:[WINDOW] HWND=8457564 dang CLOAK/OFF-SCREEN.
INFO:PlaywrightAdapter:[EXTENSION] Active: omocaptcha@gmail.com@1.7.7 (signed/configuration verified).
INFO:PlaywrightAdapter:[HWND] Stream recovered token-owned HWND=9504500.
INFO:PlaywrightAdapter:[*] Khoi tao tab moi sach.
INFO:PlaywrightAdapter:[+] Khoi tao browser session (headed-cloaked). Seed: 565079340 | Proxy: Direct NET
INFO:PlaywrightAdapter:[*] Dieu huong toi https://www.tiktok.com/foryou?lang=en (lan 1, wait=commit)...
INFO:httpx:HTTP Request: POST https://login.microsoftonline.com/consumers/oauth2/v2.0/token "HTTP/1.1 200 OK"
INFO:EmailServiceFactory:[Email] Da luu refresh_token MOI cho richarddemmin623037@outlook.com (Microsoft xoay token).
INFO:MSGraphEmailService:[Graph] Lay access_token OK cho richarddemmin623037@outlook.com (scope='https://graph.microsoft.com/Mail.Read').
INFO:httpx:HTTP Request: GET https://graph.microsoft.com/v1.0/me/mailFolders/inbox/messages?%24top=15&%24select=subject%2CbodyPreview%2CreceivedDateTime%2Cfrom&%24orderby=receivedDateTime+desc "HTTP/1.1 200 OK"
INFO:httpx:HTTP Request: GET https://graph.microsoft.com/v1.0/me/mailFolders/junkemail/messages?%24top=15&%24select=subject%2CbodyPreview%2CreceivedDateTime%2Cfrom&%24orderby=receivedDateTime+desc "HTTP/1.1 200 OK"
INFO:MSGraphEmailService:[Graph] Lay OTP MOI thanh cong: 011875 (mail luc 2026-08-28T06:33:38+00:00).
INFO:WebSocketManager:[-] M\u1ed9t k\u1ebft n\u1ed1i WebSocket \u0111ã \u0111óng. T\u1ed5ng k\u1ebft n\u1ed1i: 0
INFO:     connection closed
INFO:PlaywrightAdapter:[*] Dang doi trang chu TikTok on dinh phien dang nhap...
INFO:PlaywrightAdapter:[+] Xac minh THANH CONG sau 2 giay (Phat hien nav-profile/upload/messages).
INFO:PlaywrightAdapter:[*] Dieu huong toi https://www.tiktok.com/foryou?lang=en (lan 1, wait=commit)...
INFO:PlaywrightAdapter:[*] Dieu huong toi https://www.tiktok.com/tiktokstudio/upload?lang=en (lan 1, wait=commit)...
WARNING:PlaywrightAdapter:[Upload] Playwright path channel bi patched-Firefox B178; chuyen sang native chooser DWM-cloaked. Loi: ElementHandle.set_input_files: Protocol error (Page.setFileInputFiles): error in channel "content::14/19/2": exception while running method "setFileInputFiles" in namespace "page": An attempt was made to use an object that is not, or is no longer, usable 
INFO:     127.0.0.1:58184 - "WebSocket /ws/screens" [accepted]
INFO:WebSocketManager:[+] K\u1ebft n\u1ed1i WebSocket m\u1edbi thi\u1ebft l\u1eadp. T\u1ed5ng k\u1ebft n\u1ed1i: 1
INFO:     connection open
INFO:     127.0.0.1:58185 - "WebSocket /ws/screens" [accepted]
INFO:WebSocketManager:[+] K\u1ebft n\u1ed1i WebSocket m\u1edbi thi\u1ebft l\u1eadp. T\u1ed5ng k\u1ebft n\u1ed1i: 2
INFO:     connection open
INFO:WebSocketManager:[-] M\u1ed9t k\u1ebft n\u1ed1i WebSocket \u0111ã \u0111óng. T\u1ed5ng k\u1ebft n\u1ed1i: 1
INFO:     connection closed
INFO:PlaywrightAdapter:[Upload] Da gan 1 file video qua native chooser DWM-cloaked.
INFO:PlaywrightAdapter:[UPLOAD] \u0110ã ch\u1ea5p nh\u1eadn popup: Turn on
INFO:PlaywrightAdapter:[UPLOAD] \u0110ã ch\u1ea5p nh\u1eadn popup: Got it
INFO:PlaywrightAdapter:[UPLOAD] Hashtag #acpstops -> #acpstops (usage=4)
INFO:PlaywrightAdapter:[UPLOAD] Hashtag #nimowins -> #nimowins (usage=4)
INFO:PlaywrightAdapter:[UPLOAD] Hashtag #acp -> #acp (usage=123900)
INFO:PlaywrightAdapter:[UPLOAD] \u0110ã kích ho\u1ea1t hashtag TikTok: #acpstops, #nimowins, #acp
INFO:PlaywrightAdapter:[+] Da dong phien trinh duyet va giai phong tai nguyen.
INFO:PlaywrightAdapter:[*] Dang don dep ho so tam thoi: C:\Users\Admin\AppData\Local\Temp\tiktok_auto_profiles\temp_2da64b86-82ae-4d98-aeda-bdb7ee0d2abf
INFO:TaskDispatcher:[*] Kh\u1edfi ch\u1ea1y trình duy\u1ec7t cho tài kho\u1ea3n: ducaynelcida66@hotmail.com | Tác v\u1ee5: UPLOAD_MEDIA_BATCH
INFO:PlaywrightAdapter:[*] Da tao profile moi va gan 1 extension: omocaptcha@gmail.com@1.7.7
INFO:WebSocketManager:[-] M\u1ed9t k\u1ebft n\u1ed1i WebSocket \u0111ã \u0111óng. T\u1ed5ng k\u1ebft n\u1ed1i: 0
INFO:     connection closed
INFO:PlaywrightAdapter:[LAUNCH] OK sau 14.3s (lan 1/2).
INFO:PlaywrightAdapter:[HWND] Detected token-owned window HWND=8653744 for this session.
INFO:PlaywrightAdapter:[WINDOW] HWND=8653744 dang CLOAK/OFF-SCREEN.
INFO:PlaywrightAdapter:[EXTENSION] Active: omocaptcha@gmail.com@1.7.7 (signed/configuration verified).
INFO:PlaywrightAdapter:[HWND] Stream recovered token-owned HWND=28904136.
INFO:PlaywrightAdapter:[*] Khoi tao tab moi sach.
INFO:PlaywrightAdapter:[+] Khoi tao browser session (headed-cloaked). Seed: 223630096 | Proxy: Direct NET
INFO:PlaywrightAdapter:[*] Dieu huong toi https://www.tiktok.com/foryou?lang=en (lan 1, wait=commit)...
INFO:PlaywrightAdapter:[*] Dieu huong toi https://www.tiktok.com/foryou?lang=en (lan 1, wait=commit)...
INFO:PlaywrightAdapter:[*] Dang doi trang chu TikTok on dinh phien dang nhap...
INFO:PlaywrightAdapter:[+] Xac minh THANH CONG sau 6 giay (Phat hien nav-profile/upload/messages).
INFO:PlaywrightAdapter:[*] Dieu huong toi https://www.tiktok.com/foryou?lang=en (lan 1, wait=commit)...
INFO:     127.0.0.1:62297 - "WebSocket /ws/screens" [accepted]
INFO:WebSocketManager:[+] K\u1ebft n\u1ed1i WebSocket m\u1edbi thi\u1ebft l\u1eadp. T\u1ed5ng k\u1ebft n\u1ed1i: 1
INFO:     connection open
INFO:     127.0.0.1:62298 - "WebSocket /ws/screens" [accepted]
INFO:WebSocketManager:[+] K\u1ebft n\u1ed1i WebSocket m\u1edbi thi\u1ebft l\u1eadp. T\u1ed5ng k\u1ebft n\u1ed1i: 2
INFO:     connection open
INFO:WebSocketManager:[-] M\u1ed9t k\u1ebft n\u1ed1i WebSocket \u0111ã \u0111óng. T\u1ed5ng k\u1ebft n\u1ed1i: 1
INFO:     connection closed
INFO:PlaywrightAdapter:[*] Dieu huong toi https://www.tiktok.com/tiktokstudio/upload?lang=en (lan 1, wait=commit)...
WARNING:PlaywrightAdapter:[Upload] Playwright path channel bi patched-Firefox B178; chuyen sang native chooser DWM-cloaked. Loi: ElementHandle.set_input_files: Protocol error (Page.setFileInputFiles): error in channel "content::14/19/2": exception while running method "setFileInputFiles" in namespace "page": An attempt was made to use an object that is not, or is no longer, usable 
INFO:PlaywrightAdapter:[Upload] Da gan 1 file video qua native chooser DWM-cloaked.
INFO:PlaywrightAdapter:[UPLOAD] \u0110ã ch\u1ea5p nh\u1eadn popup: Turn on
INFO:PlaywrightAdapter:[UPLOAD] \u0110ã ch\u1ea5p nh\u1eadn popup: Got it
INFO:PlaywrightAdapter:[UPLOAD] Hashtag #gaugeslug -> #gaugeslug (usage=2)
INFO:PlaywrightAdapter:[UPLOAD] Hashtag #lookdestruction -> #lookdestruction (usage=2)
INFO:PlaywrightAdapter:[UPLOAD] Hashtag #gauge -> #gauge (usage=21000)
INFO:PlaywrightAdapter:[UPLOAD] \u0110ã kích ho\u1ea1t hashtag TikTok: #gaugeslug, #lookdestruction, #gauge
INFO:PlaywrightAdapter:[UPLOAD] \u0110ã xác nh\u1eadn popup Post now.
INFO:PlaywrightAdapter:[+] Da dong phien trinh duyet va giai phong tai nguyen.
INFO:PlaywrightAdapter:[*] Dang don dep ho so tam thoi: C:\Users\Admin\AppData\Local\Temp\tiktok_auto_profiles\temp_516ee57a-456d-49ea-ad85-71245bf97505
INFO:TaskDispatcher:[*] Kh\u1edfi ch\u1ea1y trình duy\u1ec7t cho tài kho\u1ea3n: chumungly3@hotmail.com | Tác v\u1ee5: UPLOAD_MEDIA_BATCH
INFO:PlaywrightAdapter:[*] Da tao profile moi va gan 1 extension: omocaptcha@gmail.com@1.7.7
INFO:PlaywrightAdapter:[LAUNCH] OK sau 13.5s (lan 1/2).
INFO:PlaywrightAdapter:[HWND] Detected token-owned window HWND=17042826 for this session.
INFO:PlaywrightAdapter:[WINDOW] HWND=17042826 dang CLOAK/OFF-SCREEN.
INFO:PlaywrightAdapter:[EXTENSION] Active: omocaptcha@gmail.com@1.7.7 (signed/configuration verified).
INFO:PlaywrightAdapter:[*] Khoi tao tab moi sach.
INFO:PlaywrightAdapter:[+] Khoi tao browser session (headed-cloaked). Seed: 570960689 | Proxy: Direct NET
INFO:PlaywrightAdapter:[*] Dieu huong toi https://www.tiktok.com/foryou?lang=en (lan 1, wait=commit)...
INFO:PlaywrightAdapter:[HWND] Stream recovered token-owned HWND=11667188.
INFO:PlaywrightAdapter:[*] Dieu huong toi https://www.tiktok.com/foryou?lang=en (lan 1, wait=commit)...
INFO:PlaywrightAdapter:[*] Dang doi trang chu TikTok on dinh phien dang nhap...
INFO:PlaywrightAdapter:[+] Xac minh THANH CONG sau 3 giay (Phat hien nav-profile/upload/messages).
INFO:PlaywrightAdapter:[*] Dieu huong toi https://www.tiktok.com/foryou?lang=en (lan 1, wait=commit)...
INFO:PlaywrightAdapter:[*] Dieu huong toi https://www.tiktok.com/tiktokstudio/upload?lang=en (lan 1, wait=commit)...
WARNING:PlaywrightAdapter:[Upload] Playwright path channel bi patched-Firefox B178; chuyen sang native chooser DWM-cloaked. Loi: ElementHandle.set_input_files: Protocol error (Page.setFileInputFiles): error in channel "content::14/19/2": exception while running method "setFileInputFiles" in namespace "page": An attempt was made to use an object that is not, or is no longer, usable 
INFO:PlaywrightAdapter:[Upload] Da gan 1 file video qua native chooser DWM-cloaked.
INFO:PlaywrightAdapter:[UPLOAD] \u0110ã ch\u1ea5p nh\u1eadn popup: Turn on
INFO:PlaywrightAdapter:[UPLOAD] \u0110ã ch\u1ea5p nh\u1eadn popup: Got it
INFO:PlaywrightAdapter:[UPLOAD] Hashtag #gaugeslug -> #gaugeslug (usage=3)
INFO:PlaywrightAdapter:[UPLOAD] Hashtag #lookdestruction -> #lookdestruction (usage=3)
INFO:PlaywrightAdapter:[UPLOAD] Hashtag #gauge -> #gauge (usage=21000)
INFO:PlaywrightAdapter:[UPLOAD] \u0110ã kích ho\u1ea1t hashtag TikTok: #gaugeslug, #lookdestruction, #gauge
INFO:PlaywrightAdapter:[UPLOAD] \u0110ã xác nh\u1eadn popup Post now.
INFO:PlaywrightAdapter:[+] Da dong phien trinh duyet va giai phong tai nguyen.
INFO:PlaywrightAdapter:[*] Dang don dep ho so tam thoi: C:\Users\Admin\AppData\Local\Temp\tiktok_auto_profiles\temp_58aacc25-57de-4daa-a931-4a7716579c0b
INFO:TaskDispatcher:[*] Kh\u1edfi ch\u1ea1y trình duy\u1ec7t cho tài kho\u1ea3n: arenivasjalisa207@hotmail.com | Tác v\u1ee5: UPLOAD_MEDIA_BATCH
INFO:PlaywrightAdapter:[*] Da tao profile moi va gan 1 extension: omocaptcha@gmail.com@1.7.7
INFO:PlaywrightAdapter:[LAUNCH] OK sau 14.4s (lan 1/2).
INFO:PlaywrightAdapter:[HWND] Detected token-owned window HWND=12455590 for this session.
INFO:PlaywrightAdapter:[WINDOW] HWND=12455590 dang CLOAK/OFF-SCREEN.
INFO:PlaywrightAdapter:[EXTENSION] Active: omocaptcha@gmail.com@1.7.7 (signed/configuration verified).
INFO:PlaywrightAdapter:[*] Khoi tao tab moi sach.
INFO:PlaywrightAdapter:[+] Khoi tao browser session (headed-cloaked). Seed: 1658339471 | Proxy: Direct NET
INFO:PlaywrightAdapter:[*] Dieu huong toi https://www.tiktok.com/foryou?lang=en (lan 1, wait=commit)...
INFO:PlaywrightAdapter:[HWND] Stream recovered token-owned HWND=10096318.
INFO:PlaywrightAdapter:[*] Dieu huong toi https://www.tiktok.com/foryou?lang=en (lan 1, wait=commit)...
INFO:PlaywrightAdapter:[*] Dang doi trang chu TikTok on dinh phien dang nhap...
INFO:PlaywrightAdapter:[+] Xac minh THANH CONG sau 3 giay (Phat hien nav-profile/upload/messages).
INFO:PlaywrightAdapter:[*] Dieu huong toi https://www.tiktok.com/foryou?lang=en (lan 1, wait=commit)...
INFO:PlaywrightAdapter:[*] Dieu huong toi https://www.tiktok.com/tiktokstudio/upload?lang=en (lan 1, wait=commit)...
WARNING:PlaywrightAdapter:[Upload] Playwright path channel bi patched-Firefox B178; chuyen sang native chooser DWM-cloaked. Loi: ElementHandle.set_input_files: Protocol error (Page.setFileInputFiles): error in channel "content::14/19/2": exception while running method "setFileInputFiles" in namespace "page": An attempt was made to use an object that is not, or is no longer, usable 
INFO:PlaywrightAdapter:[Upload] Da gan 1 file video qua native chooser DWM-cloaked.
INFO:PlaywrightAdapter:[UPLOAD] \u0110ã ch\u1ea5p nh\u1eadn popup: Turn on
INFO:PlaywrightAdapter:[UPLOAD] \u0110ã ch\u1ea5p nh\u1eadn popup: Got it
INFO:PlaywrightAdapter:[UPLOAD] Hashtag #rifletears -> #rifletears (usage=1)
INFO:PlaywrightAdapter:[UPLOAD] Hashtag #steelplates -> #steelplates (usage=1200)
INFO:PlaywrightAdapter:[UPLOAD] Hashtag #rifle -> #rifle (usage=99000)
INFO:PlaywrightAdapter:[UPLOAD] \u0110ã kích ho\u1ea1t hashtag TikTok: #rifletears, #steelplates, #rifle
INFO:PlaywrightAdapter:[+] Da dong phien trinh duyet va giai phong tai nguyen.
INFO:PlaywrightAdapter:[*] Dang don dep ho so tam thoi: C:\Users\Admin\AppData\Local\Temp\tiktok_auto_profiles\temp_565889d3-4beb-4820-b551-edeea761a6b2
INFO:TaskDispatcher:[*] Kh\u1edfi ch\u1ea1y trình duy\u1ec7t cho tài kho\u1ea3n: fenlaylathoyax@hotmail.com | Tác v\u1ee5: UPLOAD_MEDIA_BATCH
INFO:PlaywrightAdapter:[*] Da tao profile moi va gan 1 extension: omocaptcha@gmail.com@1.7.7
INFO:WebSocketManager:[-] M\u1ed9t k\u1ebft n\u1ed1i WebSocket \u0111ã \u0111óng. T\u1ed5ng k\u1ebft n\u1ed1i: 0
INFO:     connection closed
INFO:PlaywrightAdapter:[LAUNCH] OK sau 13.1s (lan 1/2).
INFO:     127.0.0.1:62576 - "WebSocket /ws/screens" [accepted]
INFO:WebSocketManager:[+] K\u1ebft n\u1ed1i WebSocket m\u1edbi thi\u1ebft l\u1eadp. T\u1ed5ng k\u1ebft n\u1ed1i: 1
INFO:     connection closed
INFO:WebSocketManager:[-] M\u1ed9t k\u1ebft n\u1ed1i WebSocket \u0111ã \u0111óng. T\u1ed5ng k\u1ebft n\u1ed1i: 0
INFO:     127.0.0.1:62604 - "WebSocket /ws/screens" [accepted]
INFO:WebSocketManager:[+] K\u1ebft n\u1ed1i WebSocket m\u1edbi thi\u1ebft l\u1eadp. T\u1ed5ng k\u1ebft n\u1ed1i: 1
INFO:     connection open
INFO:PlaywrightAdapter:[*] Da tao profile moi va gan 1 extension: omocaptcha@gmail.com@1.7.7
INFO:PlaywrightAdapter:[HWND] Detected token-owned window HWND=13766114 for this session.
INFO:PlaywrightAdapter:[WINDOW] HWND=13766114 dang CLOAK/OFF-SCREEN.
INFO:PlaywrightAdapter:[EXTENSION] Active: omocaptcha@gmail.com@1.7.7 (signed/configuration verified).
INFO:PlaywrightAdapter:[HWND] Stream recovered token-owned HWND=15666562.
INFO:PlaywrightAdapter:[*] Khoi tao tab moi sach.
INFO:PlaywrightAdapter:[+] Khoi tao browser session (headed-cloaked). Seed: 1928891136 | Proxy: Direct NET
INFO:PlaywrightAdapter:[*] Dieu huong toi https://www.tiktok.com/foryou?lang=en (lan 1, wait=commit)...
INFO:PlaywrightAdapter:[*] Dieu huong toi https://www.tiktok.com/foryou?lang=en (lan 1, wait=commit)...
INFO:PlaywrightAdapter:[*] Dang doi trang chu TikTok on dinh phien dang nhap...
INFO:PlaywrightAdapter:[LAUNCH] OK sau 14.4s (lan 1/2).
INFO:PlaywrightAdapter:[HWND] Detected token-owned window HWND=2559582 for this session.
INFO:PlaywrightAdapter:[WINDOW] HWND=2559582 dang HIEN.
INFO:PlaywrightAdapter:[EXTENSION] Active: omocaptcha@gmail.com@1.7.7 (signed/configuration verified).
INFO:PlaywrightAdapter:[HWND] Stream recovered token-owned HWND=13700184.
INFO:PlaywrightAdapter:[*] Khoi tao tab moi sach.
INFO:PlaywrightAdapter:[+] Khoi tao browser session (headed-visible). Seed: 1658339471 | Proxy: Direct NET
INFO:PlaywrightAdapter:[*] Dieu huong toi https://www.tiktok.com/foryou?lang=en (lan 1, wait=commit)...
INFO:PlaywrightAdapter:[+] Xac minh THANH CONG sau 5 giay (Phat hien nav-profile/upload/messages).
INFO:PlaywrightAdapter:[*] Dieu huong toi https://www.tiktok.com/foryou?lang=en (lan 1, wait=commit)...
INFO:PlaywrightAdapter:[*] Dieu huong toi https://www.tiktok.com/foryou?lang=en (lan 1, wait=commit)...
INFO:PlaywrightAdapter:[*] Dang doi trang chu TikTok on dinh phien dang nhap...
INFO:PlaywrightAdapter:[+] Xac minh THANH CONG sau 4 giay (Phat hien nav-profile/upload/messages).
INFO:PlaywrightAdapter:[*] Dieu huong toi https://www.tiktok.com/tiktokstudio/upload?lang=en (lan 1, wait=commit)...
WARNING:PlaywrightAdapter:[Upload] Playwright path channel bi patched-Firefox B178; chuyen sang native chooser DWM-cloaked. Loi: ElementHandle.set_input_files: Protocol error (Page.setFileInputFiles): error in channel "content::14/19/2": exception while running method "setFileInputFiles" in namespace "page": An attempt was made to use an object that is not, or is no longer, usable 
INFO:PlaywrightAdapter:[Upload] Da gan 1 file video qua native chooser DWM-cloaked.
INFO:PlaywrightAdapter:[UPLOAD] \u0110ã ch\u1ea5p nh\u1eadn popup: Turn on
INFO:PlaywrightAdapter:[UPLOAD] \u0110ã ch\u1ea5p nh\u1eadn popup: Got it
INFO:PlaywrightAdapter:[UPLOAD] Hashtag #roundrips -> #roundrips (usage=1)
INFO:PlaywrightAdapter:[UPLOAD] Hashtag #plateschampion -> #plateschampion (usage=1)
INFO:PlaywrightAdapter:[UPLOAD] Hashtag #round -> #round (usage=280700)
INFO:PlaywrightAdapter:[UPLOAD] \u0110ã kích ho\u1ea1t hashtag TikTok: #roundrips, #plateschampion, #round
INFO:PlaywrightAdapter:[+] Da dong phien trinh duyet va giai phong tai nguyen.
INFO:PlaywrightAdapter:[*] Dang don dep ho so tam thoi: C:\Users\Admin\AppData\Local\Temp\tiktok_auto_profiles\temp_c1bfadf5-d0c5-40f3-9582-f3a45fe58d47
INFO:PlaywrightAdapter:[+] Da dong phien trinh duyet va giai phong tai nguyen.
INFO:PlaywrightAdapter:[*] Dang don dep ho so tam thoi: C:\Users\Admin\AppData\Local\Temp\tiktok_auto_profiles\temp_c8401ce1-7d2a-4c04-919f-e3a40e3f3e65
INFO:TaskDispatcher:[*] Kh\u1edfi ch\u1ea1y trình duy\u1ec7t cho tài kho\u1ea3n: nothstineschoon58@hotmail.com | Tác v\u1ee5: UPLOAD_MEDIA_BATCH
INFO:PlaywrightAdapter:[*] Da tao profile moi va gan 1 extension: omocaptcha@gmail.com@1.7.7
INFO:WebSocketManager:[-] M\u1ed9t k\u1ebft n\u1ed1i WebSocket \u0111ã \u0111óng. T\u1ed5ng k\u1ebft n\u1ed1i: 0
INFO:     connection closed
INFO:     127.0.0.1:51294 - "WebSocket /ws/screens" [accepted]
INFO:WebSocketManager:[+] K\u1ebft n\u1ed1i WebSocket m\u1edbi thi\u1ebft l\u1eadp. T\u1ed5ng k\u1ebft n\u1ed1i: 1
INFO:     connection open
INFO:     127.0.0.1:51295 - "WebSocket /ws/screens" [accepted]
INFO:WebSocketManager:[+] K\u1ebft n\u1ed1i WebSocket m\u1edbi thi\u1ebft l\u1eadp. T\u1ed5ng k\u1ebft n\u1ed1i: 2
INFO:     connection open
INFO:WebSocketManager:[-] M\u1ed9t k\u1ebft n\u1ed1i WebSocket \u0111ã \u0111óng. T\u1ed5ng k\u1ebft n\u1ed1i: 1
INFO:     connection closed
INFO:PlaywrightAdapter:[LAUNCH] OK sau 13.1s (lan 1/2).
INFO:PlaywrightAdapter:[HWND] Detected token-owned window HWND=44961076 for this session.
INFO:PlaywrightAdapter:[WINDOW] HWND=44961076 dang CLOAK/OFF-SCREEN.
INFO:PlaywrightAdapter:[EXTENSION] Active: omocaptcha@gmail.com@1.7.7 (signed/configuration verified).
INFO:PlaywrightAdapter:[*] Khoi tao tab moi sach.
INFO:PlaywrightAdapter:[+] Khoi tao browser session (headed-cloaked). Seed: 89074928 | Proxy: Direct NET
INFO:PlaywrightAdapter:[*] Dieu huong toi https://www.tiktok.com/foryou?lang=en (lan 1, wait=commit)...
INFO:PlaywrightAdapter:[HWND] Stream recovered token-owned HWND=15928706.
INFO:PlaywrightAdapter:[*] Dieu huong toi https://www.tiktok.com/foryou?lang=en (lan 1, wait=commit)...
INFO:PlaywrightAdapter:[*] Dang doi trang chu TikTok on dinh phien dang nhap...
INFO:PlaywrightAdapter:[+] Xac minh THANH CONG sau 3 giay (Phat hien nav-profile/upload/messages).
INFO:PlaywrightAdapter:[*] Dieu huong toi https://www.tiktok.com/foryou?lang=en (lan 1, wait=commit)...
INFO:PlaywrightAdapter:[*] Dieu huong toi https://www.tiktok.com/tiktokstudio/upload?lang=en (lan 1, wait=commit)...
WARNING:PlaywrightAdapter:[Upload] Playwright path channel bi patched-Firefox B178; chuyen sang native chooser DWM-cloaked. Loi: ElementHandle.set_input_files: Protocol error (Page.setFileInputFiles): error in channel "content::14/19/2": exception while running method "setFileInputFiles" in namespace "page": An attempt was made to use an object that is not, or is no longer, usable 
INFO:PlaywrightAdapter:[Upload] Da gan 1 file video qua native chooser DWM-cloaked.
INFO:PlaywrightAdapter:[UPLOAD] \u0110ã ch\u1ea5p nh\u1eadn popup: Turn on
INFO:PlaywrightAdapter:[UPLOAD] \u0110ã ch\u1ea5p nh\u1eadn popup: Got it
INFO:PlaywrightAdapter:[UPLOAD] Hashtag #magnumsets -> #magnumsets (usage=1)
INFO:PlaywrightAdapter:[UPLOAD] Hashtag #afterplates -> #afterplates (usage=4)
INFO:PlaywrightAdapter:[UPLOAD] Hashtag #magnum -> #magnum (usage=191300)
INFO:PlaywrightAdapter:[UPLOAD] \u0110ã kích ho\u1ea1t hashtag TikTok: #magnumsets, #afterplates, #magnum
INFO:PlaywrightAdapter:[+] Da dong phien trinh duyet va giai phong tai nguyen.
INFO:PlaywrightAdapter:[*] Dang don dep ho so tam thoi: C:\Users\Admin\AppData\Local\Temp\tiktok_auto_profiles\temp_2d5bfcf9-2e40-46a2-a4ac-dc87c127b122
INFO:TaskDispatcher:[*] Kh\u1edfi ch\u1ea1y trình duy\u1ec7t cho tài kho\u1ea3n: odiernotipner419@hotmail.com | Tác v\u1ee5: UPLOAD_MEDIA_BATCH
INFO:PlaywrightAdapter:[*] Da tao profile moi va gan 1 extension: omocaptcha@gmail.com@1.7.7
INFO:PlaywrightAdapter:[LAUNCH] OK sau 12.8s (lan 1/2).
INFO:PlaywrightAdapter:[HWND] Detected token-owned window HWND=39455316 for this session.
INFO:PlaywrightAdapter:[WINDOW] HWND=39455316 dang CLOAK/OFF-SCREEN.
INFO:PlaywrightAdapter:[EXTENSION] Active: omocaptcha@gmail.com@1.7.7 (signed/configuration verified).
INFO:PlaywrightAdapter:[*] Khoi tao tab moi sach.
INFO:PlaywrightAdapter:[+] Khoi tao browser session (headed-cloaked). Seed: 1779554913 | Proxy: Direct NET
INFO:PlaywrightAdapter:[*] Dieu huong toi https://www.tiktok.com/foryou?lang=en (lan 1, wait=commit)...
INFO:PlaywrightAdapter:[HWND] Stream recovered token-owned HWND=26347568.
INFO:PlaywrightAdapter:[*] Dieu huong toi https://www.tiktok.com/foryou?lang=en (lan 1, wait=commit)...
INFO:PlaywrightAdapter:[*] Dang doi trang chu TikTok on dinh phien dang nhap...
INFO:PlaywrightAdapter:[+] Xac minh THANH CONG sau 3 giay (Phat hien nav-profile/upload/messages).
INFO:PlaywrightAdapter:[*] Dieu huong toi https://www.tiktok.com/foryou?lang=en (lan 1, wait=commit)...
INFO:TaskDispatcher:[!] [EMERGENCY STOP] Da huy 4 task dang chay va xoa 8 task con trong hang doi.
WARNING:TaskDispatcher:[!] Task cua tai khoan fenlaylathoyax@hotmail.com da bi HUY (Emergency Stop / Shutdown).
WARNING:TaskDispatcher:[!] Task cua tai khoan nothstineschoon58@hotmail.com da bi HUY (Emergency Stop / Shutdown).
WARNING:TaskDispatcher:[!] Task cua tai khoan odiernotipner419@hotmail.com da bi HUY (Emergency Stop / Shutdown).
INFO:TaskDispatcher:[*] Kh\u1edfi ch\u1ea1y trình duy\u1ec7t cho tài kho\u1ea3n: welshansmusquiz4436@hotmail.com | Tác v\u1ee5: UPLOAD_MEDIA_BATCH
WARNING:TaskDispatcher:[!] Task cua tai khoan arenivasjalisa207@hotmail.com da bi HUY (Emergency Stop / Shutdown).
INFO:PlaywrightAdapter:[+] Da dong phien trinh duyet va giai phong tai nguyen.
INFO:PlaywrightAdapter:[*] Dang don dep ho so tam thoi: C:\Users\Admin\AppData\Local\Temp\tiktok_auto_profiles\temp_d39f6012-bd23-4063-8a70-3e0de99da7f4
INFO:WebSocketManager:[-] M\u1ed9t k\u1ebft n\u1ed1i WebSocket \u0111ã \u0111óng. T\u1ed5ng k\u1ebft n\u1ed1i: 0
INFO:     connection closed
INFO:PlaywrightAdapter:[*] Da tao profile moi va gan 1 extension: omocaptcha@gmail.com@1.7.7
INFO:PlaywrightAdapter:[LAUNCH] OK sau 12.4s (lan 1/2).
INFO:PlaywrightAdapter:[HWND] Detected token-owned window HWND=45485364 for this session.
INFO:PlaywrightAdapter:[WINDOW] HWND=45485364 dang CLOAK/OFF-SCREEN.
INFO:PlaywrightAdapter:[EXTENSION] Active: omocaptcha@gmail.com@1.7.7 (signed/configuration verified).
INFO:PlaywrightAdapter:[*] Khoi tao tab moi sach.
INFO:PlaywrightAdapter:[+] Khoi tao browser session (headed-cloaked). Seed: 1175472898 | Proxy: Direct NET
INFO:PlaywrightAdapter:[*] Dieu huong toi https://www.tiktok.com/foryou?lang=en (lan 1, wait=commit)...
INFO:PlaywrightAdapter:[*] Dieu huong toi https://www.tiktok.com/foryou?lang=en (lan 1, wait=commit)...
INFO:     127.0.0.1:58335 - "WebSocket /ws/screens" [accepted]
INFO:WebSocketManager:[+] K\u1ebft n\u1ed1i WebSocket m\u1edbi thi\u1ebft l\u1eadp. T\u1ed5ng k\u1ebft n\u1ed1i: 1
INFO:     connection open
INFO:     127.0.0.1:58336 - "WebSocket /ws/screens" [accepted]
INFO:WebSocketManager:[+] K\u1ebft n\u1ed1i WebSocket m\u1edbi thi\u1ebft l\u1eadp. T\u1ed5ng k\u1ebft n\u1ed1i: 2
INFO:     connection open
INFO:WebSocketManager:[-] M\u1ed9t k\u1ebft n\u1ed1i WebSocket \u0111ã \u0111óng. T\u1ed5ng k\u1ebft n\u1ed1i: 1
INFO:     connection closed
INFO:PlaywrightAdapter:[HWND] Stream recovered token-owned HWND=1838812.
INFO:PlaywrightAdapter:[*] Dang doi trang chu TikTok on dinh phien dang nhap...
INFO:TaskDispatcher:[!] [EMERGENCY STOP] Da huy 1 task dang chay va xoa 0 task con trong hang doi.
WARNING:TaskDispatcher:[!] Task cua tai khoan welshansmusquiz4436@hotmail.com da bi HUY (Emergency Stop / Shutdown).
INFO:PlaywrightAdapter:[+] Da dong phien trinh duyet va giai phong tai nguyen.
INFO:PlaywrightAdapter:[*] Dang don dep ho so tam thoi: C:\Users\Admin\AppData\Local\Temp\tiktok_auto_profiles\temp_598dfe52-77c3-440d-9031-9b58c1dabef7
INFO:WebSocketManager:[-] M\u1ed9t k\u1ebft n\u1ed1i WebSocket \u0111ã \u0111óng. T\u1ed5ng k\u1ebft n\u1ed1i: 0
INFO:     connection closed
INFO:     127.0.0.1:59215 - "WebSocket /ws/screens" [accepted]
INFO:WebSocketManager:[+] K\u1ebft n\u1ed1i WebSocket m\u1edbi thi\u1ebft l\u1eadp. T\u1ed5ng k\u1ebft n\u1ed1i: 1
INFO:     connection open
INFO:     127.0.0.1:59219 - "WebSocket /ws/screens" [accepted]
INFO:WebSocketManager:[+] K\u1ebft n\u1ed1i WebSocket m\u1edbi thi\u1ebft l\u1eadp. T\u1ed5ng k\u1ebft n\u1ed1i: 2
INFO:     connection open
INFO:WebSocketManager:[-] M\u1ed9t k\u1ebft n\u1ed1i WebSocket \u0111ã \u0111óng. T\u1ed5ng k\u1ebft n\u1ed1i: 1
INFO:     connection closed
INFO:WebSocketManager:[-] M\u1ed9t k\u1ebft n\u1ed1i WebSocket \u0111ã \u0111óng. T\u1ed5ng k\u1ebft n\u1ed1i: 0
INFO:     connection closed
INFO:     127.0.0.1:50633 - "WebSocket /ws/screens" [accepted]
INFO:WebSocketManager:[+] K\u1ebft n\u1ed1i WebSocket m\u1edbi thi\u1ebft l\u1eadp. T\u1ed5ng k\u1ebft n\u1ed1i: 1
INFO:     connection open
INFO:     127.0.0.1:50634 - "WebSocket /ws/screens" [accepted]
INFO:WebSocketManager:[+] K\u1ebft n\u1ed1i WebSocket m\u1edbi thi\u1ebft l\u1eadp. T\u1ed5ng k\u1ebft n\u1ed1i: 2
INFO:     connection open
INFO:WebSocketManager:[-] M\u1ed9t k\u1ebft n\u1ed1i WebSocket \u0111ã \u0111óng. T\u1ed5ng k\u1ebft n\u1ed1i: 1
INFO:     connection closed
INFO:WebSocketManager:[-] M\u1ed9t k\u1ebft n\u1ed1i WebSocket \u0111ã \u0111óng. T\u1ed5ng k\u1ebft n\u1ed1i: 0
INFO:     connection closed
INFO:TaskDispatcher:[+] \u0110ã c\u1eadp nh\u1eadt gi\u1edbi h\u1ea1n lu\u1ed3ng ch\u1ea1y \u0111\u1ed3ng th\u1eddi / 1 proxy thành: 1
INFO:TaskDispatcher:[+] Tài kho\u1ea3n szocssutantox@hotmail.com | Tác v\u1ee5 UPLOAD_MEDIA_BATCH \u0111ã \u0111\u01b0\u1ee3c \u0111\u01b0a vào hàng \u0111\u1ee3i.
INFO:TaskDispatcher:[+] Tài kho\u1ea3n richarddemmin623037@outlook.com | Tác v\u1ee5 UPLOAD_MEDIA_BATCH \u0111ã \u0111\u01b0\u1ee3c \u0111\u01b0a vào hàng \u0111\u1ee3i.
INFO:TaskDispatcher:[+] Tài kho\u1ea3n zainesker046118@outlook.com | Tác v\u1ee5 UPLOAD_MEDIA_BATCH \u0111ã \u0111\u01b0\u1ee3c \u0111\u01b0a vào hàng \u0111\u1ee3i.
INFO:TaskDispatcher:[+] Tài kho\u1ea3n irumajonesy86@hotmail.com | Tác v\u1ee5 UPLOAD_MEDIA_BATCH \u0111ã \u0111\u01b0\u1ee3c \u0111\u01b0a vào hàng \u0111\u1ee3i.
INFO:TaskDispatcher:[+] Tài kho\u1ea3n bodahatulobio@hotmail.com | Tác v\u1ee5 UPLOAD_MEDIA_BATCH \u0111ã \u0111\u01b0\u1ee3c \u0111\u01b0a vào hàng \u0111\u1ee3i.
INFO:TaskDispatcher:[+] Tài kho\u1ea3n ducaynelcida66@hotmail.com | Tác v\u1ee5 UPLOAD_MEDIA_BATCH \u0111ã \u0111\u01b0\u1ee3c \u0111\u01b0a vào hàng \u0111\u1ee3i.
INFO:TaskDispatcher:[+] Tài kho\u1ea3n chumungly3@hotmail.com | Tác v\u1ee5 UPLOAD_MEDIA_BATCH \u0111ã \u0111\u01b0\u1ee3c \u0111\u01b0a vào hàng \u0111\u1ee3i.
INFO:TaskDispatcher:[+] Tài kho\u1ea3n arenivasjalisa207@hotmail.com | Tác v\u1ee5 UPLOAD_MEDIA_BATCH \u0111ã \u0111\u01b0\u1ee3c \u0111\u01b0a vào hàng \u0111\u1ee3i.
INFO:TaskDispatcher:[+] Tài kho\u1ea3n fenlaylathoyax@hotmail.com | Tác v\u1ee5 UPLOAD_MEDIA_BATCH \u0111ã \u0111\u01b0\u1ee3c \u0111\u01b0a vào hàng \u0111\u1ee3i.
INFO:TaskDispatcher:[+] Tài kho\u1ea3n nothstineschoon58@hotmail.com | Tác v\u1ee5 UPLOAD_MEDIA_BATCH \u0111ã \u0111\u01b0\u1ee3c \u0111\u01b0a vào hàng \u0111\u1ee3i.
INFO:TaskDispatcher:[+] Tài kho\u1ea3n odiernotipner419@hotmail.com | Tác v\u1ee5 UPLOAD_MEDIA_BATCH \u0111ã \u0111\u01b0\u1ee3c \u0111\u01b0a vào hàng \u0111\u1ee3i.
INFO:TaskDispatcher:[+] Tài kho\u1ea3n welshansmusquiz4436@hotmail.com | Tác v\u1ee5 UPLOAD_MEDIA_BATCH \u0111ã \u0111\u01b0\u1ee3c \u0111\u01b0a vào hàng \u0111\u1ee3i.
INFO:TaskDispatcher:[+] Tài kho\u1ea3n kineavyshataej@hotmail.com | Tác v\u1ee5 UPLOAD_MEDIA_BATCH \u0111ã \u0111\u01b0\u1ee3c \u0111\u01b0a vào hàng \u0111\u1ee3i.
INFO:TaskDispatcher:[+] Tài kho\u1ea3n alyonipedrosov9555@hotmail.com | Tác v\u1ee5 UPLOAD_MEDIA_BATCH \u0111ã \u0111\u01b0\u1ee3c \u0111\u01b0a vào hàng \u0111\u1ee3i.
INFO:TaskDispatcher:[+] Tài kho\u1ea3n baltaxepajorekg@hotmail.com | Tác v\u1ee5 UPLOAD_MEDIA_BATCH \u0111ã \u0111\u01b0\u1ee3c \u0111\u01b0a vào hàng \u0111\u1ee3i.
INFO:TaskDispatcher:[+] Tài kho\u1ea3n mezickrbugaiskik3505@hotmail.com | Tác v\u1ee5 UPLOAD_MEDIA_BATCH \u0111ã \u0111\u01b0\u1ee3c \u0111\u01b0a vào hàng \u0111\u1ee3i.
INFO:TaskDispatcher:[+] Tài kho\u1ea3n crawerstrakonu@hotmail.com | Tác v\u1ee5 UPLOAD_MEDIA_BATCH \u0111ã \u0111\u01b0\u1ee3c \u0111\u01b0a vào hàng \u0111\u1ee3i.
INFO:TaskDispatcher:[+] Tài kho\u1ea3n trinhthongphat2@hotmail.com | Tác v\u1ee5 UPLOAD_MEDIA_BATCH \u0111ã \u0111\u01b0\u1ee3c \u0111\u01b0a vào hàng \u0111\u1ee3i.
INFO:TaskDispatcher:[+] Tài kho\u1ea3n leemnhut18@hotmail.com | Tác v\u1ee5 UPLOAD_MEDIA_BATCH \u0111ã \u0111\u01b0\u1ee3c \u0111\u01b0a vào hàng \u0111\u1ee3i.
INFO:TaskDispatcher:[+] Tài kho\u1ea3n arcidelisun43@hotmail.com | Tác v\u1ee5 UPLOAD_MEDIA_BATCH \u0111ã \u0111\u01b0\u1ee3c \u0111\u01b0a vào hàng \u0111\u1ee3i.
INFO:TaskDispatcher:[*] Kh\u1edfi ch\u1ea1y trình duy\u1ec7t cho tài kho\u1ea3n: szocssutantox@hotmail.com | Tác v\u1ee5: UPLOAD_MEDIA_BATCH
INFO:TaskDispatcher:[*] Kh\u1edfi ch\u1ea1y trình duy\u1ec7t cho tài kho\u1ea3n: richarddemmin623037@outlook.com | Tác v\u1ee5: UPLOAD_MEDIA_BATCH
INFO:TaskDispatcher:[*] Kh\u1edfi ch\u1ea1y trình duy\u1ec7t cho tài kho\u1ea3n: zainesker046118@outlook.com | Tác v\u1ee5: UPLOAD_MEDIA_BATCH
INFO:TaskDispatcher:[*] Kh\u1edfi ch\u1ea1y trình duy\u1ec7t cho tài kho\u1ea3n: irumajonesy86@hotmail.com | Tác v\u1ee5: UPLOAD_MEDIA_BATCH
INFO:PlaywrightAdapter:[*] Da tao profile moi va gan 1 extension: omocaptcha@gmail.com@1.7.7
INFO:     127.0.0.1:51728 - "WebSocket /ws/screens" [accepted]
INFO:WebSocketManager:[+] K\u1ebft n\u1ed1i WebSocket m\u1edbi thi\u1ebft l\u1eadp. T\u1ed5ng k\u1ebft n\u1ed1i: 1
INFO:     connection open
INFO:     127.0.0.1:51729 - "WebSocket /ws/screens" [accepted]
INFO:WebSocketManager:[+] K\u1ebft n\u1ed1i WebSocket m\u1edbi thi\u1ebft l\u1eadp. T\u1ed5ng k\u1ebft n\u1ed1i: 2
INFO:     connection open
INFO:WebSocketManager:[-] M\u1ed9t k\u1ebft n\u1ed1i WebSocket \u0111ã \u0111óng. T\u1ed5ng k\u1ebft n\u1ed1i: 1
INFO:     connection closed
INFO:PlaywrightAdapter:[LAUNCH] OK sau 13.2s (lan 1/2).
INFO:PlaywrightAdapter:[HWND] Detected token-owned window HWND=204802954 for this session.
INFO:PlaywrightAdapter:[WINDOW] HWND=204802954 dang CLOAK/OFF-SCREEN.
INFO:PlaywrightAdapter:[EXTENSION] Active: omocaptcha@gmail.com@1.7.7 (signed/configuration verified).
INFO:PlaywrightAdapter:[*] Khoi tao tab moi sach.
INFO:PlaywrightAdapter:[+] Khoi tao browser session (headed-cloaked). Seed: 2072928330 | Proxy: Direct NET
INFO:PlaywrightAdapter:[*] Dieu huong toi https://www.tiktok.com/foryou?lang=en (lan 1, wait=commit)...
INFO:PlaywrightAdapter:[HWND] Stream recovered token-owned HWND=921270.
INFO:PlaywrightAdapter:[*] Dieu huong toi https://www.tiktok.com/foryou?lang=en (lan 1, wait=commit)...
INFO:PlaywrightAdapter:[*] Dang doi trang chu TikTok on dinh phien dang nhap...
INFO:PlaywrightAdapter:[+] Xac minh THANH CONG sau 3 giay (Phat hien nav-profile/upload/messages).
INFO:PlaywrightAdapter:[*] Dieu huong toi https://www.tiktok.com/foryou?lang=en (lan 1, wait=commit)...
INFO:PlaywrightAdapter:[*] Dieu huong toi https://www.tiktok.com/tiktokstudio/upload?lang=en (lan 1, wait=commit)...
WARNING:PlaywrightAdapter:[Upload] Playwright path channel bi patched-Firefox B178; chuyen sang native chooser DWM-cloaked. Loi: ElementHandle.set_input_files: Protocol error (Page.setFileInputFiles): error in channel "content::14/19/2": exception while running method "setFileInputFiles" in namespace "page": An attempt was made to use an object that is not, or is no longer, usable 
INFO:PlaywrightAdapter:[Upload] Da gan 1 file video qua native chooser DWM-cloaked.
INFO:PlaywrightAdapter:[UPLOAD] \u0110ã ch\u1ea5p nh\u1eadn popup: Got it
INFO:PlaywrightAdapter:[UPLOAD] Hashtag #leagueoflegends -> #leagueoflegends (usage=12500000)
INFO:PlaywrightAdapter:[UPLOAD] Hashtag #lol_-5I8h_LhDJ4 -> #lol_-5I8h_LhDJ4 (usage=not-shown)
INFO:PlaywrightAdapter:[UPLOAD] \u0110ã kích ho\u1ea1t hashtag TikTok: #leagueoflegends, #lol_-5I8h_LhDJ4
INFO:PlaywrightAdapter:[+] Da dong phien trinh duyet va giai phong tai nguyen.
INFO:PlaywrightAdapter:[*] Dang don dep ho so tam thoi: C:\Users\Admin\AppData\Local\Temp\tiktok_auto_profiles\temp_53395f4a-0584-4bb1-b5d1-20d6dabddec4
INFO:WebSocketManager:[-] M\u1ed9t k\u1ebft n\u1ed1i WebSocket \u0111ã \u0111óng. T\u1ed5ng k\u1ebft n\u1ed1i: 0
INFO:     connection closed
INFO:TaskDispatcher:[*] Kh\u1edfi ch\u1ea1y trình duy\u1ec7t cho tài kho\u1ea3n: bodahatulobio@hotmail.com | Tác v\u1ee5: UPLOAD_MEDIA_BATCH
INFO:PlaywrightAdapter:[*] Da tao profile moi va gan 1 extension: omocaptcha@gmail.com@1.7.7
INFO:PlaywrightAdapter:[LAUNCH] OK sau 13.5s (lan 1/2).
INFO:PlaywrightAdapter:[HWND] Detected token-owned window HWND=24055348 for this session.
INFO:PlaywrightAdapter:[WINDOW] HWND=24055348 dang CLOAK/OFF-SCREEN.
INFO:PlaywrightAdapter:[EXTENSION] Active: omocaptcha@gmail.com@1.7.7 (signed/configuration verified).
INFO:PlaywrightAdapter:[HWND] Stream recovered token-owned HWND=129109100.
INFO:PlaywrightAdapter:[*] Khoi tao tab moi sach.
INFO:PlaywrightAdapter:[+] Khoi tao browser session (headed-cloaked). Seed: 565079340 | Proxy: Direct NET
INFO:PlaywrightAdapter:[*] Dieu huong toi https://www.tiktok.com/foryou?lang=en (lan 1, wait=commit)...
INFO:PlaywrightAdapter:[*] Dieu huong toi https://www.tiktok.com/foryou?lang=en (lan 1, wait=commit)...
INFO:PlaywrightAdapter:[*] Dang doi trang chu TikTok on dinh phien dang nhap...
INFO:PlaywrightAdapter:[+] Xac minh THANH CONG sau 3 giay (Phat hien nav-profile/upload/messages).
INFO:PlaywrightAdapter:[*] Dieu huong toi https://www.tiktok.com/foryou?lang=en (lan 1, wait=commit)...
INFO:PlaywrightAdapter:[*] Dieu huong toi https://www.tiktok.com/tiktokstudio/upload?lang=en (lan 1, wait=commit)...
WARNING:PlaywrightAdapter:[Upload] Playwright path channel bi patched-Firefox B178; chuyen sang native chooser DWM-cloaked. Loi: ElementHandle.set_input_files: Protocol error (Page.setFileInputFiles): error in channel "content::14/19/2": exception while running method "setFileInputFiles" in namespace "page": An attempt was made to use an object that is not, or is no longer, usable 
INFO:PlaywrightAdapter:[Upload] Da gan 1 file video qua native chooser DWM-cloaked.
INFO:PlaywrightAdapter:[UPLOAD] \u0110ã ch\u1ea5p nh\u1eadn popup: Got it
INFO:     127.0.0.1:60178 - "WebSocket /ws/screens" [accepted]
INFO:WebSocketManager:[+] K\u1ebft n\u1ed1i WebSocket m\u1edbi thi\u1ebft l\u1eadp. T\u1ed5ng k\u1ebft n\u1ed1i: 1
INFO:     connection open
INFO:     127.0.0.1:60179 - "WebSocket /ws/screens" [accepted]
INFO:WebSocketManager:[+] K\u1ebft n\u1ed1i WebSocket m\u1edbi thi\u1ebft l\u1eadp. T\u1ed5ng k\u1ebft n\u1ed1i: 2
INFO:     connection open
INFO:WebSocketManager:[-] M\u1ed9t k\u1ebft n\u1ed1i WebSocket \u0111ã \u0111óng. T\u1ed5ng k\u1ebft n\u1ed1i: 1
INFO:     connection closed
INFO:PlaywrightAdapter:[UPLOAD] Hashtag #leagueoflegends -> #leagueoflegends (usage=12500000)
INFO:PlaywrightAdapter:[UPLOAD] Hashtag #lol_2xjyO_zlcVA -> #lol_2xjyO_zlcVA (usage=16)
INFO:PlaywrightAdapter:[UPLOAD] \u0110ã kích ho\u1ea1t hashtag TikTok: #leagueoflegends, #lol_2xjyO_zlcVA
INFO:PlaywrightAdapter:[+] Da dong phien trinh duyet va giai phong tai nguyen.
INFO:PlaywrightAdapter:[*] Dang don dep ho so tam thoi: C:\Users\Admin\AppData\Local\Temp\tiktok_auto_profiles\temp_eab0e67e-8d7a-4584-a376-18580d5a138c
INFO:TaskDispatcher:[*] Kh\u1edfi ch\u1ea1y trình duy\u1ec7t cho tài kho\u1ea3n: ducaynelcida66@hotmail.com | Tác v\u1ee5: UPLOAD_MEDIA_BATCH
INFO:PlaywrightAdapter:[*] Da tao profile moi va gan 1 extension: omocaptcha@gmail.com@1.7.7
INFO:PlaywrightAdapter:[LAUNCH] OK sau 13.1s (lan 1/2).
INFO:PlaywrightAdapter:[HWND] Detected token-owned window HWND=13766090 for this session.
INFO:PlaywrightAdapter:[WINDOW] HWND=13766090 dang CLOAK/OFF-SCREEN.
INFO:PlaywrightAdapter:[EXTENSION] Active: omocaptcha@gmail.com@1.7.7 (signed/configuration verified).
INFO:PlaywrightAdapter:[*] Khoi tao tab moi sach.
INFO:PlaywrightAdapter:[+] Khoi tao browser session (headed-cloaked). Seed: 223630096 | Proxy: Direct NET
INFO:PlaywrightAdapter:[*] Dieu huong toi https://www.tiktok.com/foryou?lang=en (lan 1, wait=commit)...
INFO:PlaywrightAdapter:[HWND] Stream recovered token-owned HWND=1314656.
INFO:PlaywrightAdapter:[*] Dieu huong toi https://www.tiktok.com/foryou?lang=en (lan 1, wait=commit)...
INFO:PlaywrightAdapter:[*] Dang doi trang chu TikTok on dinh phien dang nhap...
INFO:PlaywrightAdapter:[+] Xac minh THANH CONG sau 4 giay (Phat hien nav-profile/upload/messages).
INFO:PlaywrightAdapter:[*] Dieu huong toi https://www.tiktok.com/foryou?lang=en (lan 1, wait=commit)...
INFO:PlaywrightAdapter:[*] Dieu huong toi https://www.tiktok.com/tiktokstudio/upload?lang=en (lan 1, wait=commit)...
WARNING:PlaywrightAdapter:[Upload] Playwright path channel bi patched-Firefox B178; chuyen sang native chooser DWM-cloaked. Loi: ElementHandle.set_input_files: Protocol error (Page.setFileInputFiles): error in channel "content::14/19/2": exception while running method "setFileInputFiles" in namespace "page": An attempt was made to use an object that is not, or is no longer, usable 
INFO:PlaywrightAdapter:[Upload] Da gan 1 file video qua native chooser DWM-cloaked.
INFO:PlaywrightAdapter:[UPLOAD] \u0110ã ch\u1ea5p nh\u1eadn popup: Got it
INFO:PlaywrightAdapter:[UPLOAD] Hashtag #leagueoflegends -> #leagueoflegends (usage=12500000)
INFO:PlaywrightAdapter:[UPLOAD] Hashtag #lol_6jTj_a9DUwE -> #lol_6jTj_a9DUwE (usage=3)
INFO:PlaywrightAdapter:[UPLOAD] \u0110ã kích ho\u1ea1t hashtag TikTok: #leagueoflegends, #lol_6jTj_a9DUwE
INFO:PlaywrightAdapter:[+] Da dong phien trinh duyet va giai phong tai nguyen.
INFO:PlaywrightAdapter:[*] Dang don dep ho so tam thoi: C:\Users\Admin\AppData\Local\Temp\tiktok_auto_profiles\temp_39491ad5-c70b-476a-95c5-8690e6c40e6d
INFO:TaskDispatcher:[*] Kh\u1edfi ch\u1ea1y trình duy\u1ec7t cho tài kho\u1ea3n: chumungly3@hotmail.com | Tác v\u1ee5: UPLOAD_MEDIA_BATCH
INFO:PlaywrightAdapter:[*] Da tao profile moi va gan 1 extension: omocaptcha@gmail.com@1.7.7
INFO:PlaywrightAdapter:[LAUNCH] OK sau 13.0s (lan 1/2).
INFO:PlaywrightAdapter:[HWND] Detected token-owned window HWND=39848472 for this session.
INFO:PlaywrightAdapter:[WINDOW] HWND=39848472 dang CLOAK/OFF-SCREEN.
INFO:PlaywrightAdapter:[EXTENSION] Active: omocaptcha@gmail.com@1.7.7 (signed/configuration verified).
INFO:PlaywrightAdapter:[HWND] Stream recovered token-owned HWND=131075180.
INFO:PlaywrightAdapter:[*] Khoi tao tab moi sach.
INFO:PlaywrightAdapter:[+] Khoi tao browser session (headed-cloaked). Seed: 570960689 | Proxy: Direct NET
INFO:PlaywrightAdapter:[*] Dieu huong toi https://www.tiktok.com/foryou?lang=en (lan 1, wait=commit)...
INFO:PlaywrightAdapter:[*] Dieu huong toi https://www.tiktok.com/foryou?lang=en (lan 1, wait=commit)...
INFO:PlaywrightAdapter:[*] Dang doi trang chu TikTok on dinh phien dang nhap...
INFO:PlaywrightAdapter:[+] Xac minh THANH CONG sau 3 giay (Phat hien nav-profile/upload/messages).
INFO:PlaywrightAdapter:[*] Dieu huong toi https://www.tiktok.com/foryou?lang=en (lan 1, wait=commit)...
INFO:PlaywrightAdapter:[*] Dieu huong toi https://www.tiktok.com/tiktokstudio/upload?lang=en (lan 1, wait=commit)...
WARNING:PlaywrightAdapter:[Upload] Playwright path channel bi patched-Firefox B178; chuyen sang native chooser DWM-cloaked. Loi: ElementHandle.set_input_files: Protocol error (Page.setFileInputFiles): error in channel "content::14/19/2": exception while running method "setFileInputFiles" in namespace "page": An attempt was made to use an object that is not, or is no longer, usable 
INFO:PlaywrightAdapter:[Upload] Da gan 1 file video qua native chooser DWM-cloaked.
INFO:PlaywrightAdapter:[UPLOAD] \u0110ã ch\u1ea5p nh\u1eadn popup: Got it
INFO:PlaywrightAdapter:[UPLOAD] Hashtag #leagueoflegends -> #leagueoflegends (usage=12500000)
INFO:PlaywrightAdapter:[UPLOAD] Hashtag #lol_6OwZFlqJZqI -> #lol_6OwZFlqJZqI (usage=1)
INFO:PlaywrightAdapter:[UPLOAD] \u0110ã kích ho\u1ea1t hashtag TikTok: #leagueoflegends, #lol_6OwZFlqJZqI
INFO:PlaywrightAdapter:[+] Da dong phien trinh duyet va giai phong tai nguyen.
INFO:PlaywrightAdapter:[*] Dang don dep ho so tam thoi: C:\Users\Admin\AppData\Local\Temp\tiktok_auto_profiles\temp_7aefb9dc-ee34-4507-917b-04548fbe8dca
INFO:TaskDispatcher:[*] Kh\u1edfi ch\u1ea1y trình duy\u1ec7t cho tài kho\u1ea3n: arenivasjalisa207@hotmail.com | Tác v\u1ee5: UPLOAD_MEDIA_BATCH
INFO:PlaywrightAdapter:[*] Da tao profile moi va gan 1 extension: omocaptcha@gmail.com@1.7.7
INFO:PlaywrightAdapter:[LAUNCH] OK sau 13.3s (lan 1/2).
INFO:PlaywrightAdapter:[HWND] Detected token-owned window HWND=14618058 for this session.
INFO:PlaywrightAdapter:[WINDOW] HWND=14618058 dang CLOAK/OFF-SCREEN.
INFO:PlaywrightAdapter:[EXTENSION] Active: omocaptcha@gmail.com@1.7.7 (signed/configuration verified).
INFO:PlaywrightAdapter:[HWND] Stream recovered token-owned HWND=33361368.
INFO:PlaywrightAdapter:[*] Khoi tao tab moi sach.
INFO:PlaywrightAdapter:[+] Khoi tao browser session (headed-cloaked). Seed: 1658339471 | Proxy: Direct NET
INFO:PlaywrightAdapter:[*] Dieu huong toi https://www.tiktok.com/foryou?lang=en (lan 1, wait=commit)...
INFO:PlaywrightAdapter:[*] Dieu huong toi https://www.tiktok.com/foryou?lang=en (lan 1, wait=commit)...
INFO:PlaywrightAdapter:[*] Dang doi trang chu TikTok on dinh phien dang nhap...
INFO:PlaywrightAdapter:[+] Xac minh THANH CONG sau 5 giay (Phat hien nav-profile/upload/messages).
INFO:PlaywrightAdapter:[*] Dieu huong toi https://www.tiktok.com/foryou?lang=en (lan 1, wait=commit)...
INFO:PlaywrightAdapter:[*] Dieu huong toi https://www.tiktok.com/tiktokstudio/upload?lang=en (lan 1, wait=commit)...
WARNING:PlaywrightAdapter:[Upload] Playwright path channel bi patched-Firefox B178; chuyen sang native chooser DWM-cloaked. Loi: ElementHandle.set_input_files: Protocol error (Page.setFileInputFiles): error in channel "content::14/19/2": exception while running method "setFileInputFiles" in namespace "page": An attempt was made to use an object that is not, or is no longer, usable 
INFO:PlaywrightAdapter:[Upload] Da gan 1 file video qua native chooser DWM-cloaked.
INFO:PlaywrightAdapter:[UPLOAD] \u0110ã ch\u1ea5p nh\u1eadn popup: Got it
INFO:PlaywrightAdapter:[UPLOAD] Hashtag #leagueoflegends -> #leagueoflegends (usage=12500000)
INFO:PlaywrightAdapter:[UPLOAD] Hashtag #lol_9l5B5CMr5UM -> #lol_9l5B5CMr5UM (usage=2)
INFO:PlaywrightAdapter:[UPLOAD] \u0110ã kích ho\u1ea1t hashtag TikTok: #leagueoflegends, #lol_9l5B5CMr5UM
INFO:PlaywrightAdapter:[+] Da dong phien trinh duyet va giai phong tai nguyen.
INFO:PlaywrightAdapter:[*] Dang don dep ho so tam thoi: C:\Users\Admin\AppData\Local\Temp\tiktok_auto_profiles\temp_af6b2de3-e753-4242-859a-158851f2936e
INFO:TaskDispatcher:[*] Kh\u1edfi ch\u1ea1y trình duy\u1ec7t cho tài kho\u1ea3n: fenlaylathoyax@hotmail.com | Tác v\u1ee5: UPLOAD_MEDIA_BATCH
INFO:PlaywrightAdapter:[*] Da tao profile moi va gan 1 extension: omocaptcha@gmail.com@1.7.7
INFO:PlaywrightAdapter:[LAUNCH] OK sau 14.1s (lan 1/2).
INFO:PlaywrightAdapter:[HWND] Detected token-owned window HWND=40045080 for this session.
INFO:PlaywrightAdapter:[WINDOW] HWND=40045080 dang CLOAK/OFF-SCREEN.
INFO:PlaywrightAdapter:[EXTENSION] Active: omocaptcha@gmail.com@1.7.7 (signed/configuration verified).
INFO:PlaywrightAdapter:[*] Khoi tao tab moi sach.
INFO:PlaywrightAdapter:[+] Khoi tao browser session (headed-cloaked). Seed: 1928891136 | Proxy: Direct NET
INFO:PlaywrightAdapter:[*] Dieu huong toi https://www.tiktok.com/foryou?lang=en (lan 1, wait=commit)...
INFO:PlaywrightAdapter:[HWND] Stream recovered token-owned HWND=1311562.
INFO:PlaywrightAdapter:[*] Dieu huong toi https://www.tiktok.com/foryou?lang=en (lan 1, wait=commit)...
INFO:PlaywrightAdapter:[*] Dang doi trang chu TikTok on dinh phien dang nhap...
INFO:PlaywrightAdapter:[+] Xac minh THANH CONG sau 3 giay (Phat hien nav-profile/upload/messages).
INFO:PlaywrightAdapter:[*] Dieu huong toi https://www.tiktok.com/foryou?lang=en (lan 1, wait=commit)...
INFO:PlaywrightAdapter:[*] Dieu huong toi https://www.tiktok.com/tiktokstudio/upload?lang=en (lan 1, wait=commit)...
WARNING:PlaywrightAdapter:[Upload] Playwright path channel bi patched-Firefox B178; chuyen sang native chooser DWM-cloaked. Loi: ElementHandle.set_input_files: Protocol error (Page.setFileInputFiles): error in channel "content::14/19/2": exception while running method "setFileInputFiles" in namespace "page": An attempt was made to use an object that is not, or is no longer, usable 
INFO:PlaywrightAdapter:[Upload] Da gan 1 file video qua native chooser DWM-cloaked.
INFO:PlaywrightAdapter:[UPLOAD] \u0110ã ch\u1ea5p nh\u1eadn popup: Got it
INFO:PlaywrightAdapter:[UPLOAD] Hashtag #leagueoflegends -> #leagueoflegends (usage=12500000)
INFO:PlaywrightAdapter:[UPLOAD] Hashtag #lol_APu-QuwDO8I -> #lol_APu-QuwDO8I (usage=not-shown)
INFO:PlaywrightAdapter:[UPLOAD] \u0110ã kích ho\u1ea1t hashtag TikTok: #leagueoflegends, #lol_APu-QuwDO8I
INFO:PlaywrightAdapter:[+] Da dong phien trinh duyet va giai phong tai nguyen.
INFO:PlaywrightAdapter:[*] Dang don dep ho so tam thoi: C:\Users\Admin\AppData\Local\Temp\tiktok_auto_profiles\temp_66cae80c-450d-49e2-9427-7465e8022335
INFO:TaskDispatcher:[*] Kh\u1edfi ch\u1ea1y trình duy\u1ec7t cho tài kho\u1ea3n: nothstineschoon58@hotmail.com | Tác v\u1ee5: UPLOAD_MEDIA_BATCH
INFO:PlaywrightAdapter:[*] Da tao profile moi va gan 1 extension: omocaptcha@gmail.com@1.7.7
INFO:PlaywrightAdapter:[LAUNCH] OK sau 13.7s (lan 1/2).
INFO:PlaywrightAdapter:[HWND] Detected token-owned window HWND=28510508 for this session.
INFO:PlaywrightAdapter:[WINDOW] HWND=28510508 dang CLOAK/OFF-SCREEN.
INFO:PlaywrightAdapter:[EXTENSION] Active: omocaptcha@gmail.com@1.7.7 (signed/configuration verified).
INFO:PlaywrightAdapter:[*] Khoi tao tab moi sach.
INFO:PlaywrightAdapter:[+] Khoi tao browser session (headed-cloaked). Seed: 89074928 | Proxy: Direct NET
INFO:PlaywrightAdapter:[*] Dieu huong toi https://www.tiktok.com/foryou?lang=en (lan 1, wait=commit)...
INFO:PlaywrightAdapter:[HWND] Stream recovered token-owned HWND=15863242.
INFO:PlaywrightAdapter:[*] Dieu huong toi https://www.tiktok.com/foryou?lang=en (lan 1, wait=commit)...
INFO:PlaywrightAdapter:[*] Dang doi trang chu TikTok on dinh phien dang nhap...
INFO:PlaywrightAdapter:[+] Xac minh THANH CONG sau 3 giay (Phat hien nav-profile/upload/messages).
INFO:PlaywrightAdapter:[*] Dieu huong toi https://www.tiktok.com/foryou?lang=en (lan 1, wait=commit)...
INFO:PlaywrightAdapter:[*] Dieu huong toi https://www.tiktok.com/tiktokstudio/upload?lang=en (lan 1, wait=commit)...
WARNING:PlaywrightAdapter:[Upload] Playwright path channel bi patched-Firefox B178; chuyen sang native chooser DWM-cloaked. Loi: ElementHandle.set_input_files: Protocol error (Page.setFileInputFiles): error in channel "content::14/17/2": exception while running method "setFileInputFiles" in namespace "page": An attempt was made to use an object that is not, or is no longer, usable 
INFO:PlaywrightAdapter:[Upload] Da gan 1 file video qua native chooser DWM-cloaked.
INFO:PlaywrightAdapter:[UPLOAD] \u0110ã ch\u1ea5p nh\u1eadn popup: Got it
INFO:PlaywrightAdapter:[UPLOAD] Hashtag #leagueoflegends -> #leagueoflegends (usage=12500000)
INFO:PlaywrightAdapter:[UPLOAD] Hashtag #lol_cW08mfbXDf4 -> #lol_cW08mfbXDf4 (usage=2)
INFO:PlaywrightAdapter:[UPLOAD] \u0110ã kích ho\u1ea1t hashtag TikTok: #leagueoflegends, #lol_cW08mfbXDf4
INFO:PlaywrightAdapter:[+] Da dong phien trinh duyet va giai phong tai nguyen.
INFO:PlaywrightAdapter:[*] Dang don dep ho so tam thoi: C:\Users\Admin\AppData\Local\Temp\tiktok_auto_profiles\temp_0331516e-641a-424b-9522-2a42bb26bf9e
INFO:TaskDispatcher:[*] Kh\u1edfi ch\u1ea1y trình duy\u1ec7t cho tài kho\u1ea3n: odiernotipner419@hotmail.com | Tác v\u1ee5: UPLOAD_MEDIA_BATCH
INFO:PlaywrightAdapter:[*] Da tao profile moi va gan 1 extension: omocaptcha@gmail.com@1.7.7
INFO:PlaywrightAdapter:[LAUNCH] OK sau 13.3s (lan 1/2).
INFO:PlaywrightAdapter:[HWND] Detected token-owned window HWND=8652870 for this session.
INFO:PlaywrightAdapter:[WINDOW] HWND=8652870 dang CLOAK/OFF-SCREEN.
INFO:PlaywrightAdapter:[EXTENSION] Active: omocaptcha@gmail.com@1.7.7 (signed/configuration verified).
INFO:PlaywrightAdapter:[HWND] Stream recovered token-owned HWND=17236478.
INFO:PlaywrightAdapter:[*] Khoi tao tab moi sach.
INFO:PlaywrightAdapter:[+] Khoi tao browser session (headed-cloaked). Seed: 1779554913 | Proxy: Direct NET
INFO:PlaywrightAdapter:[*] Dieu huong toi https://www.tiktok.com/foryou?lang=en (lan 1, wait=commit)...
INFO:PlaywrightAdapter:[*] Dieu huong toi https://www.tiktok.com/foryou?lang=en (lan 1, wait=commit)...
INFO:PlaywrightAdapter:[*] Dang doi trang chu TikTok on dinh phien dang nhap...
INFO:PlaywrightAdapter:[+] Xac minh THANH CONG sau 3 giay (Phat hien nav-profile/upload/messages).
INFO:PlaywrightAdapter:[*] Dieu huong toi https://www.tiktok.com/foryou?lang=en (lan 1, wait=commit)...
INFO:PlaywrightAdapter:[*] Dieu huong toi https://www.tiktok.com/tiktokstudio/upload?lang=en (lan 1, wait=commit)...
WARNING:PlaywrightAdapter:[Upload] Playwright path channel bi patched-Firefox B178; chuyen sang native chooser DWM-cloaked. Loi: ElementHandle.set_input_files: Protocol error (Page.setFileInputFiles): error in channel "content::14/19/2": exception while running method "setFileInputFiles" in namespace "page": An attempt was made to use an object that is not, or is no longer, usable 
INFO:PlaywrightAdapter:[Upload] Da gan 1 file video qua native chooser DWM-cloaked.
INFO:PlaywrightAdapter:[UPLOAD] \u0110ã ch\u1ea5p nh\u1eadn popup: Turn on
INFO:PlaywrightAdapter:[UPLOAD] \u0110ã ch\u1ea5p nh\u1eadn popup: Got it
INFO:PlaywrightAdapter:[UPLOAD] Hashtag #leagueoflegends -> #leagueoflegends (usage=12500000)
INFO:PlaywrightAdapter:[UPLOAD] Hashtag #lol_cW2B3LSNZzs -> #lol_cW2B3LSNZzs (usage=1)
INFO:PlaywrightAdapter:[UPLOAD] \u0110ã kích ho\u1ea1t hashtag TikTok: #leagueoflegends, #lol_cW2B3LSNZzs
INFO:PlaywrightAdapter:[+] Da dong phien trinh duyet va giai phong tai nguyen.
INFO:PlaywrightAdapter:[*] Dang don dep ho so tam thoi: C:\Users\Admin\AppData\Local\Temp\tiktok_auto_profiles\temp_0560239a-5179-4b75-9a23-40241d10ce52
INFO:TaskDispatcher:[*] Kh\u1edfi ch\u1ea1y trình duy\u1ec7t cho tài kho\u1ea3n: welshansmusquiz4436@hotmail.com | Tác v\u1ee5: UPLOAD_MEDIA_BATCH
INFO:PlaywrightAdapter:[*] Da tao profile moi va gan 1 extension: omocaptcha@gmail.com@1.7.7
INFO:PlaywrightAdapter:[LAUNCH] OK sau 12.9s (lan 1/2).
INFO:PlaywrightAdapter:[HWND] Detected token-owned window HWND=15994312 for this session.
INFO:PlaywrightAdapter:[WINDOW] HWND=15994312 dang CLOAK/OFF-SCREEN.
INFO:PlaywrightAdapter:[EXTENSION] Active: omocaptcha@gmail.com@1.7.7 (signed/configuration verified).
INFO:PlaywrightAdapter:[HWND] Stream recovered token-owned HWND=18745698.
INFO:PlaywrightAdapter:[*] Khoi tao tab moi sach.
INFO:PlaywrightAdapter:[+] Khoi tao browser session (headed-cloaked). Seed: 470567563 | Proxy: Direct NET
INFO:PlaywrightAdapter:[*] Dieu huong toi https://www.tiktok.com/foryou?lang=en (lan 1, wait=commit)...
INFO:PlaywrightAdapter:[*] Dieu huong toi https://www.tiktok.com/foryou?lang=en (lan 1, wait=commit)...
INFO:PlaywrightAdapter:[*] Dang doi trang chu TikTok on dinh phien dang nhap...
INFO:PlaywrightAdapter:[+] Xac minh THANH CONG sau 3 giay (Phat hien nav-profile/upload/messages).
INFO:PlaywrightAdapter:[*] Dieu huong toi https://www.tiktok.com/foryou?lang=en (lan 1, wait=commit)...
INFO:PlaywrightAdapter:[*] Dieu huong toi https://www.tiktok.com/tiktokstudio/upload?lang=en (lan 1, wait=commit)...
WARNING:PlaywrightAdapter:[Upload] Playwright path channel bi patched-Firefox B178; chuyen sang native chooser DWM-cloaked. Loi: ElementHandle.set_input_files: Protocol error (Page.setFileInputFiles): error in channel "content::14/19/2": exception while running method "setFileInputFiles" in namespace "page": An attempt was made to use an object that is not, or is no longer, usable 
INFO:PlaywrightAdapter:[Upload] Da gan 1 file video qua native chooser DWM-cloaked.
INFO:PlaywrightAdapter:[UPLOAD] \u0110ã ch\u1ea5p nh\u1eadn popup: Turn on
INFO:PlaywrightAdapter:[UPLOAD] \u0110ã ch\u1ea5p nh\u1eadn popup: Got it
INFO:PlaywrightAdapter:[UPLOAD] Hashtag #leagueoflegends -> #leagueoflegends (usage=12500000)
INFO:PlaywrightAdapter:[UPLOAD] Hashtag #lol_Fi2OsVtixm0 -> #lol_Fi2OsVtixm0 (usage=2)
INFO:PlaywrightAdapter:[UPLOAD] \u0110ã kích ho\u1ea1t hashtag TikTok: #leagueoflegends, #lol_Fi2OsVtixm0
INFO:PlaywrightAdapter:[UPLOAD] \u0110ã xác nh\u1eadn popup Post now.
INFO:PlaywrightAdapter:[+] Da dong phien trinh duyet va giai phong tai nguyen.
INFO:PlaywrightAdapter:[*] Dang don dep ho so tam thoi: C:\Users\Admin\AppData\Local\Temp\tiktok_auto_profiles\temp_49473912-3839-476f-8c0d-ea13665c96ad
INFO:TaskDispatcher:[*] Kh\u1edfi ch\u1ea1y trình duy\u1ec7t cho tài kho\u1ea3n: kineavyshataej@hotmail.com | Tác v\u1ee5: UPLOAD_MEDIA_BATCH
INFO:PlaywrightAdapter:[*] Da tao profile moi va gan 1 extension: omocaptcha@gmail.com@1.7.7
INFO:PlaywrightAdapter:[LAUNCH] OK sau 12.5s (lan 1/2).
INFO:PlaywrightAdapter:[HWND] Detected token-owned window HWND=14749300 for this session.
INFO:PlaywrightAdapter:[WINDOW] HWND=14749300 dang CLOAK/OFF-SCREEN.
INFO:PlaywrightAdapter:[EXTENSION] Active: omocaptcha@gmail.com@1.7.7 (signed/configuration verified).
INFO:PlaywrightAdapter:[HWND] Stream recovered token-owned HWND=41224788.
INFO:PlaywrightAdapter:[*] Khoi tao tab moi sach.
INFO:PlaywrightAdapter:[+] Khoi tao browser session (headed-cloaked). Seed: 642200356 | Proxy: Direct NET
INFO:PlaywrightAdapter:[*] Dieu huong toi https://www.tiktok.com/foryou?lang=en (lan 1, wait=commit)...
INFO:PlaywrightAdapter:[*] Dieu huong toi https://www.tiktok.com/foryou?lang=en (lan 1, wait=commit)...
INFO:PlaywrightAdapter:[*] Dang doi trang chu TikTok on dinh phien dang nhap...
INFO:PlaywrightAdapter:[+] Xac minh THANH CONG sau 3 giay (Phat hien nav-profile/upload/messages).
INFO:PlaywrightAdapter:[*] Dieu huong toi https://www.tiktok.com/foryou?lang=en (lan 1, wait=commit)...
INFO:PlaywrightAdapter:[*] Dieu huong toi https://www.tiktok.com/tiktokstudio/upload?lang=en (lan 1, wait=commit)...
WARNING:PlaywrightAdapter:[Upload] Playwright path channel bi patched-Firefox B178; chuyen sang native chooser DWM-cloaked. Loi: ElementHandle.set_input_files: Protocol error (Page.setFileInputFiles): error in channel "content::14/17/2": exception while running method "setFileInputFiles" in namespace "page": An attempt was made to use an object that is not, or is no longer, usable 
INFO:PlaywrightAdapter:[Upload] Da gan 1 file video qua native chooser DWM-cloaked.
INFO:PlaywrightAdapter:[UPLOAD] \u0110ã ch\u1ea5p nh\u1eadn popup: Turn on
INFO:PlaywrightAdapter:[UPLOAD] \u0110ã ch\u1ea5p nh\u1eadn popup: Got it
INFO:PlaywrightAdapter:[UPLOAD] Hashtag #leagueoflegends -> #leagueoflegends (usage=12500000)
INFO:PlaywrightAdapter:[UPLOAD] Hashtag #lol_fPrUtxZavcg -> #lol_fPrUtxZavcg (usage=1)
INFO:PlaywrightAdapter:[UPLOAD] \u0110ã kích ho\u1ea1t hashtag TikTok: #leagueoflegends, #lol_fPrUtxZavcg
INFO:PlaywrightAdapter:[+] Da dong phien trinh duyet va giai phong tai nguyen.
INFO:PlaywrightAdapter:[*] Dang don dep ho so tam thoi: C:\Users\Admin\AppData\Local\Temp\tiktok_auto_profiles\temp_10109ab9-d83a-4487-a432-30b4305f5c30
INFO:TaskDispatcher:[*] Kh\u1edfi ch\u1ea1y trình duy\u1ec7t cho tài kho\u1ea3n: alyonipedrosov9555@hotmail.com | Tác v\u1ee5: UPLOAD_MEDIA_BATCH
INFO:PlaywrightAdapter:[*] Da tao profile moi va gan 1 extension: omocaptcha@gmail.com@1.7.7
INFO:PlaywrightAdapter:[LAUNCH] OK sau 13.0s (lan 1/2).
INFO:PlaywrightAdapter:[HWND] Detected token-owned window HWND=8261188 for this session.
INFO:PlaywrightAdapter:[WINDOW] HWND=8261188 dang CLOAK/OFF-SCREEN.
INFO:PlaywrightAdapter:[EXTENSION] Active: omocaptcha@gmail.com@1.7.7 (signed/configuration verified).
INFO:PlaywrightAdapter:[HWND] Stream recovered token-owned HWND=133041260.
INFO:PlaywrightAdapter:[*] Khoi tao tab moi sach.
INFO:PlaywrightAdapter:[+] Khoi tao browser session (headed-cloaked). Seed: 17407450 | Proxy: Direct NET
INFO:PlaywrightAdapter:[*] Dieu huong toi https://www.tiktok.com/foryou?lang=en (lan 1, wait=commit)...
INFO:PlaywrightAdapter:[*] Dieu huong toi https://www.tiktok.com/foryou?lang=en (lan 1, wait=commit)...
INFO:PlaywrightAdapter:[*] Dang doi trang chu TikTok on dinh phien dang nhap...
INFO:PlaywrightAdapter:[+] Xac minh THANH CONG sau 4 giay (Phat hien nav-profile/upload/messages).
INFO:PlaywrightAdapter:[*] Dieu huong toi https://www.tiktok.com/foryou?lang=en (lan 1, wait=commit)...
INFO:PlaywrightAdapter:[*] Dieu huong toi https://www.tiktok.com/tiktokstudio/upload?lang=en (lan 1, wait=commit)...
WARNING:PlaywrightAdapter:[Upload] Playwright path channel bi patched-Firefox B178; chuyen sang native chooser DWM-cloaked. Loi: ElementHandle.set_input_files: Protocol error (Page.setFileInputFiles): error in channel "content::14/19/2": exception while running method "setFileInputFiles" in namespace "page": An attempt was made to use an object that is not, or is no longer, usable 
INFO:PlaywrightAdapter:[Upload] Da gan 1 file video qua native chooser DWM-cloaked.
INFO:PlaywrightAdapter:[UPLOAD] \u0110ã ch\u1ea5p nh\u1eadn popup: Turn on
INFO:PlaywrightAdapter:[UPLOAD] \u0110ã ch\u1ea5p nh\u1eadn popup: Got it
WARNING:WebSocketManager:L\u1ed7i g\u1eedi WebSocket, \u0111ang d\u1ecdn d\u1eb9p k\u1ebft n\u1ed1i l\u1ed7i: 
INFO:WebSocketManager:[-] M\u1ed9t k\u1ebft n\u1ed1i WebSocket \u0111ã \u0111óng. T\u1ed5ng k\u1ebft n\u1ed1i: 0
INFO:     connection closed
INFO:PlaywrightAdapter:[UPLOAD] Hashtag #leagueoflegends -> #leagueoflegends (usage=12500000)
INFO:PlaywrightAdapter:[UPLOAD] Hashtag #lol_Gw_HJXBVhWA -> #lol_Gw_HJXBVhWA (usage=not-shown)
INFO:PlaywrightAdapter:[UPLOAD] \u0110ã kích ho\u1ea1t hashtag TikTok: #leagueoflegends, #lol_Gw_HJXBVhWA
INFO:PlaywrightAdapter:[+] Da dong phien trinh duyet va giai phong tai nguyen.
INFO:PlaywrightAdapter:[*] Dang don dep ho so tam thoi: C:\Users\Admin\AppData\Local\Temp\tiktok_auto_profiles\temp_8bb2ae5a-138b-42ee-9a60-1f112dac8c70
INFO:TaskDispatcher:[*] Kh\u1edfi ch\u1ea1y trình duy\u1ec7t cho tài kho\u1ea3n: baltaxepajorekg@hotmail.com | Tác v\u1ee5: UPLOAD_MEDIA_BATCH
INFO:PlaywrightAdapter:[*] Da tao profile moi va gan 1 extension: omocaptcha@gmail.com@1.7.7
INFO:PlaywrightAdapter:[LAUNCH] OK sau 12.4s (lan 1/2).
INFO:PlaywrightAdapter:[HWND] Detected token-owned window HWND=10619300 for this session.
INFO:PlaywrightAdapter:[WINDOW] HWND=10619300 dang CLOAK/OFF-SCREEN.
INFO:PlaywrightAdapter:[EXTENSION] Active: omocaptcha@gmail.com@1.7.7 (signed/configuration verified).
INFO:PlaywrightAdapter:[HWND] Stream recovered token-owned HWND=25038032.
INFO:PlaywrightAdapter:[*] Khoi tao tab moi sach.
INFO:PlaywrightAdapter:[+] Khoi tao browser session (headed-cloaked). Seed: 1175472898 | Proxy: Direct NET
INFO:PlaywrightAdapter:[*] Dieu huong toi https://www.tiktok.com/foryou?lang=en (lan 1, wait=commit)...
INFO:PlaywrightAdapter:[*] Dieu huong toi https://www.tiktok.com/foryou?lang=en (lan 1, wait=commit)...
INFO:PlaywrightAdapter:[*] Dang doi trang chu TikTok on dinh phien dang nhap...
INFO:PlaywrightAdapter:[+] Xac minh THANH CONG sau 3 giay (Phat hien nav-profile/upload/messages).
INFO:PlaywrightAdapter:[*] Dieu huong toi https://www.tiktok.com/foryou?lang=en (lan 1, wait=commit)...
INFO:PlaywrightAdapter:[*] Dieu huong toi https://www.tiktok.com/tiktokstudio/upload?lang=en (lan 1, wait=commit)...
WARNING:PlaywrightAdapter:[Upload] Playwright path channel bi patched-Firefox B178; chuyen sang native chooser DWM-cloaked. Loi: ElementHandle.set_input_files: Protocol error (Page.setFileInputFiles): error in channel "content::14/17/2": exception while running method "setFileInputFiles" in namespace "page": An attempt was made to use an object that is not, or is no longer, usable 
INFO:PlaywrightAdapter:[Upload] Da gan 1 file video qua native chooser DWM-cloaked.
INFO:PlaywrightAdapter:[UPLOAD] \u0110ã ch\u1ea5p nh\u1eadn popup: Turn on
INFO:PlaywrightAdapter:[UPLOAD] \u0110ã ch\u1ea5p nh\u1eadn popup: Got it
INFO:PlaywrightAdapter:[UPLOAD] Hashtag #leagueoflegends -> #leagueoflegends (usage=12500000)
INFO:PlaywrightAdapter:[UPLOAD] Hashtag #lol_H2RDIi_G6xo -> #lol_H2RDIi_G6xo (usage=not-shown)
INFO:PlaywrightAdapter:[UPLOAD] \u0110ã kích ho\u1ea1t hashtag TikTok: #leagueoflegends, #lol_H2RDIi_G6xo
INFO:PlaywrightAdapter:[+] Da dong phien trinh duyet va giai phong tai nguyen.
INFO:PlaywrightAdapter:[*] Dang don dep ho so tam thoi: C:\Users\Admin\AppData\Local\Temp\tiktok_auto_profiles\temp_b27ca687-1427-477d-ad77-ad9596806b34
INFO:TaskDispatcher:[*] Kh\u1edfi ch\u1ea1y trình duy\u1ec7t cho tài kho\u1ea3n: mezickrbugaiskik3505@hotmail.com | Tác v\u1ee5: UPLOAD_MEDIA_BATCH
INFO:PlaywrightAdapter:[*] Da tao profile moi va gan 1 extension: omocaptcha@gmail.com@1.7.7
INFO:PlaywrightAdapter:[LAUNCH] OK sau 12.9s (lan 1/2).
INFO:PlaywrightAdapter:[HWND] Detected token-owned window HWND=7212388 for this session.
INFO:PlaywrightAdapter:[WINDOW] HWND=7212388 dang CLOAK/OFF-SCREEN.
INFO:PlaywrightAdapter:[EXTENSION] Active: omocaptcha@gmail.com@1.7.7 (signed/configuration verified).
INFO:PlaywrightAdapter:[HWND] Stream recovered token-owned HWND=23203420.
INFO:PlaywrightAdapter:[*] Khoi tao tab moi sach.
INFO:PlaywrightAdapter:[+] Khoi tao browser session (headed-cloaked). Seed: 1541310193 | Proxy: Direct NET
INFO:PlaywrightAdapter:[*] Dieu huong toi https://www.tiktok.com/foryou?lang=en (lan 1, wait=commit)...
INFO:PlaywrightAdapter:[*] Dieu huong toi https://www.tiktok.com/foryou?lang=en (lan 1, wait=commit)...
INFO:PlaywrightAdapter:[*] Dang doi trang chu TikTok on dinh phien dang nhap...
INFO:PlaywrightAdapter:[+] Xac minh THANH CONG sau 3 giay (Phat hien nav-profile/upload/messages).
INFO:PlaywrightAdapter:[*] Dieu huong toi https://www.tiktok.com/foryou?lang=en (lan 1, wait=commit)...
INFO:PlaywrightAdapter:[*] Dieu huong toi https://www.tiktok.com/tiktokstudio/upload?lang=en (lan 1, wait=commit)...
WARNING:PlaywrightAdapter:[Upload] Playwright path channel bi patched-Firefox B178; chuyen sang native chooser DWM-cloaked. Loi: ElementHandle.set_input_files: Protocol error (Page.setFileInputFiles): error in channel "content::14/17/2": exception while running method "setFileInputFiles" in namespace "page": An attempt was made to use an object that is not, or is no longer, usable 
INFO:PlaywrightAdapter:[Upload] Da gan 1 file video qua native chooser DWM-cloaked.
INFO:PlaywrightAdapter:[UPLOAD] \u0110ã ch\u1ea5p nh\u1eadn popup: Turn on
INFO:PlaywrightAdapter:[UPLOAD] \u0110ã ch\u1ea5p nh\u1eadn popup: Got it
INFO:PlaywrightAdapter:[UPLOAD] Hashtag #leagueoflegends -> #leagueoflegends (usage=12500000)
INFO:PlaywrightAdapter:[UPLOAD] Hashtag #lol_hARAbGtPqlI -> #lol_hARAbGtPqlI (usage=1)
INFO:PlaywrightAdapter:[UPLOAD] \u0110ã kích ho\u1ea1t hashtag TikTok: #leagueoflegends, #lol_hARAbGtPqlI
INFO:     127.0.0.1:63352 - "WebSocket /ws/screens" [accepted]
INFO:WebSocketManager:[+] K\u1ebft n\u1ed1i WebSocket m\u1edbi thi\u1ebft l\u1eadp. T\u1ed5ng k\u1ebft n\u1ed1i: 1
INFO:     connection open
INFO:     127.0.0.1:63353 - "WebSocket /ws/screens" [accepted]
INFO:WebSocketManager:[+] K\u1ebft n\u1ed1i WebSocket m\u1edbi thi\u1ebft l\u1eadp. T\u1ed5ng k\u1ebft n\u1ed1i: 2
INFO:     connection open
INFO:WebSocketManager:[-] M\u1ed9t k\u1ebft n\u1ed1i WebSocket \u0111ã \u0111óng. T\u1ed5ng k\u1ebft n\u1ed1i: 1
INFO:     connection closed
INFO:PlaywrightAdapter:[+] Da dong phien trinh duyet va giai phong tai nguyen.
INFO:PlaywrightAdapter:[*] Dang don dep ho so tam thoi: C:\Users\Admin\AppData\Local\Temp\tiktok_auto_profiles\temp_ad2f0aa7-3a20-4fd8-9f27-7e62b2e1dac1
INFO:TaskDispatcher:[*] Kh\u1edfi ch\u1ea1y trình duy\u1ec7t cho tài kho\u1ea3n: crawerstrakonu@hotmail.com | Tác v\u1ee5: UPLOAD_MEDIA_BATCH
INFO:PlaywrightAdapter:[*] Da tao profile moi va gan 1 extension: omocaptcha@gmail.com@1.7.7
INFO:PlaywrightAdapter:[LAUNCH] OK sau 12.6s (lan 1/2).
INFO:PlaywrightAdapter:[HWND] Detected token-owned window HWND=23202410 for this session.
INFO:PlaywrightAdapter:[WINDOW] HWND=23202410 dang CLOAK/OFF-SCREEN.
INFO:PlaywrightAdapter:[EXTENSION] Active: omocaptcha@gmail.com@1.7.7 (signed/configuration verified).
INFO:PlaywrightAdapter:[HWND] Stream recovered token-owned HWND=42207828.
INFO:PlaywrightAdapter:[*] Khoi tao tab moi sach.
INFO:PlaywrightAdapter:[+] Khoi tao browser session (headed-cloaked). Seed: 2035334083 | Proxy: Direct NET
INFO:PlaywrightAdapter:[*] Dieu huong toi https://www.tiktok.com/foryou?lang=en (lan 1, wait=commit)...
INFO:PlaywrightAdapter:[*] Dieu huong toi https://www.tiktok.com/foryou?lang=en (lan 1, wait=commit)...
INFO:PlaywrightAdapter:[*] Dang doi trang chu TikTok on dinh phien dang nhap...
INFO:PlaywrightAdapter:[+] Xac minh THANH CONG sau 6 giay (Phat hien nav-profile/upload/messages).
INFO:PlaywrightAdapter:[*] Dieu huong toi https://www.tiktok.com/foryou?lang=en (lan 1, wait=commit)...
INFO:PlaywrightAdapter:[*] Dieu huong toi https://www.tiktok.com/tiktokstudio/upload?lang=en (lan 1, wait=commit)...
WARNING:PlaywrightAdapter:[Upload] Playwright path channel bi patched-Firefox B178; chuyen sang native chooser DWM-cloaked. Loi: ElementHandle.set_input_files: Protocol error (Page.setFileInputFiles): error in channel "content::14/19/2": exception while running method "setFileInputFiles" in namespace "page": An attempt was made to use an object that is not, or is no longer, usable 
INFO:PlaywrightAdapter:[Upload] Da gan 1 file video qua native chooser DWM-cloaked.
INFO:PlaywrightAdapter:[UPLOAD] \u0110ã ch\u1ea5p nh\u1eadn popup: Turn on
INFO:PlaywrightAdapter:[UPLOAD] \u0110ã ch\u1ea5p nh\u1eadn popup: Got it
INFO:PlaywrightAdapter:[UPLOAD] Hashtag #leagueoflegends -> #leagueoflegends (usage=12500000)
INFO:PlaywrightAdapter:[UPLOAD] Hashtag #lol_hXAEx_oAmHU -> #lol_hXAEx_oAmHU (usage=1)
INFO:PlaywrightAdapter:[UPLOAD] \u0110ã kích ho\u1ea1t hashtag TikTok: #leagueoflegends, #lol_hXAEx_oAmHU
INFO:WebSocketManager:[-] M\u1ed9t k\u1ebft n\u1ed1i WebSocket \u0111ã \u0111óng. T\u1ed5ng k\u1ebft n\u1ed1i: 0
INFO:     connection closed
INFO:PlaywrightAdapter:[+] Da dong phien trinh duyet va giai phong tai nguyen.
INFO:PlaywrightAdapter:[*] Dang don dep ho so tam thoi: C:\Users\Admin\AppData\Local\Temp\tiktok_auto_profiles\temp_b09b9b11-b957-435c-ba82-a7c861c39457
INFO:TaskDispatcher:[*] Kh\u1edfi ch\u1ea1y trình duy\u1ec7t cho tài kho\u1ea3n: trinhthongphat2@hotmail.com | Tác v\u1ee5: UPLOAD_MEDIA_BATCH
INFO:PlaywrightAdapter:[*] Da tao profile moi va gan 1 extension: omocaptcha@gmail.com@1.7.7
INFO:     127.0.0.1:55881 - "WebSocket /ws/screens" [accepted]
INFO:WebSocketManager:[+] K\u1ebft n\u1ed1i WebSocket m\u1edbi thi\u1ebft l\u1eadp. T\u1ed5ng k\u1ebft n\u1ed1i: 1
INFO:     connection open
INFO:     127.0.0.1:55882 - "WebSocket /ws/screens" [accepted]
INFO:WebSocketManager:[+] K\u1ebft n\u1ed1i WebSocket m\u1edbi thi\u1ebft l\u1eadp. T\u1ed5ng k\u1ebft n\u1ed1i: 2
INFO:     connection open
INFO:WebSocketManager:[-] M\u1ed9t k\u1ebft n\u1ed1i WebSocket \u0111ã \u0111óng. T\u1ed5ng k\u1ebft n\u1ed1i: 1
INFO:     connection closed
INFO:PlaywrightAdapter:[LAUNCH] OK sau 13.0s (lan 1/2).
INFO:PlaywrightAdapter:[HWND] Detected token-owned window HWND=17632604 for this session.
INFO:PlaywrightAdapter:[WINDOW] HWND=17632604 dang CLOAK/OFF-SCREEN.
INFO:PlaywrightAdapter:[EXTENSION] Active: omocaptcha@gmail.com@1.7.7 (signed/configuration verified).
INFO:PlaywrightAdapter:[HWND] Stream recovered token-owned HWND=31918112.
INFO:PlaywrightAdapter:[*] Khoi tao tab moi sach.
INFO:PlaywrightAdapter:[+] Khoi tao browser session (headed-cloaked). Seed: 326312718 | Proxy: Direct NET
INFO:PlaywrightAdapter:[*] Dieu huong toi https://www.tiktok.com/foryou?lang=en (lan 1, wait=commit)...
INFO:PlaywrightAdapter:[*] Dieu huong toi https://www.tiktok.com/foryou?lang=en (lan 1, wait=commit)...
INFO:PlaywrightAdapter:[*] Dang doi trang chu TikTok on dinh phien dang nhap...
INFO:PlaywrightAdapter:[+] Xac minh THANH CONG sau 6 giay (Phat hien nav-profile/upload/messages).
INFO:PlaywrightAdapter:[*] Dieu huong toi https://www.tiktok.com/foryou?lang=en (lan 1, wait=commit)...
INFO:PlaywrightAdapter:[*] Dieu huong toi https://www.tiktok.com/tiktokstudio/upload?lang=en (lan 1, wait=commit)...
WARNING:PlaywrightAdapter:[Upload] Playwright path channel bi patched-Firefox B178; chuyen sang native chooser DWM-cloaked. Loi: ElementHandle.set_input_files: Protocol error (Page.setFileInputFiles): error in channel "content::14/19/2": exception while running method "setFileInputFiles" in namespace "page": An attempt was made to use an object that is not, or is no longer, usable 
INFO:PlaywrightAdapter:[Upload] Da gan 1 file video qua native chooser DWM-cloaked.
INFO:PlaywrightAdapter:[UPLOAD] \u0110ã ch\u1ea5p nh\u1eadn popup: Turn on
INFO:PlaywrightAdapter:[UPLOAD] \u0110ã ch\u1ea5p nh\u1eadn popup: Got it
INFO:WebSocketManager:[-] M\u1ed9t k\u1ebft n\u1ed1i WebSocket \u0111ã \u0111óng. T\u1ed5ng k\u1ebft n\u1ed1i: 0
INFO:     connection closed
INFO:PlaywrightAdapter:[UPLOAD] Hashtag #leagueoflegends -> #leagueoflegends (usage=12500000)
INFO:PlaywrightAdapter:[UPLOAD] Hashtag #lol_jsIFYaG08B0 -> #lol_jsIFYaG08B0 (usage=2)
INFO:PlaywrightAdapter:[UPLOAD] \u0110ã kích ho\u1ea1t hashtag TikTok: #leagueoflegends, #lol_jsIFYaG08B0
INFO:PlaywrightAdapter:[+] Da dong phien trinh duyet va giai phong tai nguyen.
INFO:PlaywrightAdapter:[*] Dang don dep ho so tam thoi: C:\Users\Admin\AppData\Local\Temp\tiktok_auto_profiles\temp_6846be89-c1c7-45ec-a6ea-2ac8a2e61d66
INFO:TaskDispatcher:[*] Kh\u1edfi ch\u1ea1y trình duy\u1ec7t cho tài kho\u1ea3n: leemnhut18@hotmail.com | Tác v\u1ee5: UPLOAD_MEDIA_BATCH
INFO:PlaywrightAdapter:[*] Da tao profile moi va gan 1 extension: omocaptcha@gmail.com@1.7.7
INFO:PlaywrightAdapter:[LAUNCH] OK sau 13.1s (lan 1/2).
INFO:PlaywrightAdapter:[HWND] Detected token-owned window HWND=31065822 for this session.
INFO:PlaywrightAdapter:[WINDOW] HWND=31065822 dang CLOAK/OFF-SCREEN.
INFO:PlaywrightAdapter:[EXTENSION] Active: omocaptcha@gmail.com@1.7.7 (signed/configuration verified).
INFO:PlaywrightAdapter:[HWND] Stream recovered token-owned HWND=133565548.
INFO:PlaywrightAdapter:[*] Khoi tao tab moi sach.
INFO:PlaywrightAdapter:[+] Khoi tao browser session (headed-cloaked). Seed: 1478543591 | Proxy: Direct NET
INFO:PlaywrightAdapter:[*] Dieu huong toi https://www.tiktok.com/foryou?lang=en (lan 1, wait=commit)...
INFO:PlaywrightAdapter:[*] Dieu huong toi https://www.tiktok.com/foryou?lang=en (lan 1, wait=commit)...
INFO:PlaywrightAdapter:[*] Dang doi trang chu TikTok on dinh phien dang nhap...
INFO:PlaywrightAdapter:[+] Xac minh THANH CONG sau 4 giay (Phat hien nav-profile/upload/messages).
INFO:PlaywrightAdapter:[*] Dieu huong toi https://www.tiktok.com/foryou?lang=en (lan 1, wait=commit)...
INFO:PlaywrightAdapter:[*] Dieu huong toi https://www.tiktok.com/tiktokstudio/upload?lang=en (lan 1, wait=commit)...
WARNING:PlaywrightAdapter:[Upload] Playwright path channel bi patched-Firefox B178; chuyen sang native chooser DWM-cloaked. Loi: ElementHandle.set_input_files: Protocol error (Page.setFileInputFiles): error in channel "content::14/19/2": exception while running method "setFileInputFiles" in namespace "page": An attempt was made to use an object that is not, or is no longer, usable 
INFO:PlaywrightAdapter:[Upload] Da gan 1 file video qua native chooser DWM-cloaked.
INFO:PlaywrightAdapter:[UPLOAD] \u0110ã ch\u1ea5p nh\u1eadn popup: Turn on
INFO:PlaywrightAdapter:[UPLOAD] \u0110ã ch\u1ea5p nh\u1eadn popup: Got it
INFO:     127.0.0.1:63294 - "WebSocket /ws/screens" [accepted]
INFO:WebSocketManager:[+] K\u1ebft n\u1ed1i WebSocket m\u1edbi thi\u1ebft l\u1eadp. T\u1ed5ng k\u1ebft n\u1ed1i: 1
INFO:     connection open
INFO:     127.0.0.1:63295 - "WebSocket /ws/screens" [accepted]
INFO:WebSocketManager:[+] K\u1ebft n\u1ed1i WebSocket m\u1edbi thi\u1ebft l\u1eadp. T\u1ed5ng k\u1ebft n\u1ed1i: 2
INFO:     connection open
INFO:WebSocketManager:[-] M\u1ed9t k\u1ebft n\u1ed1i WebSocket \u0111ã \u0111óng. T\u1ed5ng k\u1ebft n\u1ed1i: 1
INFO:     connection closed
INFO:PlaywrightAdapter:[UPLOAD] Hashtag #leagueoflegends -> #leagueoflegends (usage=12500000)
INFO:PlaywrightAdapter:[UPLOAD] Hashtag #lol_l1porO6MZjY -> #lol_l1porO6MZjY (usage=2)
INFO:PlaywrightAdapter:[UPLOAD] \u0110ã kích ho\u1ea1t hashtag TikTok: #leagueoflegends, #lol_l1porO6MZjY
INFO:PlaywrightAdapter:[+] Da dong phien trinh duyet va giai phong tai nguyen.
INFO:PlaywrightAdapter:[*] Dang don dep ho so tam thoi: C:\Users\Admin\AppData\Local\Temp\tiktok_auto_profiles\temp_08af0f9e-3234-4911-acb3-4881da8f6b16
INFO:TaskDispatcher:[*] Kh\u1edfi ch\u1ea1y trình duy\u1ec7t cho tài kho\u1ea3n: arcidelisun43@hotmail.com | Tác v\u1ee5: UPLOAD_MEDIA_BATCH
INFO:PlaywrightAdapter:[*] Da tao profile moi va gan 1 extension: omocaptcha@gmail.com@1.7.7
INFO:PlaywrightAdapter:[LAUNCH] OK sau 13.3s (lan 1/2).
INFO:PlaywrightAdapter:[HWND] Detected token-owned window HWND=47778478 for this session.
INFO:PlaywrightAdapter:[WINDOW] HWND=47778478 dang CLOAK/OFF-SCREEN.
INFO:PlaywrightAdapter:[EXTENSION] Active: omocaptcha@gmail.com@1.7.7 (signed/configuration verified).
INFO:PlaywrightAdapter:[*] Khoi tao tab moi sach.
INFO:PlaywrightAdapter:[+] Khoi tao browser session (headed-cloaked). Seed: 568976193 | Proxy: Direct NET
INFO:PlaywrightAdapter:[*] Dieu huong toi https://www.tiktok.com/foryou?lang=en (lan 1, wait=commit)...
INFO:PlaywrightAdapter:[HWND] Stream recovered token-owned HWND=39192248.
INFO:PlaywrightAdapter:[*] Dieu huong toi https://www.tiktok.com/foryou?lang=en (lan 1, wait=commit)...
INFO:PlaywrightAdapter:[*] Dang doi trang chu TikTok on dinh phien dang nhap...
INFO:PlaywrightAdapter:[+] Xac minh THANH CONG sau 3 giay (Phat hien nav-profile/upload/messages).
INFO:PlaywrightAdapter:[*] Dieu huong toi https://www.tiktok.com/foryou?lang=en (lan 1, wait=commit)...
INFO:PlaywrightAdapter:[*] Dieu huong toi https://www.tiktok.com/tiktokstudio/upload?lang=en (lan 1, wait=commit)...
WARNING:PlaywrightAdapter:[Upload] Playwright path channel bi patched-Firefox B178; chuyen sang native chooser DWM-cloaked. Loi: ElementHandle.set_input_files: Protocol error (Page.setFileInputFiles): error in channel "content::14/17/2": exception while running method "setFileInputFiles" in namespace "page": An attempt was made to use an object that is not, or is no longer, usable 
INFO:PlaywrightAdapter:[Upload] Da gan 1 file video qua native chooser DWM-cloaked.
INFO:PlaywrightAdapter:[UPLOAD] \u0110ã ch\u1ea5p nh\u1eadn popup: Got it
INFO:PlaywrightAdapter:[UPLOAD] Hashtag #leagueoflegends -> #leagueoflegends (usage=12500000)
INFO:PlaywrightAdapter:[UPLOAD] Hashtag #lol_pFHcTX74EhM -> #lol_pFHcTX74EhM (usage=1)
INFO:PlaywrightAdapter:[UPLOAD] \u0110ã kích ho\u1ea1t hashtag TikTok: #leagueoflegends, #lol_pFHcTX74EhM
INFO:PlaywrightAdapter:[+] Da dong phien trinh duyet va giai phong tai nguyen.
INFO:PlaywrightAdapter:[*] Dang don dep ho so tam thoi: C:\Users\Admin\AppData\Local\Temp\tiktok_auto_profiles\temp_fd5d45c8-3140-4158-88be-be866f7d0cad
INFO:PlaywrightAdapter:[*] Da tao profile moi va gan 1 extension: omocaptcha@gmail.com@1.7.7
INFO:PlaywrightAdapter:[LAUNCH] OK sau 12.7s (lan 1/2).
INFO:PlaywrightAdapter:[HWND] Detected token-owned window HWND=43125332 for this session.
INFO:PlaywrightAdapter:[WINDOW] HWND=43125332 dang CLOAK/OFF-SCREEN.
INFO:PlaywrightAdapter:[EXTENSION] Active: omocaptcha@gmail.com@1.7.7 (signed/configuration verified).
INFO:PlaywrightAdapter:[HWND] Stream recovered token-owned HWND=18025930.
INFO:PlaywrightAdapter:[*] Khoi tao tab moi sach.
INFO:PlaywrightAdapter:[+] Khoi tao browser session (headed-cloaked). Seed: 1105657077 | Proxy: Direct NET
INFO:PlaywrightAdapter:[*] Dieu huong toi https://www.tiktok.com/foryou?lang=en (lan 1, wait=commit)...
INFO:PlaywrightAdapter:[*] Dieu huong toi https://www.tiktok.com/foryou?lang=en (lan 1, wait=commit)...
INFO:PlaywrightAdapter:[*] Dang doi trang chu TikTok on dinh phien dang nhap...
INFO:PlaywrightAdapter:[+] Xac minh THANH CONG sau 3 giay (Phat hien nav-profile/upload/messages).
INFO:PlaywrightAdapter:[*] Dieu huong toi https://www.tiktok.com/foryou?lang=en (lan 1, wait=commit)...
INFO:PlaywrightAdapter:[*] Dieu huong toi https://www.tiktok.com/tiktokstudio/upload?lang=en (lan 1, wait=commit)...
WARNING:PlaywrightAdapter:[Upload] Playwright path channel bi patched-Firefox B178; chuyen sang native chooser DWM-cloaked. Loi: ElementHandle.set_input_files: Protocol error (Page.setFileInputFiles): error in channel "content::14/19/2": exception while running method "setFileInputFiles" in namespace "page": An attempt was made to use an object that is not, or is no longer, usable 
INFO:PlaywrightAdapter:[Upload] Da gan 1 file video qua native chooser DWM-cloaked.
INFO:PlaywrightAdapter:[UPLOAD] \u0110ã ch\u1ea5p nh\u1eadn popup: Turn on
INFO:PlaywrightAdapter:[UPLOAD] \u0110ã ch\u1ea5p nh\u1eadn popup: Got it
INFO:PlaywrightAdapter:[UPLOAD] Hashtag #leagueoflegends -> #leagueoflegends (usage=12500000)
INFO:PlaywrightAdapter:[UPLOAD] Hashtag #lol_PZi-6dfAN1U -> #lol_PZi-6dfAN1U (usage=not-shown)
INFO:PlaywrightAdapter:[UPLOAD] \u0110ã kích ho\u1ea1t hashtag TikTok: #leagueoflegends, #lol_PZi-6dfAN1U
INFO:PlaywrightAdapter:[+] Da dong phien trinh duyet va giai phong tai nguyen.
INFO:PlaywrightAdapter:[*] Dang don dep ho so tam thoi: C:\Users\Admin\AppData\Local\Temp\tiktok_auto_profiles\temp_de2953b3-ce88-4257-bec4-7aa69aef7588
INFO:PlaywrightAdapter:[*] Da tao profile moi va gan 1 extension: omocaptcha@gmail.com@1.7.7
INFO:PlaywrightAdapter:[LAUNCH] OK sau 13.1s (lan 1/2).
INFO:PlaywrightAdapter:[HWND] Detected token-owned window HWND=21761522 for this session.
INFO:PlaywrightAdapter:[WINDOW] HWND=21761522 dang CLOAK/OFF-SCREEN.
INFO:PlaywrightAdapter:[EXTENSION] Active: omocaptcha@gmail.com@1.7.7 (signed/configuration verified).
INFO:PlaywrightAdapter:[*] Khoi tao tab moi sach.
INFO:PlaywrightAdapter:[+] Khoi tao browser session (headed-cloaked). Seed: 27035141 | Proxy: Direct NET
INFO:PlaywrightAdapter:[*] Dieu huong toi https://www.tiktok.com/foryou?lang=en (lan 1, wait=commit)...
INFO:PlaywrightAdapter:[HWND] Stream recovered token-owned HWND=20843424.
INFO:PlaywrightAdapter:[*] Dieu huong toi https://www.tiktok.com/foryou?lang=en (lan 1, wait=commit)...
INFO:PlaywrightAdapter:[*] Dang doi trang chu TikTok on dinh phien dang nhap...
INFO:PlaywrightAdapter:[+] Xac minh THANH CONG sau 3 giay (Phat hien nav-profile/upload/messages).
INFO:PlaywrightAdapter:[*] Dieu huong toi https://www.tiktok.com/foryou?lang=en (lan 1, wait=commit)...
INFO:PlaywrightAdapter:[*] Dieu huong toi https://www.tiktok.com/tiktokstudio/upload?lang=en (lan 1, wait=commit)...
WARNING:PlaywrightAdapter:[Upload] Playwright path channel bi patched-Firefox B178; chuyen sang native chooser DWM-cloaked. Loi: ElementHandle.set_input_files: Protocol error (Page.setFileInputFiles): error in channel "content::14/19/2": exception while running method "setFileInputFiles" in namespace "page": An attempt was made to use an object that is not, or is no longer, usable 
INFO:PlaywrightAdapter:[Upload] Da gan 1 file video qua native chooser DWM-cloaked.
INFO:PlaywrightAdapter:[UPLOAD] \u0110ã ch\u1ea5p nh\u1eadn popup: Got it
INFO:PlaywrightAdapter:[UPLOAD] Hashtag #leagueoflegends -> #leagueoflegends (usage=12500000)
INFO:PlaywrightAdapter:[UPLOAD] Hashtag #lol_QhMEAXrDRXQ -> #lol_QhMEAXrDRXQ (usage=1)
INFO:PlaywrightAdapter:[UPLOAD] \u0110ã kích ho\u1ea1t hashtag TikTok: #leagueoflegends, #lol_QhMEAXrDRXQ
INFO:PlaywrightAdapter:[UPLOAD] \u0110ã xác nh\u1eadn popup Post now.
INFO:PlaywrightAdapter:[+] Da dong phien trinh duyet va giai phong tai nguyen.
INFO:PlaywrightAdapter:[*] Dang don dep ho so tam thoi: C:\Users\Admin\AppData\Local\Temp\tiktok_auto_profiles\temp_d82a333b-3103-4453-9b80-ae89417f32ab
INFO:PlaywrightAdapter:[*] Da tao profile moi va gan 1 extension: omocaptcha@gmail.com@1.7.7
INFO:PlaywrightAdapter:[LAUNCH] OK sau 12.3s (lan 1/2).
INFO:PlaywrightAdapter:[HWND] Detected token-owned window HWND=32639008 for this session.
INFO:PlaywrightAdapter:[WINDOW] HWND=32639008 dang CLOAK/OFF-SCREEN.
INFO:PlaywrightAdapter:[EXTENSION] Active: omocaptcha@gmail.com@1.7.7 (signed/configuration verified).
INFO:PlaywrightAdapter:[*] Khoi tao tab moi sach.
INFO:PlaywrightAdapter:[+] Khoi tao browser session (headed-cloaked). Seed: 1307364344 | Proxy: Direct NET
INFO:PlaywrightAdapter:[*] Dieu huong toi https://www.tiktok.com/foryou?lang=en (lan 1, wait=commit)...
INFO:PlaywrightAdapter:[HWND] Stream recovered token-owned HWND=1838802.
INFO:PlaywrightAdapter:[*] Dieu huong toi https://www.tiktok.com/foryou?lang=en (lan 1, wait=commit)...
INFO:PlaywrightAdapter:[*] Dang doi trang chu TikTok on dinh phien dang nhap...
INFO:PlaywrightAdapter:[+] Xac minh THANH CONG sau 5 giay (Phat hien nav-profile/upload/messages).
INFO:PlaywrightAdapter:[*] Dieu huong toi https://www.tiktok.com/foryou?lang=en (lan 1, wait=commit)...
INFO:PlaywrightAdapter:[*] Dieu huong toi https://www.tiktok.com/tiktokstudio/upload?lang=en (lan 1, wait=commit)...
WARNING:PlaywrightAdapter:[Upload] Playwright path channel bi patched-Firefox B178; chuyen sang native chooser DWM-cloaked. Loi: ElementHandle.set_input_files: Protocol error (Page.setFileInputFiles): error in channel "content::14/19/2": exception while running method "setFileInputFiles" in namespace "page": An attempt was made to use an object that is not, or is no longer, usable 
INFO:PlaywrightAdapter:[Upload] Da gan 1 file video qua native chooser DWM-cloaked.
INFO:PlaywrightAdapter:[UPLOAD] \u0110ã ch\u1ea5p nh\u1eadn popup: Turn on
INFO:PlaywrightAdapter:[UPLOAD] \u0110ã ch\u1ea5p nh\u1eadn popup: Got it
INFO:PlaywrightAdapter:[UPLOAD] Hashtag #leagueoflegends -> #leagueoflegends (usage=12500000)
INFO:PlaywrightAdapter:[UPLOAD] Hashtag #lol_SNXu85xAWVo -> #lol_SNXu85xAWVo (usage=1)
INFO:PlaywrightAdapter:[UPLOAD] \u0110ã kích ho\u1ea1t hashtag TikTok: #leagueoflegends, #lol_SNXu85xAWVo
INFO:PlaywrightAdapter:[+] Da dong phien trinh duyet va giai phong tai nguyen.
INFO:PlaywrightAdapter:[*] Dang don dep ho so tam thoi: C:\Users\Admin\AppData\Local\Temp\tiktok_auto_profiles\temp_fc19ddee-07c0-4780-b875-52650494337c
INFO:WebSocketManager:[-] M\u1ed9t k\u1ebft n\u1ed1i WebSocket \u0111ã \u0111óng. T\u1ed5ng k\u1ebft n\u1ed1i: 0
INFO:     connection closed
INFO:TaskDispatcher:[+] \u0110ã c\u1eadp nh\u1eadt gi\u1edbi h\u1ea1n lu\u1ed3ng ch\u1ea1y \u0111\u1ed3ng th\u1eddi / 1 proxy thành: 1
INFO:TaskDispatcher:[+] Tài kho\u1ea3n richarddemmin623037@outlook.com | Tác v\u1ee5 LOGIN_COOKIE \u0111ã \u0111\u01b0\u1ee3c \u0111\u01b0a vào hàng \u0111\u1ee3i.
INFO:TaskDispatcher:[*] Kh\u1edfi ch\u1ea1y trình duy\u1ec7t cho tài kho\u1ea3n: richarddemmin623037@outlook.com | Tác v\u1ee5: LOGIN_COOKIE
INFO:PlaywrightAdapter:[*] Da tao profile moi va gan 1 extension: omocaptcha@gmail.com@1.7.7
INFO:     127.0.0.1:53843 - "WebSocket /ws/screens" [accepted]
INFO:WebSocketManager:[+] K\u1ebft n\u1ed1i WebSocket m\u1edbi thi\u1ebft l\u1eadp. T\u1ed5ng k\u1ebft n\u1ed1i: 1
INFO:     connection open
INFO:     127.0.0.1:53844 - "WebSocket /ws/screens" [accepted]
INFO:WebSocketManager:[+] K\u1ebft n\u1ed1i WebSocket m\u1edbi thi\u1ebft l\u1eadp. T\u1ed5ng k\u1ebft n\u1ed1i: 2
INFO:     connection open
INFO:WebSocketManager:[-] M\u1ed9t k\u1ebft n\u1ed1i WebSocket \u0111ã \u0111óng. T\u1ed5ng k\u1ebft n\u1ed1i: 1
INFO:     connection closed
INFO:PlaywrightAdapter:[LAUNCH] OK sau 13.1s (lan 1/2).
INFO:PlaywrightAdapter:[HWND] Detected token-owned window HWND=21892696 for this session.
INFO:PlaywrightAdapter:[WINDOW] HWND=21892696 dang CLOAK/OFF-SCREEN.
INFO:PlaywrightAdapter:[EXTENSION] Active: omocaptcha@gmail.com@1.7.7 (signed/configuration verified).
INFO:PlaywrightAdapter:[*] Khoi tao tab moi sach.
INFO:PlaywrightAdapter:[+] Khoi tao browser session (headed-cloaked). Seed: 565079340 | Proxy: Direct NET
INFO:PlaywrightAdapter:[*] Dieu huong toi https://www.tiktok.com/foryou?lang=en (lan 1, wait=commit)...
INFO:PlaywrightAdapter:[HWND] Stream recovered token-owned HWND=21761080.
INFO:PlaywrightAdapter:[*] Dieu huong toi https://www.tiktok.com/foryou?lang=en (lan 1, wait=commit)...
INFO:PlaywrightAdapter:[*] Dang doi trang chu TikTok on dinh phien dang nhap...
INFO:PlaywrightAdapter:[+] Xac minh THANH CONG sau 3 giay (Phat hien nav-profile/upload/messages).
INFO:PlaywrightAdapter:[Username] web='lum3bie6_fr0cli' | db='pl6_bu47'
INFO:PlaywrightAdapter:[+] Da nhan Save thanh cong bang dispatch_event.
INFO:TikTokLoginUseCase:[Username Sync] pl6_bu47 -> lum3bie6_fr0cli
WARNING:TikTokLoginUseCase:[Username Sync] Uu tien richarddemmin623037@outlook.com -> lum3bie6_fr0cli; chuyen benaalozie142601@outlook.com -> pl6_bu47
INFO:PlaywrightAdapter:[+] Da dong phien trinh duyet va giai phong tai nguyen.
INFO:PlaywrightAdapter:[*] Dang don dep ho so tam thoi: C:\Users\Admin\AppData\Local\Temp\tiktok_auto_profiles\temp_42c9fcdf-9b65-437e-910c-1c1b7cf5567e
INFO:WebSocketManager:[-] M\u1ed9t k\u1ebft n\u1ed1i WebSocket \u0111ã \u0111óng. T\u1ed5ng k\u1ebft n\u1ed1i: 0
INFO:     connection closed
INFO:httpx:HTTP Request: GET https://www.tiktok.com/@fru_sli9dr?lang=en "HTTP/1.1 200 OK"
INFO:httpx:HTTP Request: GET https://www.tiktok.com/@sta_rew7ma2?lang=en "HTTP/1.1 200 OK"
INFO:httpx:HTTP Request: GET https://www.tiktok.com/@lum3bie6_fr0cli?lang=en "HTTP/1.1 200 OK"
INFO:httpx:HTTP Request: GET https://www.tiktok.com/@cr6swee2_cue30?lang=en "HTTP/1.1 200 OK"
INFO:httpx:HTTP Request: GET https://www.tiktok.com/@sien8cla_ner1sw?lang=en "HTTP/1.1 200 OK"
INFO:httpx:HTTP Request: GET https://www.tiktok.com/@br82jay10_pa4no?lang=en "HTTP/1.1 200 OK"
INFO:httpx:HTTP Request: GET https://www.tiktok.com/@fl3stoo_va4vair?lang=en "HTTP/1.1 200 OK"
INFO:httpx:HTTP Request: GET https://www.tiktok.com/@pank8sc0_st0?lang=en "HTTP/1.1 200 OK"
INFO:httpx:HTTP Request: GET https://www.tiktok.com/@st5_stro?lang=en "HTTP/1.1 200 OK"
INFO:httpx:HTTP Request: GET https://www.tiktok.com/@meny84_soy?lang=en "HTTP/1.1 200 OK"
INFO:httpx:HTTP Request: GET https://www.tiktok.com/@sla71mu29_tres9?lang=en "HTTP/1.1 200 OK"
INFO:httpx:HTTP Request: GET https://www.tiktok.com/@dr55clos20_pa2t?lang=en "HTTP/1.1 200 OK"
INFO:httpx:HTTP Request: GET https://www.tiktok.com/@de61_swe97fru?lang=en "HTTP/1.1 200 OK"
INFO:httpx:HTTP Request: GET https://www.tiktok.com/@ween0_pr38wa1?lang=en "HTTP/1.1 200 OK"
INFO:httpx:HTTP Request: GET https://www.tiktok.com/@pri78_jo1raw?lang=en "HTTP/1.1 200 OK"
INFO:httpx:HTTP Request: GET https://www.tiktok.com/@shi48kal76_geac?lang=en "HTTP/1.1 200 OK"
INFO:httpx:HTTP Request: GET https://www.tiktok.com/@ple9_swui3glu9?lang=en "HTTP/1.1 200 OK"
INFO:httpx:HTTP Request: GET https://www.tiktok.com/@sn4_glau4sma?lang=en "HTTP/1.1 200 OK"
INFO:httpx:HTTP Request: GET https://www.tiktok.com/@bau_clo2doa?lang=en "HTTP/1.1 200 OK"
INFO:httpx:HTTP Request: GET https://www.tiktok.com/@fru_sli9dr/video/7678968105254669581 "HTTP/1.1 200 OK"
INFO:httpx:HTTP Request: GET https://www.tiktok.com/@fru_sli9dr/video/7678314852070296846 "HTTP/1.1 200 OK"
INFO:httpx:HTTP Request: GET https://www.tiktok.com/@fru_sli9dr/video/7678188836496755981 "HTTP/1.1 200 OK"
INFO:httpx:HTTP Request: GET https://www.tiktok.com/@fru_sli9dr/video/7678972592350366990 "HTTP/1.1 200 OK"
INFO:httpx:HTTP Request: GET https://www.tiktok.com/@sta_rew7ma2/video/7678321010747165965 "HTTP/1.1 200 OK"
INFO:httpx:HTTP Request: GET https://www.tiktok.com/@sta_rew7ma2/video/7678972277051886862 "HTTP/1.1 200 OK"
INFO:httpx:HTTP Request: GET https://www.tiktok.com/@sta_rew7ma2/video/7678321945242242318 "HTTP/1.1 200 OK"
INFO:httpx:HTTP Request: GET https://www.tiktok.com/@sta_rew7ma2/video/7678967651804171534 "HTTP/1.1 200 OK"
INFO:httpx:HTTP Request: GET https://www.tiktok.com/@sta_rew7ma2/video/7678322881234832654 "HTTP/1.1 200 OK"
INFO:httpx:HTTP Request: GET https://www.tiktok.com/@sta_rew7ma2/video/7678320016932064526 "HTTP/1.1 200 OK"
INFO:httpx:HTTP Request: GET https://www.tiktok.com/@sta_rew7ma2/video/7678314979023506702 "HTTP/1.1 200 OK"
INFO:httpx:HTTP Request: GET https://www.tiktok.com/@lum3bie6_fr0cli/video/7678319929736662302 "HTTP/1.1 200 OK"
INFO:httpx:HTTP Request: GET https://www.tiktok.com/@lum3bie6_fr0cli/video/7678320819315019039 "HTTP/1.1 200 OK"
INFO:httpx:HTTP Request: GET https://www.tiktok.com/@lum3bie6_fr0cli/video/7678321600810208542 "HTTP/1.1 200 OK"
INFO:httpx:HTTP Request: GET https://www.tiktok.com/@lum3bie6_fr0cli/video/7678971669179911455 "HTTP/1.1 200 OK"
INFO:httpx:HTTP Request: GET https://www.tiktok.com/@lum3bie6_fr0cli/video/7678967328846957854 "HTTP/1.1 200 OK"
INFO:httpx:HTTP Request: GET https://www.tiktok.com/@lum3bie6_fr0cli/video/7678314782352592159 "HTTP/1.1 200 OK"
INFO:httpx:HTTP Request: GET https://www.tiktok.com/@cr6swee2_cue30/video/7678911098740919565 "HTTP/1.1 200 OK"
INFO:httpx:HTTP Request: GET https://www.tiktok.com/@cr6swee2_cue30/video/7678966388811255053 "HTTP/1.1 200 OK"
INFO:httpx:HTTP Request: GET https://www.tiktok.com/@cr6swee2_cue30/video/7678315127078243598 "HTTP/1.1 200 OK"
INFO:httpx:HTTP Request: GET https://www.tiktok.com/@cr6swee2_cue30/video/7678187963976600846 "HTTP/1.1 200 OK"
INFO:httpx:HTTP Request: GET https://www.tiktok.com/@cr6swee2_cue30/video/7678971109622025486 "HTTP/1.1 200 OK"
INFO:httpx:HTTP Request: GET https://www.tiktok.com/@sien8cla_ner1sw/video/7678973876784729357 "HTTP/1.1 200 OK"
INFO:httpx:HTTP Request: GET https://www.tiktok.com/@sien8cla_ner1sw/video/7678315241653964046 "HTTP/1.1 200 OK"
INFO:httpx:HTTP Request: GET https://www.tiktok.com/@sien8cla_ner1sw/video/7678970043622870285 "HTTP/1.1 200 OK"
INFO:httpx:HTTP Request: GET https://www.tiktok.com/@fl3stoo_va4vair/video/7678323649434193166 "HTTP/1.1 200 OK"
INFO:httpx:HTTP Request: GET https://www.tiktok.com/@fl3stoo_va4vair/video/7678973026225966350 "HTTP/1.1 200 OK"
INFO:httpx:HTTP Request: GET https://www.tiktok.com/@fl3stoo_va4vair/video/7678320135412681998 "HTTP/1.1 200 OK"
INFO:httpx:HTTP Request: GET https://www.tiktok.com/@fl3stoo_va4vair/video/7678208693053213965 "HTTP/1.1 200 OK"
INFO:httpx:HTTP Request: GET https://www.tiktok.com/@fl3stoo_va4vair/video/7678189190470749454 "HTTP/1.1 200 OK"
INFO:httpx:HTTP Request: GET https://www.tiktok.com/@br82jay10_pa4no/video/7678973679086095647 "HTTP/1.1 200 OK"
INFO:httpx:HTTP Request: GET https://www.tiktok.com/@br82jay10_pa4no/video/7678315135374609694 "HTTP/1.1 200 OK"
INFO:httpx:HTTP Request: GET https://www.tiktok.com/@br82jay10_pa4no/video/7678209039175519518 "HTTP/1.1 200 OK"
INFO:httpx:HTTP Request: GET https://www.tiktok.com/@br82jay10_pa4no/video/7678189621074726174 "HTTP/1.1 200 OK"
INFO:httpx:HTTP Request: GET https://www.tiktok.com/@br82jay10_pa4no/video/7678969778324655390 "HTTP/1.1 200 OK"
INFO:httpx:HTTP Request: GET https://www.tiktok.com/@pank8sc0_st0/video/7678315121537469727 "HTTP/1.1 200 OK"
INFO:httpx:HTTP Request: GET https://www.tiktok.com/@pank8sc0_st0/video/7678974587132005662 "HTTP/1.1 200 OK"
INFO:httpx:HTTP Request: GET https://www.tiktok.com/@st5_stro/video/7678975832332733710 "HTTP/1.1 200 OK"
INFO:httpx:HTTP Request: GET https://www.tiktok.com/@st5_stro/video/7678316024059481358 "HTTP/1.1 200 OK"
INFO:httpx:HTTP Request: GET https://www.tiktok.com/@meny84_soy/video/7678316081001270541 "HTTP/1.1 200 OK"
INFO:httpx:HTTP Request: GET https://www.tiktok.com/@meny84_soy/video/7678976514943094029 "HTTP/1.1 200 OK"
INFO:httpx:HTTP Request: GET https://www.tiktok.com/@sla71mu29_tres9/video/7678315809424362765 "HTTP/1.1 200 OK"
INFO:httpx:HTTP Request: GET https://www.tiktok.com/@sla71mu29_tres9/video/7678975383798091021 "HTTP/1.1 200 OK"
INFO:httpx:HTTP Request: GET https://www.tiktok.com/@dr55clos20_pa2t/video/7678315725127191821 "HTTP/1.1 200 OK"
INFO:httpx:HTTP Request: GET https://www.tiktok.com/@dr55clos20_pa2t/video/7678974892112383246 "HTTP/1.1 200 OK"
INFO:httpx:HTTP Request: GET https://www.tiktok.com/@de61_swe97fru/video/7678976987825736990 "HTTP/1.1 200 OK"
INFO:httpx:HTTP Request: GET https://www.tiktok.com/@de61_swe97fru/video/7678316136592641310 "HTTP/1.1 200 OK"
INFO:httpx:HTTP Request: GET https://www.tiktok.com/@ween0_pr38wa1/video/7678978495451630861 "HTTP/1.1 200 OK"
INFO:httpx:HTTP Request: GET https://www.tiktok.com/@ween0_pr38wa1/video/7678316653716737293 "HTTP/1.1 200 OK"
INFO:httpx:HTTP Request: GET https://www.tiktok.com/@pri78_jo1raw/video/7678978175535254815 "HTTP/1.1 200 OK"
INFO:httpx:HTTP Request: GET https://www.tiktok.com/@pri78_jo1raw/video/7678320989742157086 "HTTP/1.1 200 OK"
INFO:httpx:HTTP Request: GET https://www.tiktok.com/@pri78_jo1raw/video/7678320122724912415 "HTTP/1.1 200 OK"
INFO:httpx:HTTP Request: GET https://www.tiktok.com/@pri78_jo1raw/video/7678321762555153695 "HTTP/1.1 200 OK"
INFO:httpx:HTTP Request: GET https://www.tiktok.com/@shi48kal76_geac/video/7678321170285858078 "HTTP/1.1 200 OK"
INFO:httpx:HTTP Request: GET https://www.tiktok.com/@shi48kal76_geac/video/7678321942138588446 "HTTP/1.1 200 OK"
INFO:httpx:HTTP Request: GET https://www.tiktok.com/@shi48kal76_geac/video/7678932538269650206 "HTTP/1.1 200 OK"
INFO:httpx:HTTP Request: GET https://www.tiktok.com/@shi48kal76_geac/video/7678320231143542047 "HTTP/1.1 200 OK"
INFO:httpx:HTTP Request: GET https://www.tiktok.com/@ple9_swui3glu9/video/7678320263422905613 "HTTP/1.1 200 OK"
INFO:httpx:HTTP Request: GET https://www.tiktok.com/@ple9_swui3glu9/video/7678323528080313613 "HTTP/1.1 200 OK"
INFO:httpx:HTTP Request: GET https://www.tiktok.com/@ple9_swui3glu9/video/7678322868798737677 "HTTP/1.1 200 OK"
INFO:httpx:HTTP Request: GET https://www.tiktok.com/@sn4_glau4sma/video/7678323110898224397 "HTTP/1.1 200 OK"
INFO:httpx:HTTP Request: GET https://www.tiktok.com/@sn4_glau4sma/video/7678934186761227533 "HTTP/1.1 200 OK"
INFO:httpx:HTTP Request: GET https://www.tiktok.com/@sn4_glau4sma/video/7678323774990601485 "HTTP/1.1 200 OK"
INFO:httpx:HTTP Request: GET https://www.tiktok.com/@bau_clo2doa/video/7678317021125250317 "HTTP/1.1 200 OK"
INFO:TaskDispatcher:[+] \u0110ã c\u1eadp nh\u1eadt gi\u1edbi h\u1ea1n lu\u1ed3ng ch\u1ea1y \u0111\u1ed3ng th\u1eddi / 1 proxy thành: 8
INFO:TaskDispatcher:[+] \u0110ã c\u1eadp nh\u1eadt gi\u1edbi h\u1ea1n lu\u1ed3ng ch\u1ea1y \u0111\u1ed3ng th\u1eddi / 1 proxy thành: 8
INFO:TaskDispatcher:[+] Tài kho\u1ea3n alshirestrattep@hotmail.com | Tác v\u1ee5 UPDATE_PROFILE \u0111ã \u0111\u01b0\u1ee3c \u0111\u01b0a vào hàng \u0111\u1ee3i.
INFO:TaskDispatcher:[+] Tài kho\u1ea3n laprinciasaban7442@hotmail.com | Tác v\u1ee5 UPDATE_PROFILE \u0111ã \u0111\u01b0\u1ee3c \u0111\u01b0a vào hàng \u0111\u1ee3i.
INFO:TaskDispatcher:[+] Tài kho\u1ea3n judythscheevel67743@hotmail.com | Tác v\u1ee5 UPDATE_PROFILE \u0111ã \u0111\u01b0\u1ee3c \u0111\u01b0a vào hàng \u0111\u1ee3i.
INFO:TaskDispatcher:[+] Tài kho\u1ea3n treasurerobertazzi078658@hotmail.com | Tác v\u1ee5 UPDATE_PROFILE \u0111ã \u0111\u01b0\u1ee3c \u0111\u01b0a vào hàng \u0111\u1ee3i.
INFO:TaskDispatcher:[+] Tài kho\u1ea3n fumikofussell8345@hotmail.com | Tác v\u1ee5 UPDATE_PROFILE \u0111ã \u0111\u01b0\u1ee3c \u0111\u01b0a vào hàng \u0111\u1ee3i.
INFO:TaskDispatcher:[+] Tài kho\u1ea3n lyliannajosias534@hotmail.com | Tác v\u1ee5 UPDATE_PROFILE \u0111ã \u0111\u01b0\u1ee3c \u0111\u01b0a vào hàng \u0111\u1ee3i.
INFO:TaskDispatcher:[+] Tài kho\u1ea3n emberlyndewaine900@hotmail.com | Tác v\u1ee5 UPDATE_PROFILE \u0111ã \u0111\u01b0\u1ee3c \u0111\u01b0a vào hàng \u0111\u1ee3i.
INFO:TaskDispatcher:[+] Tài kho\u1ea3n lilishealee28041998@hotmail.com | Tác v\u1ee5 UPDATE_PROFILE \u0111ã \u0111\u01b0\u1ee3c \u0111\u01b0a vào hàng \u0111\u1ee3i.
INFO:TaskDispatcher:[+] Tài kho\u1ea3n emmettplegge6681@outlook.com | Tác v\u1ee5 UPDATE_PROFILE \u0111ã \u0111\u01b0\u1ee3c \u0111\u01b0a vào hàng \u0111\u1ee3i.
INFO:TaskDispatcher:[+] Tài kho\u1ea3n tristenboteo38546@hotmail.com | Tác v\u1ee5 UPDATE_PROFILE \u0111ã \u0111\u01b0\u1ee3c \u0111\u01b0a vào hàng \u0111\u1ee3i.
INFO:TaskDispatcher:[+] Tài kho\u1ea3n ottlesmeister2091@hotmail.com | Tác v\u1ee5 UPDATE_PROFILE \u0111ã \u0111\u01b0\u1ee3c \u0111\u01b0a vào hàng \u0111\u1ee3i.
INFO:TaskDispatcher:[+] Tài kho\u1ea3n orsonhalsey546623@hotmail.com | Tác v\u1ee5 UPDATE_PROFILE \u0111ã \u0111\u01b0\u1ee3c \u0111\u01b0a vào hàng \u0111\u1ee3i.
INFO:TaskDispatcher:[+] Tài kho\u1ea3n paolahagendorf7205@hotmail.com | Tác v\u1ee5 UPDATE_PROFILE \u0111ã \u0111\u01b0\u1ee3c \u0111\u01b0a vào hàng \u0111\u1ee3i.
INFO:TaskDispatcher:[+] Tài kho\u1ea3n bonniepetitti13413@outlook.com | Tác v\u1ee5 UPDATE_PROFILE \u0111ã \u0111\u01b0\u1ee3c \u0111\u01b0a vào hàng \u0111\u1ee3i.
INFO:TaskDispatcher:[+] Tài kho\u1ea3n breacarrillo45872@outlook.com | Tác v\u1ee5 UPDATE_PROFILE \u0111ã \u0111\u01b0\u1ee3c \u0111\u01b0a vào hàng \u0111\u1ee3i.
INFO:TaskDispatcher:[+] Tài kho\u1ea3n rashaanaskam4595@outlook.com | Tác v\u1ee5 UPDATE_PROFILE \u0111ã \u0111\u01b0\u1ee3c \u0111\u01b0a vào hàng \u0111\u1ee3i.
INFO:TaskDispatcher:[+] Tài kho\u1ea3n blazetamkin1048@outlook.com | Tác v\u1ee5 UPDATE_PROFILE \u0111ã \u0111\u01b0\u1ee3c \u0111\u01b0a vào hàng \u0111\u1ee3i.
INFO:TaskDispatcher:[+] Tài kho\u1ea3n nathanaelsimone2691@hotmail.com | Tác v\u1ee5 UPDATE_PROFILE \u0111ã \u0111\u01b0\u1ee3c \u0111\u01b0a vào hàng \u0111\u1ee3i.
INFO:TaskDispatcher:[+] Tài kho\u1ea3n yariana1807092002@hotmail.com | Tác v\u1ee5 UPDATE_PROFILE \u0111ã \u0111\u01b0\u1ee3c \u0111\u01b0a vào hàng \u0111\u1ee3i.
INFO:TaskDispatcher:[+] Tài kho\u1ea3n karcynsanjuana12071993@hotmail.com | Tác v\u1ee5 UPDATE_PROFILE \u0111ã \u0111\u01b0\u1ee3c \u0111\u01b0a vào hàng \u0111\u1ee3i.
INFO:TaskDispatcher:[+] Tài kho\u1ea3n sullytrenyce260@hotmail.com | Tác v\u1ee5 UPDATE_PROFILE \u0111ã \u0111\u01b0\u1ee3c \u0111\u01b0a vào hàng \u0111\u1ee3i.
INFO:TaskDispatcher:[+] Tài kho\u1ea3n dhritidelaynie9081@hotmail.com | Tác v\u1ee5 UPDATE_PROFILE \u0111ã \u0111\u01b0\u1ee3c \u0111\u01b0a vào hàng \u0111\u1ee3i.
INFO:TaskDispatcher:[+] Tài kho\u1ea3n miraclekennie4377@hotmail.com | Tác v\u1ee5 UPDATE_PROFILE \u0111ã \u0111\u01b0\u1ee3c \u0111\u01b0a vào hàng \u0111\u1ee3i.
INFO:TaskDispatcher:[+] Tài kho\u1ea3n korazelina14071996@hotmail.com | Tác v\u1ee5 UPDATE_PROFILE \u0111ã \u0111\u01b0\u1ee3c \u0111\u01b0a vào hàng \u0111\u1ee3i.
INFO:TaskDispatcher:[+] Tài kho\u1ea3n nyriah1711011996@hotmail.com | Tác v\u1ee5 UPDATE_PROFILE \u0111ã \u0111\u01b0\u1ee3c \u0111\u01b0a vào hàng \u0111\u1ee3i.
INFO:TaskDispatcher:[+] Tài kho\u1ea3n brenonhaywood17121990@hotmail.com | Tác v\u1ee5 UPDATE_PROFILE \u0111ã \u0111\u01b0\u1ee3c \u0111\u01b0a vào hàng \u0111\u1ee3i.
INFO:TaskDispatcher:[+] Tài kho\u1ea3n carnsewkvistu@hotmail.com | Tác v\u1ee5 UPDATE_PROFILE \u0111ã \u0111\u01b0\u1ee3c \u0111\u01b0a vào hàng \u0111\u1ee3i.
INFO:TaskDispatcher:[+] Tài kho\u1ea3n joannahsilverio829@hotmail.com | Tác v\u1ee5 UPDATE_PROFILE \u0111ã \u0111\u01b0\u1ee3c \u0111\u01b0a vào hàng \u0111\u1ee3i.
INFO:TaskDispatcher:[+] Tài kho\u1ea3n horacefinneus7796@hotmail.com | Tác v\u1ee5 UPDATE_PROFILE \u0111ã \u0111\u01b0\u1ee3c \u0111\u01b0a vào hàng \u0111\u1ee3i.
INFO:TaskDispatcher:[+] Tài kho\u1ea3n abracoco5671@hotmail.com | Tác v\u1ee5 UPDATE_PROFILE \u0111ã \u0111\u01b0\u1ee3c \u0111\u01b0a vào hàng \u0111\u1ee3i.
INFO:TaskDispatcher:[+] Tài kho\u1ea3n raiyannikkol513@hotmail.com | Tác v\u1ee5 UPDATE_PROFILE \u0111ã \u0111\u01b0\u1ee3c \u0111\u01b0a vào hàng \u0111\u1ee3i.
INFO:TaskDispatcher:[+] Tài kho\u1ea3n taleyah3722111993@hotmail.com | Tác v\u1ee5 UPDATE_PROFILE \u0111ã \u0111\u01b0\u1ee3c \u0111\u01b0a vào hàng \u0111\u1ee3i.
INFO:TaskDispatcher:[+] Tài kho\u1ea3n hailly9111042001@hotmail.com | Tác v\u1ee5 UPDATE_PROFILE \u0111ã \u0111\u01b0\u1ee3c \u0111\u01b0a vào hàng \u0111\u1ee3i.
INFO:TaskDispatcher:[+] Tài kho\u1ea3n shaniquah3324031990@hotmail.com | Tác v\u1ee5 UPDATE_PROFILE \u0111ã \u0111\u01b0\u1ee3c \u0111\u01b0a vào hàng \u0111\u1ee3i.
INFO:TaskDispatcher:[+] Tài kho\u1ea3n betsy3808011997@hotmail.com | Tác v\u1ee5 UPDATE_PROFILE \u0111ã \u0111\u01b0\u1ee3c \u0111\u01b0a vào hàng \u0111\u1ee3i.
INFO:TaskDispatcher:[+] Tài kho\u1ea3n rajanjarmar754@hotmail.com | Tác v\u1ee5 UPDATE_PROFILE \u0111ã \u0111\u01b0\u1ee3c \u0111\u01b0a vào hàng \u0111\u1ee3i.
INFO:TaskDispatcher:[+] Tài kho\u1ea3n tomico5112121993@hotmail.com | Tác v\u1ee5 UPDATE_PROFILE \u0111ã \u0111\u01b0\u1ee3c \u0111\u01b0a vào hàng \u0111\u1ee3i.
INFO:TaskDispatcher:[+] Tài kho\u1ea3n cherylynnlanajah6365@hotmail.com | Tác v\u1ee5 UPDATE_PROFILE \u0111ã \u0111\u01b0\u1ee3c \u0111\u01b0a vào hàng \u0111\u1ee3i.
INFO:TaskDispatcher:[+] Tài kho\u1ea3n elvinzamira761@hotmail.com | Tác v\u1ee5 UPDATE_PROFILE \u0111ã \u0111\u01b0\u1ee3c \u0111\u01b0a vào hàng \u0111\u1ee3i.
INFO:TaskDispatcher:[+] Tài kho\u1ea3n breaunashourya766@hotmail.com | Tác v\u1ee5 UPDATE_PROFILE \u0111ã \u0111\u01b0\u1ee3c \u0111\u01b0a vào hàng \u0111\u1ee3i.
INFO:TaskDispatcher:[+] Tài kho\u1ea3n yissel3306051994@hotmail.com | Tác v\u1ee5 UPDATE_PROFILE \u0111ã \u0111\u01b0\u1ee3c \u0111\u01b0a vào hàng \u0111\u1ee3i.
INFO:TaskDispatcher:[+] Tài kho\u1ea3n eeanfinlay3154@hotmail.com | Tác v\u1ee5 UPDATE_PROFILE \u0111ã \u0111\u01b0\u1ee3c \u0111\u01b0a vào hàng \u0111\u1ee3i.
INFO:TaskDispatcher:[+] Tài kho\u1ea3n shanylazalaya8455@hotmail.com | Tác v\u1ee5 UPDATE_PROFILE \u0111ã \u0111\u01b0\u1ee3c \u0111\u01b0a vào hàng \u0111\u1ee3i.
INFO:TaskDispatcher:[+] Tài kho\u1ea3n rhettabraidan5434@hotmail.com | Tác v\u1ee5 UPDATE_PROFILE \u0111ã \u0111\u01b0\u1ee3c \u0111\u01b0a vào hàng \u0111\u1ee3i.
INFO:TaskDispatcher:[+] Tài kho\u1ea3n christinbarbie1230@hotmail.com | Tác v\u1ee5 UPDATE_PROFILE \u0111ã \u0111\u01b0\u1ee3c \u0111\u01b0a vào hàng \u0111\u1ee3i.
INFO:TaskDispatcher:[+] Tài kho\u1ea3n taisiyakathern395@hotmail.com | Tác v\u1ee5 UPDATE_PROFILE \u0111ã \u0111\u01b0\u1ee3c \u0111\u01b0a vào hàng \u0111\u1ee3i.
INFO:TaskDispatcher:[+] Tài kho\u1ea3n shreykelsay906@hotmail.com | Tác v\u1ee5 UPDATE_PROFILE \u0111ã \u0111\u01b0\u1ee3c \u0111\u01b0a vào hàng \u0111\u1ee3i.
INFO:TaskDispatcher:[+] Tài kho\u1ea3n whyattwynee7577@hotmail.com | Tác v\u1ee5 UPDATE_PROFILE \u0111ã \u0111\u01b0\u1ee3c \u0111\u01b0a vào hàng \u0111\u1ee3i.
INFO:TaskDispatcher:[+] Tài kho\u1ea3n katherinestrange27121992@hotmail.com | Tác v\u1ee5 UPDATE_PROFILE \u0111ã \u0111\u01b0\u1ee3c \u0111\u01b0a vào hàng \u0111\u1ee3i.
INFO:TaskDispatcher:[+] Tài kho\u1ea3n zorinamccauley24092003@hotmail.com | Tác v\u1ee5 UPDATE_PROFILE \u0111ã \u0111\u01b0\u1ee3c \u0111\u01b0a vào hàng \u0111\u1ee3i.
INFO:TaskDispatcher:[+] Tài kho\u1ea3n meilinkalaysha8225@hotmail.com | Tác v\u1ee5 UPDATE_PROFILE \u0111ã \u0111\u01b0\u1ee3c \u0111\u01b0a vào hàng \u0111\u1ee3i.
INFO:TaskDispatcher:[+] Tài kho\u1ea3n dreytondenelle6493@hotmail.com | Tác v\u1ee5 UPDATE_PROFILE \u0111ã \u0111\u01b0\u1ee3c \u0111\u01b0a vào hàng \u0111\u1ee3i.
INFO:TaskDispatcher:[+] Tài kho\u1ea3n ruperto5602051991@hotmail.com | Tác v\u1ee5 UPDATE_PROFILE \u0111ã \u0111\u01b0\u1ee3c \u0111\u01b0a vào hàng \u0111\u1ee3i.
INFO:TaskDispatcher:[+] Tài kho\u1ea3n deandrecaila832@hotmail.com | Tác v\u1ee5 UPDATE_PROFILE \u0111ã \u0111\u01b0\u1ee3c \u0111\u01b0a vào hàng \u0111\u1ee3i.
INFO:TaskDispatcher:[+] Tài kho\u1ea3n justisfelix526@hotmail.com | Tác v\u1ee5 UPDATE_PROFILE \u0111ã \u0111\u01b0\u1ee3c \u0111\u01b0a vào hàng \u0111\u1ee3i.
INFO:TaskDispatcher:[+] Tài kho\u1ea3n elasiaadan7205@hotmail.com | Tác v\u1ee5 UPDATE_PROFILE \u0111ã \u0111\u01b0\u1ee3c \u0111\u01b0a vào hàng \u0111\u1ee3i.
INFO:TaskDispatcher:[+] Tài kho\u1ea3n kingstynfancy9490@hotmail.com | Tác v\u1ee5 UPDATE_PROFILE \u0111ã \u0111\u01b0\u1ee3c \u0111\u01b0a vào hàng \u0111\u1ee3i.
INFO:TaskDispatcher:[+] Tài kho\u1ea3n tekiafiras09071991@hotmail.com | Tác v\u1ee5 UPDATE_PROFILE \u0111ã \u0111\u01b0\u1ee3c \u0111\u01b0a vào hàng \u0111\u1ee3i.
INFO:TaskDispatcher:[+] Tài kho\u1ea3n elkin3311121994@hotmail.com | Tác v\u1ee5 UPDATE_PROFILE \u0111ã \u0111\u01b0\u1ee3c \u0111\u01b0a vào hàng \u0111\u1ee3i.
INFO:TaskDispatcher:[+] Tài kho\u1ea3n yorley8806031996@hotmail.com | Tác v\u1ee5 UPDATE_PROFILE \u0111ã \u0111\u01b0\u1ee3c \u0111\u01b0a vào hàng \u0111\u1ee3i.
INFO:TaskDispatcher:[+] Tài kho\u1ea3n aishetuberlianv@hotmail.com | Tác v\u1ee5 UPDATE_PROFILE \u0111ã \u0111\u01b0\u1ee3c \u0111\u01b0a vào hàng \u0111\u1ee3i.
INFO:TaskDispatcher:[+] Tài kho\u1ea3n jatnielshirin601@hotmail.com | Tác v\u1ee5 UPDATE_PROFILE \u0111ã \u0111\u01b0\u1ee3c \u0111\u01b0a vào hàng \u0111\u1ee3i.
INFO:TaskDispatcher:[+] Tài kho\u1ea3n allyciajerni06032002@hotmail.com | Tác v\u1ee5 UPDATE_PROFILE \u0111ã \u0111\u01b0\u1ee3c \u0111\u01b0a vào hàng \u0111\u1ee3i.
INFO:TaskDispatcher:[+] Tài kho\u1ea3n arienneshianne16102001@hotmail.com | Tác v\u1ee5 UPDATE_PROFILE \u0111ã \u0111\u01b0\u1ee3c \u0111\u01b0a vào hàng \u0111\u1ee3i.
INFO:TaskDispatcher:[+] Tài kho\u1ea3n kayseemessiah9177@hotmail.com | Tác v\u1ee5 UPDATE_PROFILE \u0111ã \u0111\u01b0\u1ee3c \u0111\u01b0a vào hàng \u0111\u1ee3i.
INFO:TaskDispatcher:[+] Tài kho\u1ea3n petrosahniyah6128@hotmail.com | Tác v\u1ee5 UPDATE_PROFILE \u0111ã \u0111\u01b0\u1ee3c \u0111\u01b0a vào hàng \u0111\u1ee3i.
INFO:TaskDispatcher:[+] Tài kho\u1ea3n velachima5891@hotmail.com | Tác v\u1ee5 UPDATE_PROFILE \u0111ã \u0111\u01b0\u1ee3c \u0111\u01b0a vào hàng \u0111\u1ee3i.
INFO:TaskDispatcher:[+] Tài kho\u1ea3n manulanise7318@hotmail.com | Tác v\u1ee5 UPDATE_PROFILE \u0111ã \u0111\u01b0\u1ee3c \u0111\u01b0a vào hàng \u0111\u1ee3i.
INFO:TaskDispatcher:[+] Tài kho\u1ea3n carsonsherline2509@hotmail.com | Tác v\u1ee5 UPDATE_PROFILE \u0111ã \u0111\u01b0\u1ee3c \u0111\u01b0a vào hàng \u0111\u1ee3i.
INFO:TaskDispatcher:[+] Tài kho\u1ea3n rashaunda6606012000@hotmail.com | Tác v\u1ee5 UPDATE_PROFILE \u0111ã \u0111\u01b0\u1ee3c \u0111\u01b0a vào hàng \u0111\u1ee3i.
INFO:TaskDispatcher:[+] Tài kho\u1ea3n brysengioia1377@hotmail.com | Tác v\u1ee5 UPDATE_PROFILE \u0111ã \u0111\u01b0\u1ee3c \u0111\u01b0a vào hàng \u0111\u1ee3i.
INFO:TaskDispatcher:[+] Tài kho\u1ea3n evanikreg04121995@hotmail.com | Tác v\u1ee5 UPDATE_PROFILE \u0111ã \u0111\u01b0\u1ee3c \u0111\u01b0a vào hàng \u0111\u1ee3i.
INFO:TaskDispatcher:[+] Phân b\u1ed5 \u1ea3nh \u0111\u1ea1i di\u1ec7n: bfgi6zr223cy.jpg cho lu\u1ed3ng s\u1ed1 13
INFO:TaskDispatcher:[+] Phân b\u1ed5 \u1ea3nh \u0111\u1ea1i di\u1ec7n: c94s650rqe0n.jpg cho lu\u1ed3ng s\u1ed1 14
INFO:TaskDispatcher:[+] Phân b\u1ed5 \u1ea3nh \u0111\u1ea1i di\u1ec7n: cgltbmduvyn4.jpg cho lu\u1ed3ng s\u1ed1 15
INFO:TaskDispatcher:[+] Phân b\u1ed5 \u1ea3nh \u0111\u1ea1i di\u1ec7n: cgz4pgl4doqi.jpg cho lu\u1ed3ng s\u1ed1 16
INFO:TaskDispatcher:[+] Phân b\u1ed5 \u1ea3nh \u0111\u1ea1i di\u1ec7n: cmnql0zb8sa6.jpg cho lu\u1ed3ng s\u1ed1 17
INFO:TaskDispatcher:[*] Kh\u1edfi ch\u1ea1y trình duy\u1ec7t cho tài kho\u1ea3n: alshirestrattep@hotmail.com | Tác v\u1ee5: UPDATE_PROFILE
INFO:TaskDispatcher:[*] Kh\u1edfi ch\u1ea1y trình duy\u1ec7t cho tài kho\u1ea3n: laprinciasaban7442@hotmail.com | Tác v\u1ee5: UPDATE_PROFILE
INFO:TaskDispatcher:[*] Kh\u1edfi ch\u1ea1y trình duy\u1ec7t cho tài kho\u1ea3n: judythscheevel67743@hotmail.com | Tác v\u1ee5: UPDATE_PROFILE
INFO:TaskDispatcher:[*] Kh\u1edfi ch\u1ea1y trình duy\u1ec7t cho tài kho\u1ea3n: treasurerobertazzi078658@hotmail.com | Tác v\u1ee5: UPDATE_PROFILE
INFO:PlaywrightAdapter:[*] Da tao profile moi va gan 1 extension: omocaptcha@gmail.com@1.7.7
INFO:     127.0.0.1:59833 - "WebSocket /ws/screens" [accepted]
INFO:WebSocketManager:[+] K\u1ebft n\u1ed1i WebSocket m\u1edbi thi\u1ebft l\u1eadp. T\u1ed5ng k\u1ebft n\u1ed1i: 1
INFO:     connection open
INFO:     127.0.0.1:59838 - "WebSocket /ws/screens" [accepted]
INFO:WebSocketManager:[+] K\u1ebft n\u1ed1i WebSocket m\u1edbi thi\u1ebft l\u1eadp. T\u1ed5ng k\u1ebft n\u1ed1i: 2
INFO:     connection open
INFO:WebSocketManager:[-] M\u1ed9t k\u1ebft n\u1ed1i WebSocket \u0111ã \u0111óng. T\u1ed5ng k\u1ebft n\u1ed1i: 1
INFO:     connection closed
INFO:PlaywrightAdapter:[*] Da tao profile moi va gan 1 extension: omocaptcha@gmail.com@1.7.7
INFO:PlaywrightAdapter:[LAUNCH] OK sau 13.1s (lan 1/2).
INFO:PlaywrightAdapter:[HWND] Detected token-owned window HWND=121766522 for this session.
INFO:PlaywrightAdapter:[WINDOW] HWND=121766522 dang CLOAK/OFF-SCREEN.
INFO:PlaywrightAdapter:[EXTENSION] Active: omocaptcha@gmail.com@1.7.7 (signed/configuration verified).
INFO:PlaywrightAdapter:[*] Khoi tao tab moi sach.
INFO:PlaywrightAdapter:[+] Khoi tao browser session (headed-cloaked). Seed: 1002340257 | Proxy: Direct NET
INFO:PlaywrightAdapter:[*] Dieu huong toi https://www.tiktok.com/foryou?lang=en (lan 1, wait=commit)...
INFO:PlaywrightAdapter:[*] Da tao profile moi va gan 1 extension: omocaptcha@gmail.com@1.7.7
INFO:PlaywrightAdapter:[HWND] Stream recovered token-owned HWND=8850804.
INFO:PlaywrightAdapter:[LAUNCH] OK sau 21.1s (lan 1/2).
INFO:PlaywrightAdapter:[LAUNCH] OK sau 19.3s (lan 1/2).
INFO:PlaywrightAdapter:[HWND] Detected token-owned window HWND=27921696 for this session.
INFO:PlaywrightAdapter:[WINDOW] HWND=27921696 dang CLOAK/OFF-SCREEN.
INFO:PlaywrightAdapter:[HWND] Detected token-owned window HWND=32050296 for this session.
INFO:PlaywrightAdapter:[WINDOW] HWND=32050296 dang CLOAK/OFF-SCREEN.
INFO:PlaywrightAdapter:[EXTENSION] Active: omocaptcha@gmail.com@1.7.7 (signed/configuration verified).
INFO:PlaywrightAdapter:[*] Khoi tao tab moi sach.
INFO:PlaywrightAdapter:[+] Khoi tao browser session (headed-cloaked). Seed: 993220558 | Proxy: Direct NET
INFO:PlaywrightAdapter:[*] Dieu huong toi https://www.tiktok.com/foryou?lang=en (lan 1, wait=commit)...
INFO:PlaywrightAdapter:[*] Da tao profile moi va gan 1 extension: omocaptcha@gmail.com@1.7.7
INFO:PlaywrightAdapter:[EXTENSION] Active: omocaptcha@gmail.com@1.7.7 (signed/configuration verified).
INFO:PlaywrightAdapter:[HWND] Stream recovered token-owned HWND=35326376.
INFO:PlaywrightAdapter:[*] Khoi tao tab moi sach.
INFO:PlaywrightAdapter:[+] Khoi tao browser session (headed-cloaked). Seed: 1719451138 | Proxy: Direct NET
INFO:PlaywrightAdapter:[*] Dieu huong toi https://www.tiktok.com/foryou?lang=en (lan 1, wait=commit)...
INFO:PlaywrightAdapter:[HWND] Stream recovered token-owned HWND=12980020.
INFO:PlaywrightAdapter:[LAUNCH] OK sau 16.2s (lan 1/2).
INFO:PlaywrightAdapter:[HWND] Detected token-owned window HWND=4329192 for this session.
INFO:PlaywrightAdapter:[WINDOW] HWND=4329192 dang CLOAK/OFF-SCREEN.
INFO:PlaywrightAdapter:[EXTENSION] Active: omocaptcha@gmail.com@1.7.7 (signed/configuration verified).
INFO:PlaywrightAdapter:[HWND] Stream recovered token-owned HWND=21630338.
INFO:PlaywrightAdapter:[*] Khoi tao tab moi sach.
INFO:PlaywrightAdapter:[+] Khoi tao browser session (headed-cloaked). Seed: 250809901 | Proxy: Direct NET
INFO:PlaywrightAdapter:[*] Dieu huong toi https://www.tiktok.com/foryou?lang=en (lan 1, wait=commit)...
INFO:httpx:HTTP Request: POST https://login.microsoftonline.com/consumers/oauth2/v2.0/token "HTTP/1.1 400 Bad Request"
INFO:httpx:HTTP Request: POST https://login.microsoftonline.com/consumers/oauth2/v2.0/token "HTTP/1.1 200 OK"
INFO:EmailServiceFactory:[Email] Da luu refresh_token MOI cho alshirestrattep@hotmail.com (Microsoft xoay token).
INFO:MSGraphEmailService:[Graph] Lay access_token OK cho alshirestrattep@hotmail.com (scope='https://graph.microsoft.com/.default').
INFO:httpx:HTTP Request: GET https://graph.microsoft.com/v1.0/me/mailFolders/inbox/messages?%24top=15&%24select=subject%2CbodyPreview%2CreceivedDateTime%2Cfrom&%24orderby=receivedDateTime+desc "HTTP/1.1 200 OK"
INFO:httpx:HTTP Request: GET https://graph.microsoft.com/v1.0/me/mailFolders/junkemail/messages?%24top=15&%24select=subject%2CbodyPreview%2CreceivedDateTime%2Cfrom&%24orderby=receivedDateTime+desc "HTTP/1.1 200 OK"
INFO:MSGraphEmailService:[Graph] Lay OTP MOI thanh cong: 053035 (mail luc 2026-08-28T07:39:54+00:00).
INFO:httpx:HTTP Request: POST https://login.microsoftonline.com/consumers/oauth2/v2.0/token "HTTP/1.1 200 OK"
INFO:EmailServiceFactory:[Email] Da luu refresh_token MOI cho judythscheevel67743@hotmail.com (Microsoft xoay token).
INFO:MSGraphEmailService:[Graph] Lay access_token OK cho judythscheevel67743@hotmail.com (scope='https://graph.microsoft.com/Mail.Read').
INFO:httpx:HTTP Request: GET https://graph.microsoft.com/v1.0/me/mailFolders/inbox/messages?%24top=15&%24select=subject%2CbodyPreview%2CreceivedDateTime%2Cfrom&%24orderby=receivedDateTime+desc "HTTP/1.1 200 OK"
INFO:httpx:HTTP Request: GET https://graph.microsoft.com/v1.0/me/mailFolders/junkemail/messages?%24top=15&%24select=subject%2CbodyPreview%2CreceivedDateTime%2Cfrom&%24orderby=receivedDateTime+desc "HTTP/1.1 200 OK"
INFO:MSGraphEmailService:[Graph] Lay OTP MOI thanh cong: 430435 (mail luc 2026-08-28T07:40:05+00:00).
INFO:PlaywrightAdapter:[*] Dang doi trang chu TikTok on dinh phien dang nhap...
INFO:PlaywrightAdapter:[+] Xac minh THANH CONG sau 1 giay (Phat hien nav-profile/upload/messages).
INFO:TikTokUpdateProfileUseCase:[+] [Defensive Save] \u0110ã sao l\u01b0u phòng th\u1ee7 Cookies thành công cho stro3fe94_snu
INFO:TikTokUpdateProfileUseCase:[+] \u0110ã ch\u1ecdn Bio ng\u1eabu nhiên: 'Life is short, eat dessert first | \U0001f33f Just vibing | Watch me grow.'
ERROR:LoginStrategies:[-] Loi dang nhap Form: Locator.wait_for: Timeout 15000ms exceeded.
Call log:
  - waiting for locator("button.tux-button__element-ZBq38f:has-text(\"Resend\"), button:has-text(\"Resend\"), button:has-text(\"Gui lai\")").first

INFO:PlaywrightAdapter:[+] Da dong phien trinh duyet va giai phong tai nguyen.
INFO:PlaywrightAdapter:[*] Dang don dep ho so tam thoi: C:\Users\Admin\AppData\Local\Temp\tiktok_auto_profiles\temp_bf56440b-716a-4442-9e8c-4523ef2ba154
INFO:httpx:HTTP Request: POST https://login.microsoftonline.com/consumers/oauth2/v2.0/token "HTTP/1.1 200 OK"
INFO:EmailServiceFactory:[Email] Da luu refresh_token MOI cho treasurerobertazzi078658@hotmail.com (Microsoft xoay token).
INFO:MSGraphEmailService:[Graph] Lay access_token OK cho treasurerobertazzi078658@hotmail.com (scope='https://graph.microsoft.com/Mail.Read').
INFO:TaskDispatcher:[+] Phân b\u1ed5 \u1ea3nh \u0111\u1ea1i di\u1ec7n: eiquv3vvbwi4.jpg cho lu\u1ed3ng s\u1ed1 18
INFO:TaskDispatcher:[*] Kh\u1edfi ch\u1ea1y trình duy\u1ec7t cho tài kho\u1ea3n: fumikofussell8345@hotmail.com | Tác v\u1ee5: UPDATE_PROFILE
INFO:PlaywrightAdapter:[*] Da tao profile moi va gan 1 extension: omocaptcha@gmail.com@1.7.7
INFO:httpx:HTTP Request: GET https://graph.microsoft.com/v1.0/me/mailFolders/inbox/messages?%24top=15&%24select=subject%2CbodyPreview%2CreceivedDateTime%2Cfrom&%24orderby=receivedDateTime+desc "HTTP/1.1 200 OK"
INFO:httpx:HTTP Request: GET https://graph.microsoft.com/v1.0/me/mailFolders/junkemail/messages?%24top=15&%24select=subject%2CbodyPreview%2CreceivedDateTime%2Cfrom&%24orderby=receivedDateTime+desc "HTTP/1.1 200 OK"
INFO:MSGraphEmailService:[Graph] Lay OTP MOI thanh cong: 682353 (mail luc 2026-08-28T07:40:15+00:00).
INFO:PlaywrightAdapter:[*] Dang doi trang chu TikTok on dinh phien dang nhap...
INFO:PlaywrightAdapter:[+] Xac minh THANH CONG sau 1 giay (Phat hien nav-profile/upload/messages).
INFO:TikTokUpdateProfileUseCase:[+] [Defensive Save] \u0110ã sao l\u01b0u phòng th\u1ee7 Cookies thành công cho sn8blai4_te8
INFO:TikTokUpdateProfileUseCase:[+] \u0110ã ch\u1ecdn Bio ng\u1eabu nhiên: 'Flavor creator | \u2728 Creating magic | Creating daily.'
INFO:PlaywrightAdapter:[+] Da gan file avatar bang native chooser an.
INFO:PlaywrightAdapter:[LAUNCH] OK sau 14.8s (lan 1/2).
INFO:PlaywrightAdapter:[+] Tim thay nut xac nhan hop le: 'button:has-text("Apply")'
INFO:PlaywrightAdapter:[HWND] Detected token-owned window HWND=69582 for this session.
INFO:PlaywrightAdapter:[WINDOW] HWND=69582 dang CLOAK/OFF-SCREEN.
INFO:PlaywrightAdapter:[EXTENSION] Active: omocaptcha@gmail.com@1.7.7 (signed/configuration verified).
INFO:PlaywrightAdapter:[HWND] Stream recovered token-owned HWND=29886126.
INFO:PlaywrightAdapter:[*] Khoi tao tab moi sach.
INFO:PlaywrightAdapter:[+] Khoi tao browser session (headed-cloaked). Seed: 243781802 | Proxy: Direct NET
INFO:PlaywrightAdapter:[*] Dieu huong toi https://www.tiktok.com/foryou?lang=en (lan 1, wait=commit)...
WARNING:PlaywrightAdapter:[-] Click gia lap that bai o lan thu 1: Locator.click: Element is not visible
Call log:
  - waiting for locator("button:has-text(\"Apply\")").first
    - locator resolved to <button type="button" class="ef1kawg9 css-s03j95-7937d88b--Button-7937d88b--StyledBtn ebef5j00">Apply</button>
  - attempting click action
    - scrolling into view if needed
. Dang thu Dispatch Event...
INFO:PlaywrightAdapter:[+] Da nhan Apply thanh cong o lan thu 1 bang Dispatch Event.
INFO:PlaywrightAdapter:[+] Cap nhat avatar vao form thanh cong.
INFO:PlaywrightAdapter:[Username] web='stro3fe94_snu' | db='stro3fe94_snu'
INFO:PlaywrightAdapter:[+] Da gan file avatar bang native chooser an.
INFO:PlaywrightAdapter:[*] Dang doi trang chu TikTok on dinh phien dang nhap...
INFO:PlaywrightAdapter:[+] Xac minh THANH CONG sau 1 giay (Phat hien nav-profile/upload/messages).
INFO:TikTokUpdateProfileUseCase:[+] [Defensive Save] \u0110ã sao l\u01b0u phòng th\u1ee7 Cookies thành công cho scue17spa44_ze9
INFO:TikTokUpdateProfileUseCase:[+] \u0110ã ch\u1ecdn Bio ng\u1eabu nhiên: 'Gastronomy geek | Living out loud | Keep smiling.'
INFO:PlaywrightAdapter:[+] Tim thay nut xac nhan hop le: 'button:has-text("Apply")'
WARNING:PlaywrightAdapter:[-] Click gia lap that bai o lan thu 1: Locator.click: Element is not visible
Call log:
  - waiting for locator("button:has-text(\"Apply\")").first
    - locator resolved to <button type="button" class="ef1kawg9 css-s03j95-7937d88b--Button-7937d88b--StyledBtn ebef5j00">Apply</button>
  - attempting click action
    - scrolling into view if needed
. Dang thu Dispatch Event...
INFO:PlaywrightAdapter:[+] Da nhan Apply thanh cong o lan thu 1 bang Dispatch Event.
INFO:PlaywrightAdapter:[+] Cap nhat avatar vao form thanh cong.
INFO:PlaywrightAdapter:[Username] web='sn8blai4_te8' | db='sn8blai4_te8'
INFO:PlaywrightAdapter:[+] Da gan file avatar bang native chooser an.
INFO:PlaywrightAdapter:[+] Da nhan Save thanh cong bang dispatch_event.
INFO:PlaywrightAdapter:[+] Tim thay nut xac nhan hop le: 'button:has-text("Apply")'
WARNING:PlaywrightAdapter:[-] Click gia lap that bai o lan thu 1: Locator.click: Element is not visible
Call log:
  - waiting for locator("button:has-text(\"Apply\")").first
    - locator resolved to <button type="button" class="ef1kawg9 css-s03j95-7937d88b--Button-7937d88b--StyledBtn ebef5j00">Apply</button>
  - attempting click action
    - scrolling into view if needed
. Dang thu Dispatch Event...
INFO:PlaywrightAdapter:[+] Da nhan Apply thanh cong o lan thu 1 bang Dispatch Event.
INFO:PlaywrightAdapter:[+] Da dong phien trinh duyet va giai phong tai nguyen.
INFO:PlaywrightAdapter:[*] Dang don dep ho so tam thoi: C:\Users\Admin\AppData\Local\Temp\tiktok_auto_profiles\temp_4581bb0c-3f1d-4545-864e-621a17ac91d9
INFO:PlaywrightAdapter:[+] Cap nhat avatar vao form thanh cong.
INFO:PlaywrightAdapter:[Username] web='scue17spa44_ze9' | db='scue17spa44_ze9'
INFO:TaskDispatcher:[+] Phân b\u1ed5 \u1ea3nh \u0111\u1ea1i di\u1ec7n: fvuzv1miloed.jpg cho lu\u1ed3ng s\u1ed1 19
INFO:TaskDispatcher:[*] Kh\u1edfi ch\u1ea1y trình duy\u1ec7t cho tài kho\u1ea3n: lyliannajosias534@hotmail.com | Tác v\u1ee5: UPDATE_PROFILE
INFO:PlaywrightAdapter:[*] Da tao profile moi va gan 1 extension: omocaptcha@gmail.com@1.7.7
INFO:PlaywrightAdapter:[+] Da nhan Save thanh cong bang dispatch_event.
INFO:PlaywrightAdapter:[+] Da dong phien trinh duyet va giai phong tai nguyen.
INFO:PlaywrightAdapter:[*] Dang don dep ho so tam thoi: C:\Users\Admin\AppData\Local\Temp\tiktok_auto_profiles\temp_b7584e1d-d3a9-4341-a7a5-e70e219e36e1
INFO:PlaywrightAdapter:[LAUNCH] OK sau 16.0s (lan 1/2).
INFO:TaskDispatcher:[+] Phân b\u1ed5 \u1ea3nh \u0111\u1ea1i di\u1ec7n: images (1).jpg cho lu\u1ed3ng s\u1ed1 20
INFO:TaskDispatcher:[*] Kh\u1edfi ch\u1ea1y trình duy\u1ec7t cho tài kho\u1ea3n: emberlyndewaine900@hotmail.com | Tác v\u1ee5: UPDATE_PROFILE
INFO:PlaywrightAdapter:[*] Da tao profile moi va gan 1 extension: omocaptcha@gmail.com@1.7.7
INFO:PlaywrightAdapter:[HWND] Detected token-owned window HWND=15404940 for this session.
INFO:PlaywrightAdapter:[WINDOW] HWND=15404940 dang CLOAK/OFF-SCREEN.
INFO:PlaywrightAdapter:[EXTENSION] Active: omocaptcha@gmail.com@1.7.7 (signed/configuration verified).
INFO:PlaywrightAdapter:[*] Khoi tao tab moi sach.
INFO:PlaywrightAdapter:[+] Khoi tao browser session (headed-cloaked). Seed: 990070475 | Proxy: Direct NET
INFO:PlaywrightAdapter:[*] Dieu huong toi https://www.tiktok.com/foryou?lang=en (lan 1, wait=commit)...
INFO:PlaywrightAdapter:[HWND] Stream recovered token-owned HWND=8195540.
INFO:PlaywrightAdapter:[+] Da nhan Save thanh cong bang dispatch_event.
INFO:PlaywrightAdapter:[LAUNCH] OK sau 14.5s (lan 1/2).
INFO:WebSocketManager:[-] M\u1ed9t k\u1ebft n\u1ed1i WebSocket \u0111ã \u0111óng. T\u1ed5ng k\u1ebft n\u1ed1i: 0
INFO:     connection closed
INFO:PlaywrightAdapter:[+] Da dong phien trinh duyet va giai phong tai nguyen.
INFO:PlaywrightAdapter:[*] Dang don dep ho so tam thoi: C:\Users\Admin\AppData\Local\Temp\tiktok_auto_profiles\temp_a07ef35b-eeb4-473d-8322-1a8d2aebade5
INFO:     127.0.0.1:51293 - "WebSocket /ws/screens" [accepted]
INFO:WebSocketManager:[+] K\u1ebft n\u1ed1i WebSocket m\u1edbi thi\u1ebft l\u1eadp. T\u1ed5ng k\u1ebft n\u1ed1i: 1
INFO:     127.0.0.1:51294 - "WebSocket /ws/screens" [accepted]
INFO:WebSocketManager:[+] K\u1ebft n\u1ed1i WebSocket m\u1edbi thi\u1ebft l\u1eadp. T\u1ed5ng k\u1ebft n\u1ed1i: 2
INFO:     connection closed
INFO:WebSocketManager:[-] M\u1ed9t k\u1ebft n\u1ed1i WebSocket \u0111ã \u0111óng. T\u1ed5ng k\u1ebft n\u1ed1i: 1
INFO:     connection open
INFO:PlaywrightAdapter:[HWND] Detected token-owned window HWND=22546922 for this session.
INFO:PlaywrightAdapter:[WINDOW] HWND=22546922 dang CLOAK/OFF-SCREEN.
INFO:PlaywrightAdapter:[EXTENSION] Active: omocaptcha@gmail.com@1.7.7 (signed/configuration verified).
INFO:PlaywrightAdapter:[HWND] Stream recovered token-owned HWND=61279866.
INFO:PlaywrightAdapter:[*] Khoi tao tab moi sach.
INFO:PlaywrightAdapter:[+] Khoi tao browser session (headed-cloaked). Seed: 1886698442 | Proxy: Direct NET
INFO:PlaywrightAdapter:[*] Dieu huong toi https://www.tiktok.com/foryou?lang=en (lan 1, wait=commit)...
INFO:TaskDispatcher:[+] Phân b\u1ed5 \u1ea3nh \u0111\u1ea1i di\u1ec7n: images (10).jpg cho lu\u1ed3ng s\u1ed1 21
INFO:TaskDispatcher:[*] Kh\u1edfi ch\u1ea1y trình duy\u1ec7t cho tài kho\u1ea3n: lilishealee28041998@hotmail.com | Tác v\u1ee5: UPDATE_PROFILE
INFO:PlaywrightAdapter:[*] Da tao profile moi va gan 1 extension: omocaptcha@gmail.com@1.7.7
INFO:httpx:HTTP Request: POST https://login.microsoftonline.com/consumers/oauth2/v2.0/token "HTTP/1.1 200 OK"
INFO:EmailServiceFactory:[Email] Da luu refresh_token MOI cho fumikofussell8345@hotmail.com (Microsoft xoay token).
INFO:MSGraphEmailService:[Graph] Lay access_token OK cho fumikofussell8345@hotmail.com (scope='https://graph.microsoft.com/Mail.Read').
INFO:httpx:HTTP Request: GET https://graph.microsoft.com/v1.0/me/mailFolders/inbox/messages?%24top=15&%24select=subject%2CbodyPreview%2CreceivedDateTime%2Cfrom&%24orderby=receivedDateTime+desc "HTTP/1.1 200 OK"
INFO:httpx:HTTP Request: GET https://graph.microsoft.com/v1.0/me/mailFolders/junkemail/messages?%24top=15&%24select=subject%2CbodyPreview%2CreceivedDateTime%2Cfrom&%24orderby=receivedDateTime+desc "HTTP/1.1 200 OK"
INFO:MSGraphEmailService:[Graph] Lay OTP MOI thanh cong: 341069 (mail luc 2026-08-28T07:41:21+00:00).
INFO:PlaywrightAdapter:[LAUNCH] OK sau 15.3s (lan 1/2).
INFO:PlaywrightAdapter:[HWND] Detected token-owned window HWND=20778412 for this session.
INFO:PlaywrightAdapter:[WINDOW] HWND=20778412 dang CLOAK/OFF-SCREEN.
INFO:PlaywrightAdapter:[EXTENSION] Active: omocaptcha@gmail.com@1.7.7 (signed/configuration verified).
INFO:PlaywrightAdapter:[HWND] Stream recovered token-owned HWND=855914.
INFO:PlaywrightAdapter:[*] Khoi tao tab moi sach.
INFO:PlaywrightAdapter:[+] Khoi tao browser session (headed-cloaked). Seed: 515166312 | Proxy: Direct NET
INFO:PlaywrightAdapter:[*] Dieu huong toi https://www.tiktok.com/foryou?lang=en (lan 1, wait=commit)...
INFO:PlaywrightAdapter:[*] Dang doi trang chu TikTok on dinh phien dang nhap...
WARNING:WebSocketManager:L\u1ed7i g\u1eedi WebSocket, \u0111ang d\u1ecdn d\u1eb9p k\u1ebft n\u1ed1i l\u1ed7i: 
INFO:WebSocketManager:[-] M\u1ed9t k\u1ebft n\u1ed1i WebSocket \u0111ã \u0111óng. T\u1ed5ng k\u1ebft n\u1ed1i: 0
INFO:PlaywrightAdapter:[+] Xac minh THANH CONG sau 4 giay (Phat hien nav-profile/upload/messages).
INFO:TikTokUpdateProfileUseCase:[+] [Defensive Save] \u0110ã sao l\u01b0u phòng th\u1ee7 Cookies thành công cho noyl2sn89_plow5
INFO:TikTokUpdateProfileUseCase:[+] \u0110ã ch\u1ecdn Bio ng\u1eabu nhiên: 'Abstract mind | \u2728 Creating magic | Living in the moment.'
INFO:PlaywrightAdapter:[+] Da gan file avatar bang native chooser an.
INFO:PlaywrightAdapter:[+] Tim thay nut xac nhan hop le: 'button:has-text("Apply")'
WARNING:PlaywrightAdapter:[-] Click gia lap that bai o lan thu 1: Locator.click: Element is not visible
Call log:
  - waiting for locator("button:has-text(\"Apply\")").first
    - locator resolved to <button type="button" class="ef1kawg9 css-s03j95-7937d88b--Button-7937d88b--StyledBtn ebef5j00">Apply</button>
  - attempting click action
    - scrolling into view if needed
. Dang thu Dispatch Event...
INFO:PlaywrightAdapter:[+] Da nhan Apply thanh cong o lan thu 1 bang Dispatch Event.
INFO:httpx:HTTP Request: POST https://login.microsoftonline.com/consumers/oauth2/v2.0/token "HTTP/1.1 400 Bad Request"
INFO:httpx:HTTP Request: POST https://login.microsoftonline.com/consumers/oauth2/v2.0/token "HTTP/1.1 200 OK"
INFO:EmailServiceFactory:[Email] Da luu refresh_token MOI cho emberlyndewaine900@hotmail.com (Microsoft xoay token).
INFO:MSGraphEmailService:[Graph] Lay access_token OK cho emberlyndewaine900@hotmail.com (scope='https://graph.microsoft.com/.default').
INFO:httpx:HTTP Request: GET https://graph.microsoft.com/v1.0/me/mailFolders/inbox/messages?%24top=15&%24select=subject%2CbodyPreview%2CreceivedDateTime%2Cfrom&%24orderby=receivedDateTime+desc "HTTP/1.1 200 OK"
INFO:httpx:HTTP Request: GET https://graph.microsoft.com/v1.0/me/mailFolders/junkemail/messages?%24top=15&%24select=subject%2CbodyPreview%2CreceivedDateTime%2Cfrom&%24orderby=receivedDateTime+desc "HTTP/1.1 200 OK"
INFO:MSGraphEmailService:[Graph] Lay OTP MOI thanh cong: 940540 (mail luc 2026-08-28T07:42:28+00:00).
INFO:PlaywrightAdapter:[+] Cap nhat avatar vao form thanh cong.
INFO:PlaywrightAdapter:[Username] web='noyl2sn89_plow5' | db='noyl2sn89_plow5'
ERROR:LoginStrategies:[-] Loi dang nhap Form: Locator.wait_for: Timeout 15000ms exceeded.
Call log:
  - waiting for locator("button.tux-button__element-ZBq38f:has-text(\"Resend\"), button:has-text(\"Resend\"), button:has-text(\"Gui lai\")").first

INFO:PlaywrightAdapter:[+] Da dong phien trinh duyet va giai phong tai nguyen.
INFO:PlaywrightAdapter:[*] Dang don dep ho so tam thoi: C:\Users\Admin\AppData\Local\Temp\tiktok_auto_profiles\temp_bfcfa455-0cfc-4f44-a300-d0991fa8a3cf
INFO:TaskDispatcher:[+] Phân b\u1ed5 \u1ea3nh \u0111\u1ea1i di\u1ec7n: images (11).jpg cho lu\u1ed3ng s\u1ed1 22
INFO:TaskDispatcher:[*] Kh\u1edfi ch\u1ea1y trình duy\u1ec7t cho tài kho\u1ea3n: emmettplegge6681@outlook.com | Tác v\u1ee5: UPDATE_PROFILE
INFO:PlaywrightAdapter:[*] Da tao profile moi va gan 1 extension: omocaptcha@gmail.com@1.7.7
INFO:PlaywrightAdapter:[+] Da nhan Save thanh cong bang dispatch_event.
INFO:PlaywrightAdapter:[LAUNCH] OK sau 15.6s (lan 1/2).
INFO:PlaywrightAdapter:[HWND] Detected token-owned window HWND=22744780 for this session.
INFO:PlaywrightAdapter:[WINDOW] HWND=22744780 dang CLOAK/OFF-SCREEN.
INFO:PlaywrightAdapter:[EXTENSION] Active: omocaptcha@gmail.com@1.7.7 (signed/configuration verified).
INFO:PlaywrightAdapter:[HWND] Stream recovered token-owned HWND=20254040.
INFO:PlaywrightAdapter:[*] Khoi tao tab moi sach.
INFO:PlaywrightAdapter:[+] Khoi tao browser session (headed-cloaked). Seed: 828579896 | Proxy: Direct NET
INFO:PlaywrightAdapter:[*] Dieu huong toi https://www.tiktok.com/foryou?lang=en (lan 1, wait=commit)...
INFO:PlaywrightAdapter:[*] Dang doi trang chu TikTok on dinh phien dang nhap...
INFO:PlaywrightAdapter:[+] Xac minh THANH CONG sau 1 giay (Phat hien nav-profile/upload/messages).
INFO:TikTokUpdateProfileUseCase:[+] [Defensive Save] \u0110ã sao l\u01b0u phòng th\u1ee7 Cookies thành công cho ske_fus5pru4
INFO:TikTokUpdateProfileUseCase:[+] \u0110ã ch\u1ecdn Bio ng\u1eabu nhiên: 'Drawing my own path | \U0001f30d Exploring | Enjoy the ride.'
INFO:PlaywrightAdapter:[+] Da dong phien trinh duyet va giai phong tai nguyen.
INFO:PlaywrightAdapter:[*] Dang don dep ho so tam thoi: C:\Users\Admin\AppData\Local\Temp\tiktok_auto_profiles\temp_09dc26ca-839d-4cde-b558-b039e22ac415
ERROR:LoginStrategies:[-] Loi dang nhap Form: Locator.wait_for: Timeout 15000ms exceeded.
Call log:
  - waiting for locator("button.tux-button__element-ZBq38f:has-text(\"Resend\"), button:has-text(\"Resend\"), button:has-text(\"Gui lai\")").first

INFO:TaskDispatcher:[+] Phân b\u1ed5 \u1ea3nh \u0111\u1ea1i di\u1ec7n: images (12).jpg cho lu\u1ed3ng s\u1ed1 23
INFO:TaskDispatcher:[*] Kh\u1edfi ch\u1ea1y trình duy\u1ec7t cho tài kho\u1ea3n: tristenboteo38546@hotmail.com | Tác v\u1ee5: UPDATE_PROFILE
INFO:PlaywrightAdapter:[*] Da tao profile moi va gan 1 extension: omocaptcha@gmail.com@1.7.7
INFO:PlaywrightAdapter:[+] Da dong phien trinh duyet va giai phong tai nguyen.
INFO:PlaywrightAdapter:[*] Dang don dep ho so tam thoi: C:\Users\Admin\AppData\Local\Temp\tiktok_auto_profiles\temp_dbcf7ec8-f3a8-4950-8650-641e9193679c
INFO:TaskDispatcher:[+] Phân b\u1ed5 \u1ea3nh \u0111\u1ea1i di\u1ec7n: images (13).jpg cho lu\u1ed3ng s\u1ed1 24
INFO:TaskDispatcher:[*] Kh\u1edfi ch\u1ea1y trình duy\u1ec7t cho tài kho\u1ea3n: ottlesmeister2091@hotmail.com | Tác v\u1ee5: UPDATE_PROFILE
INFO:PlaywrightAdapter:[*] Da tao profile moi va gan 1 extension: omocaptcha@gmail.com@1.7.7
INFO:PlaywrightAdapter:[LAUNCH] OK sau 14.6s (lan 1/2).
INFO:PlaywrightAdapter:[HWND] Detected token-owned window HWND=39980320 for this session.
INFO:PlaywrightAdapter:[WINDOW] HWND=39980320 dang CLOAK/OFF-SCREEN.
INFO:PlaywrightAdapter:[EXTENSION] Active: omocaptcha@gmail.com@1.7.7 (signed/configuration verified).
INFO:PlaywrightAdapter:[*] Khoi tao tab moi sach.
INFO:PlaywrightAdapter:[+] Khoi tao browser session (headed-cloaked). Seed: 1570165299 | Proxy: Direct NET
INFO:PlaywrightAdapter:[*] Dieu huong toi https://www.tiktok.com/foryou?lang=en (lan 1, wait=commit)...
INFO:PlaywrightAdapter:[HWND] Stream recovered token-owned HWND=34672194.
INFO:PlaywrightAdapter:[+] Da gan file avatar bang native chooser an.
INFO:PlaywrightAdapter:[LAUNCH] OK sau 22.3s (lan 1/2).
INFO:PlaywrightAdapter:[+] Tim thay nut xac nhan hop le: 'button:has-text("Apply")'
INFO:PlaywrightAdapter:[HWND] Detected token-owned window HWND=27528478 for this session.
INFO:PlaywrightAdapter:[WINDOW] HWND=27528478 dang CLOAK/OFF-SCREEN.
INFO:PlaywrightAdapter:[EXTENSION] Active: omocaptcha@gmail.com@1.7.7 (signed/configuration verified).
INFO:PlaywrightAdapter:[HWND] Stream recovered token-owned HWND=38341852.
INFO:PlaywrightAdapter:[*] Khoi tao tab moi sach.
INFO:PlaywrightAdapter:[+] Khoi tao browser session (headed-cloaked). Seed: 289738094 | Proxy: Direct NET
INFO:PlaywrightAdapter:[*] Dieu huong toi https://www.tiktok.com/foryou?lang=en (lan 1, wait=commit)...
WARNING:PlaywrightAdapter:[-] Click gia lap that bai o lan thu 1: Locator.click: Element is not visible
Call log:
  - waiting for locator("button:has-text(\"Apply\")").first
    - locator resolved to <button type="button" class="ef1kawg9 css-s03j95-7937d88b--Button-7937d88b--StyledBtn ebef5j00">Apply</button>
  - attempting click action
    - scrolling into view if needed
. Dang thu Dispatch Event...
INFO:PlaywrightAdapter:[+] Da nhan Apply thanh cong o lan thu 1 bang Dispatch Event.
INFO:PlaywrightAdapter:[+] Cap nhat avatar vao form thanh cong.
INFO:PlaywrightAdapter:[Username] web='ske_fus5pru4' | db='ske_fus5pru4'
INFO:PlaywrightAdapter:[+] Da nhan Save thanh cong bang dispatch_event.
INFO:PlaywrightAdapter:[+] Da dong phien trinh duyet va giai phong tai nguyen.
INFO:PlaywrightAdapter:[*] Dang don dep ho so tam thoi: C:\Users\Admin\AppData\Local\Temp\tiktok_auto_profiles\temp_12115e16-d97e-4645-8563-2143b446d453
INFO:TaskDispatcher:[+] Phân b\u1ed5 \u1ea3nh \u0111\u1ea1i di\u1ec7n: images (14).jpg cho lu\u1ed3ng s\u1ed1 25
INFO:TaskDispatcher:[*] Kh\u1edfi ch\u1ea1y trình duy\u1ec7t cho tài kho\u1ea3n: orsonhalsey546623@hotmail.com | Tác v\u1ee5: UPDATE_PROFILE
INFO:PlaywrightAdapter:[*] Da tao profile moi va gan 1 extension: omocaptcha@gmail.com@1.7.7
INFO:httpx:HTTP Request: POST https://login.microsoftonline.com/consumers/oauth2/v2.0/token "HTTP/1.1 200 OK"
INFO:EmailServiceFactory:[Email] Da luu refresh_token MOI cho emmettplegge6681@outlook.com (Microsoft xoay token).
INFO:MSGraphEmailService:[Graph] Lay access_token OK cho emmettplegge6681@outlook.com (scope='https://graph.microsoft.com/Mail.Read').
INFO:httpx:HTTP Request: GET https://graph.microsoft.com/v1.0/me/mailFolders/inbox/messages?%24top=15&%24select=subject%2CbodyPreview%2CreceivedDateTime%2Cfrom&%24orderby=receivedDateTime+desc "HTTP/1.1 200 OK"
INFO:httpx:HTTP Request: GET https://graph.microsoft.com/v1.0/me/mailFolders/junkemail/messages?%24top=15&%24select=subject%2CbodyPreview%2CreceivedDateTime%2Cfrom&%24orderby=receivedDateTime+desc "HTTP/1.1 200 OK"
INFO:MSGraphEmailService:[Graph] Lay OTP MOI thanh cong: 563762 (mail luc 2026-08-28T07:43:52+00:00).
INFO:httpx:HTTP Request: POST https://login.microsoftonline.com/consumers/oauth2/v2.0/token "HTTP/1.1 200 OK"
INFO:EmailServiceFactory:[Email] Da luu refresh_token MOI cho tristenboteo38546@hotmail.com (Microsoft xoay token).
INFO:MSGraphEmailService:[Graph] Lay access_token OK cho tristenboteo38546@hotmail.com (scope='https://graph.microsoft.com/Mail.Read').
INFO:PlaywrightAdapter:[LAUNCH] OK sau 16.5s (lan 1/2).
INFO:PlaywrightAdapter:[HWND] Detected token-owned window HWND=40896834 for this session.
INFO:PlaywrightAdapter:[WINDOW] HWND=40896834 dang CLOAK/OFF-SCREEN.
INFO:httpx:HTTP Request: GET https://graph.microsoft.com/v1.0/me/mailFolders/inbox/messages?%24top=15&%24select=subject%2CbodyPreview%2CreceivedDateTime%2Cfrom&%24orderby=receivedDateTime+desc "HTTP/1.1 200 OK"
INFO:PlaywrightAdapter:[EXTENSION] Active: omocaptcha@gmail.com@1.7.7 (signed/configuration verified).
INFO:PlaywrightAdapter:[*] Khoi tao tab moi sach.
INFO:PlaywrightAdapter:[+] Khoi tao browser session (headed-cloaked). Seed: 1721705140 | Proxy: Direct NET
INFO:PlaywrightAdapter:[*] Dieu huong toi https://www.tiktok.com/foryou?lang=en (lan 1, wait=commit)...
INFO:httpx:HTTP Request: GET https://graph.microsoft.com/v1.0/me/mailFolders/junkemail/messages?%24top=15&%24select=subject%2CbodyPreview%2CreceivedDateTime%2Cfrom&%24orderby=receivedDateTime+desc "HTTP/1.1 200 OK"
INFO:MSGraphEmailService:[Graph] Lay OTP MOI thanh cong: 415807 (mail luc 2026-08-28T07:43:58+00:00).
INFO:PlaywrightAdapter:[HWND] Stream recovered token-owned HWND=4001624.
INFO:httpx:HTTP Request: POST https://login.microsoftonline.com/consumers/oauth2/v2.0/token "HTTP/1.1 200 OK"
INFO:EmailServiceFactory:[Email] Da luu refresh_token MOI cho ottlesmeister2091@hotmail.com (Microsoft xoay token).
INFO:MSGraphEmailService:[Graph] Lay access_token OK cho ottlesmeister2091@hotmail.com (scope='https://graph.microsoft.com/Mail.Read').
INFO:httpx:HTTP Request: GET https://graph.microsoft.com/v1.0/me/mailFolders/inbox/messages?%24top=15&%24select=subject%2CbodyPreview%2CreceivedDateTime%2Cfrom&%24orderby=receivedDateTime+desc "HTTP/1.1 200 OK"
INFO:httpx:HTTP Request: GET https://graph.microsoft.com/v1.0/me/mailFolders/junkemail/messages?%24top=15&%24select=subject%2CbodyPreview%2CreceivedDateTime%2Cfrom&%24orderby=receivedDateTime+desc "HTTP/1.1 200 OK"
INFO:MSGraphEmailService:[Graph] Lay OTP MOI thanh cong: 615155 (mail luc 2026-08-28T07:44:09+00:00).
INFO:PlaywrightAdapter:[*] Dang doi trang chu TikTok on dinh phien dang nhap...
INFO:PlaywrightAdapter:[+] Xac minh THANH CONG sau 2 giay (Phat hien nav-profile/upload/messages).
INFO:TikTokUpdateProfileUseCase:[+] [Defensive Save] \u0110ã sao l\u01b0u phòng th\u1ee7 Cookies thành công cho cay9sni10_swa
INFO:TikTokUpdateProfileUseCase:[+] \u0110ã ch\u1ecdn Bio ng\u1eabu nhiên: 'Tech savvy | \U0001f525 Unstoppable | Be kind.'
INFO:PlaywrightAdapter:[*] Dang doi trang chu TikTok on dinh phien dang nhap...
INFO:PlaywrightAdapter:[+] Xac minh THANH CONG sau 2 giay (Phat hien nav-profile/upload/messages).
INFO:TikTokUpdateProfileUseCase:[+] [Defensive Save] \u0110ã sao l\u01b0u phòng th\u1ee7 Cookies thành công cho bie97_zool3
INFO:TikTokUpdateProfileUseCase:[+] \u0110ã ch\u1ecdn Bio ng\u1eabu nhiên: 'Debugging reality | \U0001f680 On a mission | Stay a while.'
INFO:PlaywrightAdapter:[*] Dang doi trang chu TikTok on dinh phien dang nhap...
INFO:PlaywrightAdapter:[+] Xac minh THANH CONG sau 2 giay (Phat hien nav-profile/upload/messages).
INFO:TikTokUpdateProfileUseCase:[+] [Defensive Save] \u0110ã sao l\u01b0u phòng th\u1ee7 Cookies thành công cho chay3_jeam8wa6
INFO:TikTokUpdateProfileUseCase:[+] \u0110ã ch\u1ecdn Bio ng\u1eabu nhiên: 'Grind mode on | \u26a1 High energy | Living in the moment.'
INFO:PlaywrightAdapter:[+] Da gan file avatar bang native chooser an.
INFO:PlaywrightAdapter:[+] Da gan file avatar bang native chooser an.
INFO:PlaywrightAdapter:[+] Tim thay nut xac nhan hop le: 'button:has-text("Apply")'
WARNING:PlaywrightAdapter:[-] Click gia lap that bai o lan thu 1: Locator.click: Element is not visible
Call log:
  - waiting for locator("button:has-text(\"Apply\")").first
    - locator resolved to <button type="button" class="ef1kawg9 css-s03j95-7937d88b--Button-7937d88b--StyledBtn ebef5j00">Apply</button>
  - attempting click action
    - scrolling into view if needed
. Dang thu Dispatch Event...
INFO:PlaywrightAdapter:[+] Da nhan Apply thanh cong o lan thu 1 bang Dispatch Event.
INFO:PlaywrightAdapter:[+] Tim thay nut xac nhan hop le: 'button:has-text("Apply")'
WARNING:PlaywrightAdapter:[-] Click gia lap that bai o lan thu 1: Locator.click: Element is not visible
Call log:
  - waiting for locator("button:has-text(\"Apply\")").first
    - locator resolved to <button type="button" class="ef1kawg9 css-s03j95-7937d88b--Button-7937d88b--StyledBtn ebef5j00">Apply</button>
  - attempting click action
    - scrolling into view if needed
. Dang thu Dispatch Event...
INFO:PlaywrightAdapter:[+] Da nhan Apply thanh cong o lan thu 1 bang Dispatch Event.
INFO:PlaywrightAdapter:[+] Cap nhat avatar vao form thanh cong.
INFO:PlaywrightAdapter:[Username] web='cay9sni10_swa' | db='cay9sni10_swa'
INFO:PlaywrightAdapter:[+] Cap nhat avatar vao form thanh cong.
INFO:PlaywrightAdapter:[Username] web='bie97_zool3' | db='bie97_zool3'
INFO:PlaywrightAdapter:[+] Da gan file avatar bang native chooser an.
INFO:PlaywrightAdapter:[+] Tim thay nut xac nhan hop le: 'button:has-text("Apply")'
WARNING:PlaywrightAdapter:[-] Click gia lap that bai o lan thu 1: Locator.click: Element is not visible
Call log:
  - waiting for locator("button:has-text(\"Apply\")").first
    - locator resolved to <button type="button" class="ef1kawg9 css-s03j95-7937d88b--Button-7937d88b--StyledBtn ebef5j00">Apply</button>
  - attempting click action
    - scrolling into view if needed
. Dang thu Dispatch Event...
INFO:PlaywrightAdapter:[+] Da nhan Apply thanh cong o lan thu 1 bang Dispatch Event.
INFO:httpx:HTTP Request: POST https://login.microsoftonline.com/consumers/oauth2/v2.0/token "HTTP/1.1 200 OK"
INFO:EmailServiceFactory:[Email] Da luu refresh_token MOI cho orsonhalsey546623@hotmail.com (Microsoft xoay token).
INFO:MSGraphEmailService:[Graph] Lay access_token OK cho orsonhalsey546623@hotmail.com (scope='https://graph.microsoft.com/Mail.Read').
INFO:httpx:HTTP Request: GET https://graph.microsoft.com/v1.0/me/mailFolders/inbox/messages?%24top=15&%24select=subject%2CbodyPreview%2CreceivedDateTime%2Cfrom&%24orderby=receivedDateTime+desc "HTTP/1.1 200 OK"
INFO:PlaywrightAdapter:[+] Da nhan Save thanh cong bang dispatch_event.
INFO:httpx:HTTP Request: GET https://graph.microsoft.com/v1.0/me/mailFolders/junkemail/messages?%24top=15&%24select=subject%2CbodyPreview%2CreceivedDateTime%2Cfrom&%24orderby=receivedDateTime+desc "HTTP/1.1 200 OK"
INFO:MSGraphEmailService:[Graph] Lay OTP MOI thanh cong: 287279 (mail luc 2026-08-28T07:44:49+00:00).
INFO:PlaywrightAdapter:[+] Cap nhat avatar vao form thanh cong.
INFO:PlaywrightAdapter:[Username] web='chay3_jeam8wa6' | db='chay3_jeam8wa6'
INFO:PlaywrightAdapter:[+] Da nhan Save thanh cong bang dispatch_event.
INFO:PlaywrightAdapter:[+] Da dong phien trinh duyet va giai phong tai nguyen.
INFO:PlaywrightAdapter:[*] Dang don dep ho so tam thoi: C:\Users\Admin\AppData\Local\Temp\tiktok_auto_profiles\temp_0b500bbb-7c58-4c2d-85ac-682b0501e8cc
INFO:TaskDispatcher:[+] Phân b\u1ed5 \u1ea3nh \u0111\u1ea1i di\u1ec7n: images (15).jpg cho lu\u1ed3ng s\u1ed1 26
INFO:TaskDispatcher:[*] Kh\u1edfi ch\u1ea1y trình duy\u1ec7t cho tài kho\u1ea3n: paolahagendorf7205@hotmail.com | Tác v\u1ee5: UPDATE_PROFILE
INFO:PlaywrightAdapter:[*] Da tao profile moi va gan 1 extension: omocaptcha@gmail.com@1.7.7
INFO:PlaywrightAdapter:[+] Da dong phien trinh duyet va giai phong tai nguyen.
INFO:PlaywrightAdapter:[*] Dang don dep ho so tam thoi: C:\Users\Admin\AppData\Local\Temp\tiktok_auto_profiles\temp_392ec31f-de63-45e7-baf0-caf378c8d789
INFO:TaskDispatcher:[+] Phân b\u1ed5 \u1ea3nh \u0111\u1ea1i di\u1ec7n: images (16).jpg cho lu\u1ed3ng s\u1ed1 27
INFO:TaskDispatcher:[*] Kh\u1edfi ch\u1ea1y trình duy\u1ec7t cho tài kho\u1ea3n: bonniepetitti13413@outlook.com | Tác v\u1ee5: UPDATE_PROFILE
INFO:PlaywrightAdapter:[*] Da tao profile moi va gan 1 extension: omocaptcha@gmail.com@1.7.7
INFO:PlaywrightAdapter:[*] Dang doi trang chu TikTok on dinh phien dang nhap...
INFO:PlaywrightAdapter:[+] Xac minh THANH CONG sau 1 giay (Phat hien nav-profile/upload/messages).
INFO:TikTokUpdateProfileUseCase:[+] [Defensive Save] \u0110ã sao l\u01b0u phòng th\u1ee7 Cookies thành công cho pa_st4choa85
INFO:TikTokUpdateProfileUseCase:[+] \u0110ã ch\u1ecdn Bio ng\u1eabu nhiên: 'Capturing light | \U0001f525 Unstoppable | Link below \U0001f447'
INFO:PlaywrightAdapter:[+] Da nhan Save thanh cong bang dispatch_event.
INFO:PlaywrightAdapter:[LAUNCH] OK sau 15.4s (lan 1/2).
INFO:PlaywrightAdapter:[HWND] Detected token-owned window HWND=462854 for this session.
INFO:PlaywrightAdapter:[WINDOW] HWND=462854 dang CLOAK/OFF-SCREEN.
INFO:PlaywrightAdapter:[EXTENSION] Active: omocaptcha@gmail.com@1.7.7 (signed/configuration verified).
INFO:PlaywrightAdapter:[HWND] Stream recovered token-owned HWND=593830.
INFO:PlaywrightAdapter:[*] Khoi tao tab moi sach.
INFO:PlaywrightAdapter:[+] Khoi tao browser session (headed-cloaked). Seed: 2009369094 | Proxy: Direct NET
INFO:PlaywrightAdapter:[*] Dieu huong toi https://www.tiktok.com/foryou?lang=en (lan 1, wait=commit)...
INFO:PlaywrightAdapter:[+] Da dong phien trinh duyet va giai phong tai nguyen.
INFO:PlaywrightAdapter:[*] Dang don dep ho so tam thoi: C:\Users\Admin\AppData\Local\Temp\tiktok_auto_profiles\temp_6e18ba22-f149-4164-8879-83e580c0f12f
INFO:PlaywrightAdapter:[LAUNCH] OK sau 22.7s (lan 1/2).
INFO:TaskDispatcher:[+] Phân b\u1ed5 \u1ea3nh \u0111\u1ea1i di\u1ec7n: images (17).jpg cho lu\u1ed3ng s\u1ed1 28
INFO:TaskDispatcher:[*] Kh\u1edfi ch\u1ea1y trình duy\u1ec7t cho tài kho\u1ea3n: breacarrillo45872@outlook.com | Tác v\u1ee5: UPDATE_PROFILE
INFO:PlaywrightAdapter:[*] Da tao profile moi va gan 1 extension: omocaptcha@gmail.com@1.7.7
INFO:PlaywrightAdapter:[HWND] Detected token-owned window HWND=462600 for this session.
INFO:PlaywrightAdapter:[WINDOW] HWND=462600 dang CLOAK/OFF-SCREEN.
INFO:PlaywrightAdapter:[EXTENSION] Active: omocaptcha@gmail.com@1.7.7 (signed/configuration verified).
INFO:PlaywrightAdapter:[HWND] Stream recovered token-owned HWND=17108664.
INFO:PlaywrightAdapter:[*] Khoi tao tab moi sach.
INFO:PlaywrightAdapter:[+] Khoi tao browser session (headed-cloaked). Seed: 1000840539 | Proxy: Direct NET
INFO:PlaywrightAdapter:[*] Dieu huong toi https://www.tiktok.com/foryou?lang=en (lan 1, wait=commit)...
INFO:PlaywrightAdapter:[+] Da gan file avatar bang native chooser an.
INFO:PlaywrightAdapter:[LAUNCH] OK sau 15.0s (lan 1/2).
INFO:PlaywrightAdapter:[+] Tim thay nut xac nhan hop le: 'button:has-text("Apply")'
INFO:PlaywrightAdapter:[HWND] Detected token-owned window HWND=204082260 for this session.
INFO:PlaywrightAdapter:[WINDOW] HWND=204082260 dang CLOAK/OFF-SCREEN.
INFO:PlaywrightAdapter:[EXTENSION] Active: omocaptcha@gmail.com@1.7.7 (signed/configuration verified).
INFO:PlaywrightAdapter:[HWND] Stream recovered token-owned HWND=31329498.
INFO:PlaywrightAdapter:[*] Khoi tao tab moi sach.
INFO:PlaywrightAdapter:[+] Khoi tao browser session (headed-cloaked). Seed: 405220680 | Proxy: Direct NET
INFO:PlaywrightAdapter:[*] Dieu huong toi https://www.tiktok.com/foryou?lang=en (lan 1, wait=commit)...
WARNING:PlaywrightAdapter:[-] Click gia lap that bai o lan thu 1: Locator.click: Element is not visible
Call log:
  - waiting for locator("button:has-text(\"Apply\")").first
    - locator resolved to <button type="button" class="ef1kawg9 css-s03j95-7937d88b--Button-7937d88b--StyledBtn ebef5j00">Apply</button>
  - attempting click action
    - scrolling into view if needed
. Dang thu Dispatch Event...
INFO:PlaywrightAdapter:[+] Da nhan Apply thanh cong o lan thu 1 bang Dispatch Event.
INFO:PlaywrightAdapter:[+] Cap nhat avatar vao form thanh cong.
INFO:PlaywrightAdapter:[Username] web='pa_st4choa85' | db='pa_st4choa85'
INFO:PlaywrightAdapter:[+] Da nhan Save thanh cong bang dispatch_event.
INFO:PlaywrightAdapter:[+] Da dong phien trinh duyet va giai phong tai nguyen.
INFO:PlaywrightAdapter:[*] Dang don dep ho so tam thoi: C:\Users\Admin\AppData\Local\Temp\tiktok_auto_profiles\temp_17bd233b-dd63-48b0-87a4-59176afdcfb1
INFO:TaskDispatcher:[+] Phân b\u1ed5 \u1ea3nh \u0111\u1ea1i di\u1ec7n: images (18).jpg cho lu\u1ed3ng s\u1ed1 29
INFO:TaskDispatcher:[*] Kh\u1edfi ch\u1ea1y trình duy\u1ec7t cho tài kho\u1ea3n: rashaanaskam4595@outlook.com | Tác v\u1ee5: UPDATE_PROFILE
INFO:PlaywrightAdapter:[*] Da tao profile moi va gan 1 extension: omocaptcha@gmail.com@1.7.7
INFO:httpx:HTTP Request: POST https://login.microsoftonline.com/consumers/oauth2/v2.0/token "HTTP/1.1 200 OK"
INFO:EmailServiceFactory:[Email] Da luu refresh_token MOI cho paolahagendorf7205@hotmail.com (Microsoft xoay token).
INFO:MSGraphEmailService:[Graph] Lay access_token OK cho paolahagendorf7205@hotmail.com (scope='https://graph.microsoft.com/Mail.Read').
INFO:httpx:HTTP Request: GET https://graph.microsoft.com/v1.0/me/mailFolders/inbox/messages?%24top=15&%24select=subject%2CbodyPreview%2CreceivedDateTime%2Cfrom&%24orderby=receivedDateTime+desc "HTTP/1.1 200 OK"
INFO:httpx:HTTP Request: GET https://graph.microsoft.com/v1.0/me/mailFolders/junkemail/messages?%24top=15&%24select=subject%2CbodyPreview%2CreceivedDateTime%2Cfrom&%24orderby=receivedDateTime+desc "HTTP/1.1 200 OK"
INFO:MSGraphEmailService:[Graph] Lay OTP MOI thanh cong: 489647 (mail luc 2026-08-28T07:46:10+00:00).
INFO:PlaywrightAdapter:[LAUNCH] OK sau 14.7s (lan 1/2).
INFO:httpx:HTTP Request: POST https://login.microsoftonline.com/consumers/oauth2/v2.0/token "HTTP/1.1 200 OK"
INFO:EmailServiceFactory:[Email] Da luu refresh_token MOI cho bonniepetitti13413@outlook.com (Microsoft xoay token).
INFO:MSGraphEmailService:[Graph] Lay access_token OK cho bonniepetitti13413@outlook.com (scope='https://graph.microsoft.com/Mail.Read').
INFO:PlaywrightAdapter:[HWND] Detected token-owned window HWND=95096326 for this session.
INFO:PlaywrightAdapter:[WINDOW] HWND=95096326 dang CLOAK/OFF-SCREEN.
INFO:PlaywrightAdapter:[EXTENSION] Active: omocaptcha@gmail.com@1.7.7 (signed/configuration verified).
INFO:PlaywrightAdapter:[*] Khoi tao tab moi sach.
INFO:PlaywrightAdapter:[+] Khoi tao browser session (headed-cloaked). Seed: 1248982881 | Proxy: Direct NET
INFO:PlaywrightAdapter:[*] Dieu huong toi https://www.tiktok.com/foryou?lang=en (lan 1, wait=commit)...
INFO:httpx:HTTP Request: GET https://graph.microsoft.com/v1.0/me/mailFolders/inbox/messages?%24top=15&%24select=subject%2CbodyPreview%2CreceivedDateTime%2Cfrom&%24orderby=receivedDateTime+desc "HTTP/1.1 200 OK"
INFO:PlaywrightAdapter:[HWND] Stream recovered token-owned HWND=33885286.
INFO:httpx:HTTP Request: GET https://graph.microsoft.com/v1.0/me/mailFolders/junkemail/messages?%24top=15&%24select=subject%2CbodyPreview%2CreceivedDateTime%2Cfrom&%24orderby=receivedDateTime+desc "HTTP/1.1 200 OK"
INFO:MSGraphEmailService:[Graph] Lay OTP MOI thanh cong: 141411 (mail luc 2026-08-28T07:46:16+00:00).
INFO:httpx:HTTP Request: POST https://login.microsoftonline.com/consumers/oauth2/v2.0/token "HTTP/1.1 200 OK"
INFO:EmailServiceFactory:[Email] Da luu refresh_token MOI cho breacarrillo45872@outlook.com (Microsoft xoay token).
INFO:MSGraphEmailService:[Graph] Lay access_token OK cho breacarrillo45872@outlook.com (scope='https://graph.microsoft.com/Mail.Read').
INFO:httpx:HTTP Request: GET https://graph.microsoft.com/v1.0/me/mailFolders/inbox/messages?%24top=15&%24select=subject%2CbodyPreview%2CreceivedDateTime%2Cfrom&%24orderby=receivedDateTime+desc "HTTP/1.1 200 OK"
INFO:httpx:HTTP Request: GET https://graph.microsoft.com/v1.0/me/mailFolders/junkemail/messages?%24top=15&%24select=subject%2CbodyPreview%2CreceivedDateTime%2Cfrom&%24orderby=receivedDateTime+desc "HTTP/1.1 200 OK"
INFO:MSGraphEmailService:[Graph] Lay OTP MOI thanh cong: 597773 (mail luc 2026-08-28T07:46:27+00:00).
INFO:PlaywrightAdapter:[*] Dang doi trang chu TikTok on dinh phien dang nhap...
INFO:PlaywrightAdapter:[*] Dang doi trang chu TikTok on dinh phien dang nhap...
INFO:PlaywrightAdapter:[+] Xac minh THANH CONG sau 6 giay (Phat hien nav-profile/upload/messages).
INFO:TikTokUpdateProfileUseCase:[+] [Defensive Save] \u0110ã sao l\u01b0u phòng th\u1ee7 Cookies thành công cho br54cr4_tro4no4
INFO:TikTokUpdateProfileUseCase:[+] \u0110ã ch\u1ecdn Bio ng\u1eabu nhiên: 'Investing in myself | \U0001f3ac Main character | Making history.'
INFO:PlaywrightAdapter:[+] Xac minh THANH CONG sau 2 giay (Phat hien nav-profile/upload/messages).
INFO:TikTokUpdateProfileUseCase:[+] [Defensive Save] \u0110ã sao l\u01b0u phòng th\u1ee7 Cookies thành công cho ro2_smu78lue
INFO:TikTokUpdateProfileUseCase:[+] \u0110ã ch\u1ecdn Bio ng\u1eabu nhiên: 'Hypothesis tester | \U0001f377 Sip & smile | Stay a while.'
INFO:PlaywrightAdapter:[*] Dang doi trang chu TikTok on dinh phien dang nhap...
INFO:PlaywrightAdapter:[+] Xac minh THANH CONG sau 2 giay (Phat hien nav-profile/upload/messages).
INFO:TikTokUpdateProfileUseCase:[+] [Defensive Save] \u0110ã sao l\u01b0u phòng th\u1ee7 Cookies thành công cho glo5grou2_nu3sk
INFO:TikTokUpdateProfileUseCase:[+] \u0110ã ch\u1ecdn Bio ng\u1eabu nhiên: 'Value creator | \U0001f377 Sip & smile | Link below \U0001f447'
INFO:PlaywrightAdapter:[+] Da gan file avatar bang native chooser an.
INFO:PlaywrightAdapter:[+] Da gan file avatar bang native chooser an.
INFO:PlaywrightAdapter:[+] Tim thay nut xac nhan hop le: 'button:has-text("Apply")'
WARNING:PlaywrightAdapter:[-] Click gia lap that bai o lan thu 1: Locator.click: Element is not visible
Call log:
  - waiting for locator("button:has-text(\"Apply\")").first
    - locator resolved to <button type="button" class="ef1kawg9 css-s03j95-7937d88b--Button-7937d88b--StyledBtn ebef5j00">Apply</button>
  - attempting click action
    - scrolling into view if needed
. Dang thu Dispatch Event...
INFO:PlaywrightAdapter:[+] Da nhan Apply thanh cong o lan thu 1 bang Dispatch Event.
INFO:PlaywrightAdapter:[+] Tim thay nut xac nhan hop le: 'button:has-text("Apply")'
WARNING:PlaywrightAdapter:[-] Click gia lap that bai o lan thu 1: Locator.click: Element is not visible
Call log:
  - waiting for locator("button:has-text(\"Apply\")").first
    - locator resolved to <button type="button" class="ef1kawg9 css-s03j95-7937d88b--Button-7937d88b--StyledBtn ebef5j00">Apply</button>
  - attempting click action
    - scrolling into view if needed
. Dang thu Dispatch Event...
INFO:PlaywrightAdapter:[+] Da nhan Apply thanh cong o lan thu 1 bang Dispatch Event.
INFO:PlaywrightAdapter:[+] Cap nhat avatar vao form thanh cong.
INFO:PlaywrightAdapter:[Username] web='br54cr4_tro4no4' | db='br54cr4_tro4no4'
INFO:PlaywrightAdapter:[+] Da gan file avatar bang native chooser an.
INFO:PlaywrightAdapter:[+] Cap nhat avatar vao form thanh cong.
INFO:PlaywrightAdapter:[Username] web='ro2_smu78lue' | db='ro2_smu78lue'
INFO:PlaywrightAdapter:[+] Tim thay nut xac nhan hop le: 'button:has-text("Apply")'
WARNING:PlaywrightAdapter:[-] Click gia lap that bai o lan thu 1: Locator.click: Element is not visible
Call log:
  - waiting for locator("button:has-text(\"Apply\")").first
    - locator resolved to <button type="button" class="ef1kawg9 css-s03j95-7937d88b--Button-7937d88b--StyledBtn ebef5j00">Apply</button>
  - attempting click action
    - scrolling into view if needed
. Dang thu Dispatch Event...
INFO:PlaywrightAdapter:[+] Da nhan Apply thanh cong o lan thu 1 bang Dispatch Event.
INFO:httpx:HTTP Request: POST https://login.microsoftonline.com/consumers/oauth2/v2.0/token "HTTP/1.1 200 OK"
INFO:EmailServiceFactory:[Email] Da luu refresh_token MOI cho rashaanaskam4595@outlook.com (Microsoft xoay token).
INFO:MSGraphEmailService:[Graph] Lay access_token OK cho rashaanaskam4595@outlook.com (scope='https://graph.microsoft.com/Mail.Read').
INFO:httpx:HTTP Request: GET https://graph.microsoft.com/v1.0/me/mailFolders/inbox/messages?%24top=15&%24select=subject%2CbodyPreview%2CreceivedDateTime%2Cfrom&%24orderby=receivedDateTime+desc "HTTP/1.1 200 OK"
INFO:httpx:HTTP Request: GET https://graph.microsoft.com/v1.0/me/mailFolders/junkemail/messages?%24top=15&%24select=subject%2CbodyPreview%2CreceivedDateTime%2Cfrom&%24orderby=receivedDateTime+desc "HTTP/1.1 200 OK"
INFO:MSGraphEmailService:[Graph] Lay OTP MOI thanh cong: 708241 (mail luc 2026-08-28T07:47:11+00:00).
INFO:PlaywrightAdapter:[+] Cap nhat avatar vao form thanh cong.
INFO:PlaywrightAdapter:[Username] web='glo5grou2_nu3sk' | db='glo5grou2_nu3sk'
INFO:PlaywrightAdapter:[+] Da nhan Save thanh cong bang dispatch_event.
INFO:PlaywrightAdapter:[+] Da nhan Save thanh cong bang dispatch_event.
INFO:PlaywrightAdapter:[+] Da dong phien trinh duyet va giai phong tai nguyen.
INFO:PlaywrightAdapter:[*] Dang don dep ho so tam thoi: C:\Users\Admin\AppData\Local\Temp\tiktok_auto_profiles\temp_0416eacf-e4a3-439f-8469-5d72afaa9676
INFO:TaskDispatcher:[+] Phân b\u1ed5 \u1ea3nh \u0111\u1ea1i di\u1ec7n: images (19).jpg cho lu\u1ed3ng s\u1ed1 30
INFO:TaskDispatcher:[*] Kh\u1edfi ch\u1ea1y trình duy\u1ec7t cho tài kho\u1ea3n: blazetamkin1048@outlook.com | Tác v\u1ee5: UPDATE_PROFILE
INFO:PlaywrightAdapter:[*] Da tao profile moi va gan 1 extension: omocaptcha@gmail.com@1.7.7
INFO:PlaywrightAdapter:[+] Da nhan Save thanh cong bang dispatch_event.
INFO:PlaywrightAdapter:[+] Da dong phien trinh duyet va giai phong tai nguyen.
INFO:PlaywrightAdapter:[*] Dang don dep ho so tam thoi: C:\Users\Admin\AppData\Local\Temp\tiktok_auto_profiles\temp_693967e9-0d94-4858-9b9d-d47156edd015
INFO:TaskDispatcher:[+] Phân b\u1ed5 \u1ea3nh \u0111\u1ea1i di\u1ec7n: images (2).jpg cho lu\u1ed3ng s\u1ed1 31
INFO:TaskDispatcher:[*] Kh\u1edfi ch\u1ea1y trình duy\u1ec7t cho tài kho\u1ea3n: nathanaelsimone2691@hotmail.com | Tác v\u1ee5: UPDATE_PROFILE
INFO:PlaywrightAdapter:[*] Dang doi trang chu TikTok on dinh phien dang nhap...
INFO:PlaywrightAdapter:[+] Xac minh THANH CONG sau 1 giay (Phat hien nav-profile/upload/messages).
INFO:TikTokUpdateProfileUseCase:[+] [Defensive Save] \u0110ã sao l\u01b0u phòng th\u1ee7 Cookies thành công cho say8ca9_sma74wa
INFO:TikTokUpdateProfileUseCase:[+] \u0110ã ch\u1ecdn Bio ng\u1eabu nhiên: 'Endorphin chaser | \u2615 Fueled by caffeine | Keep smiling.'
INFO:PlaywrightAdapter:[*] Da tao profile moi va gan 1 extension: omocaptcha@gmail.com@1.7.7
INFO:PlaywrightAdapter:[+] Da dong phien trinh duyet va giai phong tai nguyen.
INFO:PlaywrightAdapter:[*] Dang don dep ho so tam thoi: C:\Users\Admin\AppData\Local\Temp\tiktok_auto_profiles\temp_149c9b1d-49b4-4e63-beec-366c360b55af
INFO:TaskDispatcher:[+] Phân b\u1ed5 \u1ea3nh \u0111\u1ea1i di\u1ec7n: images (20).jpg cho lu\u1ed3ng s\u1ed1 32
INFO:TaskDispatcher:[*] Kh\u1edfi ch\u1ea1y trình duy\u1ec7t cho tài kho\u1ea3n: yariana1807092002@hotmail.com | Tác v\u1ee5: UPDATE_PROFILE
INFO:PlaywrightAdapter:[+] Da gan file avatar bang native chooser an.
INFO:PlaywrightAdapter:[+] Tim thay nut xac nhan hop le: 'button:has-text("Apply")'
WARNING:PlaywrightAdapter:[-] Click gia lap that bai o lan thu 1: Locator.click: Element is not visible
Call log:
  - waiting for locator("button:has-text(\"Apply\")").first
    - locator resolved to <button type="button" class="ef1kawg9 css-s03j95-7937d88b--Button-7937d88b--StyledBtn ebef5j00">Apply</button>
  - attempting click action
    - scrolling into view if needed
. Dang thu Dispatch Event...
INFO:PlaywrightAdapter:[+] Da nhan Apply thanh cong o lan thu 1 bang Dispatch Event.
INFO:PlaywrightAdapter:[LAUNCH] OK sau 28.8s (lan 1/2).
INFO:PlaywrightAdapter:[+] Cap nhat avatar vao form thanh cong.
INFO:PlaywrightAdapter:[Username] web='say8ca9_sma74wa' | db='say8ca9_sma74wa'
INFO:PlaywrightAdapter:[HWND] Detected token-owned window HWND=32509398 for this session.
INFO:PlaywrightAdapter:[WINDOW] HWND=32509398 dang CLOAK/OFF-SCREEN.
INFO:PlaywrightAdapter:[EXTENSION] Active: omocaptcha@gmail.com@1.7.7 (signed/configuration verified).
INFO:PlaywrightAdapter:[*] Khoi tao tab moi sach.
INFO:PlaywrightAdapter:[+] Khoi tao browser session (headed-cloaked). Seed: 1979902836 | Proxy: Direct NET
INFO:PlaywrightAdapter:[*] Dieu huong toi https://www.tiktok.com/foryou?lang=en (lan 1, wait=commit)...
INFO:PlaywrightAdapter:[*] Da tao profile moi va gan 1 extension: omocaptcha@gmail.com@1.7.7
INFO:PlaywrightAdapter:[HWND] Stream recovered token-owned HWND=3477358.
INFO:PlaywrightAdapter:[LAUNCH] OK sau 34.9s (lan 1/2).
INFO:PlaywrightAdapter:[HWND] Detected token-owned window HWND=22875838 for this session.
INFO:PlaywrightAdapter:[WINDOW] HWND=22875838 dang CLOAK/OFF-SCREEN.
INFO:PlaywrightAdapter:[EXTENSION] Active: omocaptcha@gmail.com@1.7.7 (signed/configuration verified).
INFO:PlaywrightAdapter:[HWND] Stream recovered token-owned HWND=68619552.
INFO:PlaywrightAdapter:[*] Khoi tao tab moi sach.
INFO:PlaywrightAdapter:[+] Khoi tao browser session (headed-cloaked). Seed: 1387689505 | Proxy: Direct NET
INFO:PlaywrightAdapter:[*] Dieu huong toi https://www.tiktok.com/foryou?lang=en (lan 1, wait=commit)...
INFO:PlaywrightAdapter:[+] Da nhan Save thanh cong bang dispatch_event.
INFO:PlaywrightAdapter:[LAUNCH] OK sau 24.2s (lan 1/2).
INFO:PlaywrightAdapter:[HWND] Detected token-owned window HWND=2166730 for this session.
INFO:PlaywrightAdapter:[WINDOW] HWND=2166730 dang CLOAK/OFF-SCREEN.
INFO:PlaywrightAdapter:[EXTENSION] Active: omocaptcha@gmail.com@1.7.7 (signed/configuration verified).
INFO:PlaywrightAdapter:[HWND] Stream recovered token-owned HWND=3149484.
INFO:PlaywrightAdapter:[*] Khoi tao tab moi sach.
INFO:PlaywrightAdapter:[+] Khoi tao browser session (headed-cloaked). Seed: 2012335235 | Proxy: Direct NET
INFO:PlaywrightAdapter:[*] Dieu huong toi https://www.tiktok.com/foryou?lang=en (lan 1, wait=commit)...
INFO:PlaywrightAdapter:[+] Da dong phien trinh duyet va giai phong tai nguyen.
INFO:PlaywrightAdapter:[*] Dang don dep ho so tam thoi: C:\Users\Admin\AppData\Local\Temp\tiktok_auto_profiles\temp_a2f98493-e74d-41d1-bb0a-b733bd579244
INFO:TaskDispatcher:[+] Phân b\u1ed5 \u1ea3nh \u0111\u1ea1i di\u1ec7n: images (21).jpg cho lu\u1ed3ng s\u1ed1 33
INFO:TaskDispatcher:[*] Kh\u1edfi ch\u1ea1y trình duy\u1ec7t cho tài kho\u1ea3n: karcynsanjuana12071993@hotmail.com | Tác v\u1ee5: UPDATE_PROFILE
INFO:PlaywrightAdapter:[*] Da tao profile moi va gan 1 extension: omocaptcha@gmail.com@1.7.7
INFO:PlaywrightAdapter:[LAUNCH] OK sau 16.0s (lan 1/2).
INFO:PlaywrightAdapter:[HWND] Detected token-owned window HWND=17108608 for this session.
INFO:PlaywrightAdapter:[WINDOW] HWND=17108608 dang CLOAK/OFF-SCREEN.
INFO:PlaywrightAdapter:[EXTENSION] Active: omocaptcha@gmail.com@1.7.7 (signed/configuration verified).
INFO:PlaywrightAdapter:[HWND] Stream recovered token-owned HWND=31984728.
INFO:PlaywrightAdapter:[*] Khoi tao tab moi sach.
INFO:PlaywrightAdapter:[+] Khoi tao browser session (headed-cloaked). Seed: 758912861 | Proxy: Direct NET
INFO:PlaywrightAdapter:[*] Dieu huong toi https://www.tiktok.com/foryou?lang=en (lan 1, wait=commit)...
INFO:httpx:HTTP Request: POST https://login.microsoftonline.com/consumers/oauth2/v2.0/token "HTTP/1.1 400 Bad Request"
INFO:httpx:HTTP Request: POST https://login.microsoftonline.com/consumers/oauth2/v2.0/token "HTTP/1.1 200 OK"
INFO:EmailServiceFactory:[Email] Da luu refresh_token MOI cho blazetamkin1048@outlook.com (Microsoft xoay token).
INFO:MSGraphEmailService:[Graph] Lay access_token OK cho blazetamkin1048@outlook.com (scope='https://graph.microsoft.com/Mail.Read').
INFO:httpx:HTTP Request: POST https://login.microsoftonline.com/consumers/oauth2/v2.0/token "HTTP/1.1 200 OK"
INFO:EmailServiceFactory:[Email] Da luu refresh_token MOI cho nathanaelsimone2691@hotmail.com (Microsoft xoay token).
INFO:MSGraphEmailService:[Graph] Lay access_token OK cho nathanaelsimone2691@hotmail.com (scope='https://graph.microsoft.com/.default').
INFO:httpx:HTTP Request: GET https://graph.microsoft.com/v1.0/me/mailFolders/inbox/messages?%24top=15&%24select=subject%2CbodyPreview%2CreceivedDateTime%2Cfrom&%24orderby=receivedDateTime+desc "HTTP/1.1 200 OK"
INFO:httpx:HTTP Request: GET https://graph.microsoft.com/v1.0/me/mailFolders/inbox/messages?%24top=15&%24select=subject%2CbodyPreview%2CreceivedDateTime%2Cfrom&%24orderby=receivedDateTime+desc "HTTP/1.1 200 OK"
INFO:httpx:HTTP Request: GET https://graph.microsoft.com/v1.0/me/mailFolders/junkemail/messages?%24top=15&%24select=subject%2CbodyPreview%2CreceivedDateTime%2Cfrom&%24orderby=receivedDateTime+desc "HTTP/1.1 200 OK"
INFO:MSGraphEmailService:[Graph] Lay OTP MOI thanh cong: 344058 (mail luc 2026-08-28T07:49:01+00:00).
INFO:httpx:HTTP Request: GET https://graph.microsoft.com/v1.0/me/mailFolders/junkemail/messages?%24top=15&%24select=subject%2CbodyPreview%2CreceivedDateTime%2Cfrom&%24orderby=receivedDateTime+desc "HTTP/1.1 200 OK"
INFO:MSGraphEmailService:[Graph] Lay OTP MOI thanh cong: 724955 (mail luc 2026-08-28T07:49:03+00:00).
INFO:httpx:HTTP Request: POST https://login.microsoftonline.com/consumers/oauth2/v2.0/token "HTTP/1.1 400 Bad Request"
INFO:httpx:HTTP Request: POST https://login.microsoftonline.com/consumers/oauth2/v2.0/token "HTTP/1.1 200 OK"
INFO:EmailServiceFactory:[Email] Da luu refresh_token MOI cho yariana1807092002@hotmail.com (Microsoft xoay token).
INFO:MSGraphEmailService:[Graph] Lay access_token OK cho yariana1807092002@hotmail.com (scope='https://graph.microsoft.com/.default').
INFO:PlaywrightAdapter:[*] Dang doi trang chu TikTok on dinh phien dang nhap...
INFO:httpx:HTTP Request: GET https://graph.microsoft.com/v1.0/me/mailFolders/inbox/messages?%24top=15&%24select=subject%2CbodyPreview%2CreceivedDateTime%2Cfrom&%24orderby=receivedDateTime+desc "HTTP/1.1 200 OK"
INFO:PlaywrightAdapter:[*] Dang doi trang chu TikTok on dinh phien dang nhap...
INFO:httpx:HTTP Request: GET https://graph.microsoft.com/v1.0/me/mailFolders/junkemail/messages?%24top=15&%24select=subject%2CbodyPreview%2CreceivedDateTime%2Cfrom&%24orderby=receivedDateTime+desc "HTTP/1.1 200 OK"
INFO:MSGraphEmailService:[Graph] Chua thay ma moi cho yariana1807092002@hotmail.com (lan 1/15) - doi mail...
INFO:PlaywrightAdapter:[+] Xac minh THANH CONG sau 2 giay (Phat hien nav-profile/upload/messages).
INFO:TikTokUpdateProfileUseCase:[+] [Defensive Save] \u0110ã sao l\u01b0u phòng th\u1ee7 Cookies thành công cho chu28_wous80
INFO:TikTokUpdateProfileUseCase:[+] \u0110ã ch\u1ecdn Bio ng\u1eabu nhiên: 'Cardio king/queen | \U0001f3a7 Lo-fi beats | DM for collabs \U0001f4e9'
INFO:PlaywrightAdapter:[+] Xac minh THANH CONG sau 2 giay (Phat hien nav-profile/upload/messages).
INFO:TikTokUpdateProfileUseCase:[+] [Defensive Save] \u0110ã sao l\u01b0u phòng th\u1ee7 Cookies thành công cho dur5drew17_spai
INFO:TikTokUpdateProfileUseCase:[+] \u0110ã ch\u1ecdn Bio ng\u1eabu nhiên: 'No days off | \U0001f4a1 Idea generator | Creating daily.'
INFO:httpx:HTTP Request: GET https://graph.microsoft.com/v1.0/me/mailFolders/inbox/messages?%24top=15&%24select=subject%2CbodyPreview%2CreceivedDateTime%2Cfrom&%24orderby=receivedDateTime+desc "HTTP/1.1 200 OK"
INFO:httpx:HTTP Request: GET https://graph.microsoft.com/v1.0/me/mailFolders/junkemail/messages?%24top=15&%24select=subject%2CbodyPreview%2CreceivedDateTime%2Cfrom&%24orderby=receivedDateTime+desc "HTTP/1.1 200 OK"
INFO:MSGraphEmailService:[Graph] Lay OTP MOI thanh cong: 833141 (mail luc 2026-08-28T07:49:20+00:00).
INFO:httpx:HTTP Request: POST https://login.microsoftonline.com/consumers/oauth2/v2.0/token "HTTP/1.1 400 Bad Request"
INFO:httpx:HTTP Request: POST https://login.microsoftonline.com/consumers/oauth2/v2.0/token "HTTP/1.1 200 OK"
INFO:EmailServiceFactory:[Email] Da luu refresh_token MOI cho karcynsanjuana12071993@hotmail.com (Microsoft xoay token).
INFO:MSGraphEmailService:[Graph] Lay access_token OK cho karcynsanjuana12071993@hotmail.com (scope='https://graph.microsoft.com/.default').
INFO:httpx:HTTP Request: GET https://graph.microsoft.com/v1.0/me/mailFolders/inbox/messages?%24top=15&%24select=subject%2CbodyPreview%2CreceivedDateTime%2Cfrom&%24orderby=receivedDateTime+desc "HTTP/1.1 200 OK"
INFO:httpx:HTTP Request: GET https://graph.microsoft.com/v1.0/me/mailFolders/junkemail/messages?%24top=15&%24select=subject%2CbodyPreview%2CreceivedDateTime%2Cfrom&%24orderby=receivedDateTime+desc "HTTP/1.1 200 OK"
INFO:MSGraphEmailService:[Graph] Lay OTP MOI thanh cong: 961041 (mail luc 2026-08-28T07:49:27+00:00).
INFO:PlaywrightAdapter:[+] Da gan file avatar bang native chooser an.
INFO:PlaywrightAdapter:[+] Da gan file avatar bang native chooser an.
INFO:PlaywrightAdapter:[*] Dang doi trang chu TikTok on dinh phien dang nhap...
INFO:PlaywrightAdapter:[+] Tim thay nut xac nhan hop le: 'button:has-text("Apply")'
WARNING:PlaywrightAdapter:[-] Click gia lap that bai o lan thu 1: Locator.click: Element is not visible
Call log:
  - waiting for locator("button:has-text(\"Apply\")").first
    - locator resolved to <button type="button" class="ef1kawg9 css-s03j95-7937d88b--Button-7937d88b--StyledBtn ebef5j00">Apply</button>
  - attempting click action
    - scrolling into view if needed
. Dang thu Dispatch Event...
INFO:PlaywrightAdapter:[+] Da nhan Apply thanh cong o lan thu 1 bang Dispatch Event.
INFO:PlaywrightAdapter:[+] Xac minh THANH CONG sau 2 giay (Phat hien nav-profile/upload/messages).
INFO:TikTokUpdateProfileUseCase:[+] [Defensive Save] \u0110ã sao l\u01b0u phòng th\u1ee7 Cookies thành công cho sco_mier91nus11
INFO:TikTokUpdateProfileUseCase:[+] \u0110ã ch\u1ecdn Bio ng\u1eabu nhiên: 'Methodology matters | \u26a1 High energy | Welcome to my world.'
INFO:PlaywrightAdapter:[+] Tim thay nut xac nhan hop le: 'button:has-text("Apply")'
WARNING:PlaywrightAdapter:[-] Click gia lap that bai o lan thu 1: Locator.click: Element is not visible
Call log:
  - waiting for locator("button:has-text(\"Apply\")").first
    - locator resolved to <button type="button" class="ef1kawg9 css-s03j95-7937d88b--Button-7937d88b--StyledBtn ebef5j00">Apply</button>
  - attempting click action
    - scrolling into view if needed
. Dang thu Dispatch Event...
INFO:PlaywrightAdapter:[+] Da nhan Apply thanh cong o lan thu 1 bang Dispatch Event.
INFO:PlaywrightAdapter:[+] Cap nhat avatar vao form thanh cong.
INFO:PlaywrightAdapter:[Username] web='chu28_wous80' | db='chu28_wous80'
INFO:PlaywrightAdapter:[*] Dang doi trang chu TikTok on dinh phien dang nhap...
INFO:PlaywrightAdapter:[+] Cap nhat avatar vao form thanh cong.
INFO:PlaywrightAdapter:[Username] web='dur5drew17_spai' | db='dur5drew17_spai'
INFO:PlaywrightAdapter:[+] Xac minh THANH CONG sau 3 giay (Phat hien nav-profile/upload/messages).
INFO:TikTokUpdateProfileUseCase:[+] [Defensive Save] \u0110ã sao l\u01b0u phòng th\u1ee7 Cookies thành công cho roy5_vu7sce
INFO:TikTokUpdateProfileUseCase:[+] \u0110ã ch\u1ecdn Bio ng\u1eabu nhiên: 'Error 404: Bio not found | Living out loud | Subscribe for more.'
INFO:PlaywrightAdapter:[+] Da gan file avatar bang native chooser an.
INFO:PlaywrightAdapter:[+] Da nhan Save thanh cong bang dispatch_event.
INFO:PlaywrightAdapter:[+] Tim thay nut xac nhan hop le: 'button:has-text("Apply")'
INFO:PlaywrightAdapter:[+] Da nhan Save thanh cong bang dispatch_event.
WARNING:PlaywrightAdapter:[-] Click gia lap that bai o lan thu 1: Locator.click: Element is not visible
Call log:
  - waiting for locator("button:has-text(\"Apply\")").first
    - locator resolved to <button type="button" class="ef1kawg9 css-s03j95-7937d88b--Button-7937d88b--StyledBtn ebef5j00">Apply</button>
  - attempting click action
    - scrolling into view if needed
. Dang thu Dispatch Event...
INFO:PlaywrightAdapter:[+] Da nhan Apply thanh cong o lan thu 1 bang Dispatch Event.
INFO:PlaywrightAdapter:[+] Da gan file avatar bang native chooser an.
INFO:PlaywrightAdapter:[+] Da dong phien trinh duyet va giai phong tai nguyen.
INFO:PlaywrightAdapter:[*] Dang don dep ho so tam thoi: C:\Users\Admin\AppData\Local\Temp\tiktok_auto_profiles\temp_24a9c0ba-d7e8-4496-8424-6796f2dea819
INFO:PlaywrightAdapter:[+] Cap nhat avatar vao form thanh cong.
INFO:PlaywrightAdapter:[Username] web='sco_mier91nus11' | db='sco_mier91nus11'
INFO:TaskDispatcher:[+] Phân b\u1ed5 \u1ea3nh \u0111\u1ea1i di\u1ec7n: images (22).jpg cho lu\u1ed3ng s\u1ed1 34
INFO:TaskDispatcher:[*] Kh\u1edfi ch\u1ea1y trình duy\u1ec7t cho tài kho\u1ea3n: sullytrenyce260@hotmail.com | Tác v\u1ee5: UPDATE_PROFILE
INFO:PlaywrightAdapter:[*] Da tao profile moi va gan 1 extension: omocaptcha@gmail.com@1.7.7
INFO:PlaywrightAdapter:[+] Da dong phien trinh duyet va giai phong tai nguyen.
INFO:PlaywrightAdapter:[*] Dang don dep ho so tam thoi: C:\Users\Admin\AppData\Local\Temp\tiktok_auto_profiles\temp_bbcd16cd-387e-492d-9b59-587460229247
INFO:PlaywrightAdapter:[+] Tim thay nut xac nhan hop le: 'button:has-text("Apply")'
INFO:TaskDispatcher:[+] Phân b\u1ed5 \u1ea3nh \u0111\u1ea1i di\u1ec7n: images (23).jpg cho lu\u1ed3ng s\u1ed1 35
INFO:TaskDispatcher:[*] Kh\u1edfi ch\u1ea1y trình duy\u1ec7t cho tài kho\u1ea3n: dhritidelaynie9081@hotmail.com | Tác v\u1ee5: UPDATE_PROFILE
WARNING:PlaywrightAdapter:[-] Click gia lap that bai o lan thu 1: Locator.click: Element is not visible
Call log:
  - waiting for locator("button:has-text(\"Apply\")").first
    - locator resolved to <button type="button" class="ef1kawg9 css-s03j95-7937d88b--Button-7937d88b--StyledBtn ebef5j00">Apply</button>
  - attempting click action
    - scrolling into view if needed
. Dang thu Dispatch Event...
INFO:PlaywrightAdapter:[+] Da nhan Apply thanh cong o lan thu 1 bang Dispatch Event.
INFO:PlaywrightAdapter:[*] Da tao profile moi va gan 1 extension: omocaptcha@gmail.com@1.7.7
INFO:PlaywrightAdapter:[LAUNCH] OK sau 13.1s (lan 1/2).
INFO:PlaywrightAdapter:[+] Cap nhat avatar vao form thanh cong.
INFO:PlaywrightAdapter:[Username] web='roy5_vu7sce' | db='roy5_vu7sce'
INFO:PlaywrightAdapter:[HWND] Detected token-owned window HWND=20253124 for this session.
INFO:PlaywrightAdapter:[WINDOW] HWND=20253124 dang CLOAK/OFF-SCREEN.
INFO:PlaywrightAdapter:[EXTENSION] Active: omocaptcha@gmail.com@1.7.7 (signed/configuration verified).
INFO:PlaywrightAdapter:[HWND] Stream recovered token-owned HWND=23924232.
INFO:PlaywrightAdapter:[*] Khoi tao tab moi sach.
INFO:PlaywrightAdapter:[+] Khoi tao browser session (headed-cloaked). Seed: 1820441174 | Proxy: Direct NET
INFO:PlaywrightAdapter:[*] Dieu huong toi https://www.tiktok.com/foryou?lang=en (lan 1, wait=commit)...
INFO:PlaywrightAdapter:[+] Da nhan Save thanh cong bang dispatch_event.
INFO:PlaywrightAdapter:[LAUNCH] OK sau 19.4s (lan 1/2).
INFO:     127.0.0.1:58447 - "WebSocket /ws/screens" [accepted]
INFO:WebSocketManager:[+] K\u1ebft n\u1ed1i WebSocket m\u1edbi thi\u1ebft l\u1eadp. T\u1ed5ng k\u1ebft n\u1ed1i: 1
INFO:     connection closed
INFO:WebSocketManager:[-] M\u1ed9t k\u1ebft n\u1ed1i WebSocket \u0111ã \u0111óng. T\u1ed5ng k\u1ebft n\u1ed1i: 0
INFO:     127.0.0.1:58449 - "WebSocket /ws/screens" [accepted]
INFO:WebSocketManager:[+] K\u1ebft n\u1ed1i WebSocket m\u1edbi thi\u1ebft l\u1eadp. T\u1ed5ng k\u1ebft n\u1ed1i: 1
INFO:     connection open
INFO:     connection closed
INFO:PlaywrightAdapter:[HWND] Detected token-owned window HWND=23989596 for this session.
INFO:PlaywrightAdapter:[WINDOW] HWND=23989596 dang CLOAK/OFF-SCREEN.
INFO:PlaywrightAdapter:[EXTENSION] Active: omocaptcha@gmail.com@1.7.7 (signed/configuration verified).
INFO:PlaywrightAdapter:[HWND] Stream recovered token-owned HWND=14225212.
INFO:PlaywrightAdapter:[*] Khoi tao tab moi sach.
INFO:PlaywrightAdapter:[+] Khoi tao browser session (headed-cloaked). Seed: 1195737381 | Proxy: Direct NET
INFO:PlaywrightAdapter:[*] Dieu huong toi https://www.tiktok.com/foryou?lang=en (lan 1, wait=commit)...
INFO:PlaywrightAdapter:[+] Da dong phien trinh duyet va giai phong tai nguyen.
INFO:PlaywrightAdapter:[*] Dang don dep ho so tam thoi: C:\Users\Admin\AppData\Local\Temp\tiktok_auto_profiles\temp_1ca58a8a-4130-4537-a0b0-0f5e492ad7e1
INFO:TaskDispatcher:[+] Phân b\u1ed5 \u1ea3nh \u0111\u1ea1i di\u1ec7n: images (24).jpg cho lu\u1ed3ng s\u1ed1 36
INFO:TaskDispatcher:[*] Kh\u1edfi ch\u1ea1y trình duy\u1ec7t cho tài kho\u1ea3n: miraclekennie4377@hotmail.com | Tác v\u1ee5: UPDATE_PROFILE
INFO:PlaywrightAdapter:[*] Da tao profile moi va gan 1 extension: omocaptcha@gmail.com@1.7.7
INFO:PlaywrightAdapter:[+] Da nhan Save thanh cong bang dispatch_event.
INFO:PlaywrightAdapter:[LAUNCH] OK sau 15.0s (lan 1/2).
INFO:PlaywrightAdapter:[HWND] Detected token-owned window HWND=59378418 for this session.
INFO:PlaywrightAdapter:[WINDOW] HWND=59378418 dang CLOAK/OFF-SCREEN.
INFO:PlaywrightAdapter:[EXTENSION] Active: omocaptcha@gmail.com@1.7.7 (signed/configuration verified).
INFO:PlaywrightAdapter:[*] Khoi tao tab moi sach.
INFO:PlaywrightAdapter:[+] Khoi tao browser session (headed-cloaked). Seed: 446759451 | Proxy: Direct NET
INFO:PlaywrightAdapter:[*] Dieu huong toi https://www.tiktok.com/foryou?lang=en (lan 1, wait=commit)...
INFO:PlaywrightAdapter:[HWND] Stream recovered token-owned HWND=4525886.
INFO:PlaywrightAdapter:[+] Da dong phien trinh duyet va giai phong tai nguyen.
INFO:PlaywrightAdapter:[*] Dang don dep ho so tam thoi: C:\Users\Admin\AppData\Local\Temp\tiktok_auto_profiles\temp_6865f5f1-ce2c-40d9-8ea7-9a8ab21e7394
INFO:TaskDispatcher:[+] Phân b\u1ed5 \u1ea3nh \u0111\u1ea1i di\u1ec7n: images (25).jpg cho lu\u1ed3ng s\u1ed1 37
INFO:TaskDispatcher:[*] Kh\u1edfi ch\u1ea1y trình duy\u1ec7t cho tài kho\u1ea3n: korazelina14071996@hotmail.com | Tác v\u1ee5: UPDATE_PROFILE
INFO:PlaywrightAdapter:[*] Da tao profile moi va gan 1 extension: omocaptcha@gmail.com@1.7.7
INFO:PlaywrightAdapter:[LAUNCH] OK sau 15.7s (lan 1/2).
INFO:PlaywrightAdapter:[HWND] Detected token-owned window HWND=56692214 for this session.
INFO:PlaywrightAdapter:[WINDOW] HWND=56692214 dang CLOAK/OFF-SCREEN.
INFO:PlaywrightAdapter:[EXTENSION] Active: omocaptcha@gmail.com@1.7.7 (signed/configuration verified).
INFO:PlaywrightAdapter:[*] Khoi tao tab moi sach.
INFO:PlaywrightAdapter:[+] Khoi tao browser session (headed-cloaked). Seed: 1225348542 | Proxy: Direct NET
INFO:PlaywrightAdapter:[*] Dieu huong toi https://www.tiktok.com/foryou?lang=en (lan 1, wait=commit)...
INFO:PlaywrightAdapter:[HWND] Stream recovered token-owned HWND=12783280.
INFO:httpx:HTTP Request: POST https://login.microsoftonline.com/consumers/oauth2/v2.0/token "HTTP/1.1 400 Bad Request"
INFO:httpx:HTTP Request: POST https://login.microsoftonline.com/consumers/oauth2/v2.0/token "HTTP/1.1 200 OK"
INFO:EmailServiceFactory:[Email] Da luu refresh_token MOI cho sullytrenyce260@hotmail.com (Microsoft xoay token).
INFO:MSGraphEmailService:[Graph] Lay access_token OK cho sullytrenyce260@hotmail.com (scope='https://graph.microsoft.com/.default').
INFO:httpx:HTTP Request: GET https://graph.microsoft.com/v1.0/me/mailFolders/inbox/messages?%24top=15&%24select=subject%2CbodyPreview%2CreceivedDateTime%2Cfrom&%24orderby=receivedDateTime+desc "HTTP/1.1 200 OK"
INFO:httpx:HTTP Request: GET https://graph.microsoft.com/v1.0/me/mailFolders/junkemail/messages?%24top=15&%24select=subject%2CbodyPreview%2CreceivedDateTime%2Cfrom&%24orderby=receivedDateTime+desc "HTTP/1.1 200 OK"
INFO:MSGraphEmailService:[Graph] Lay OTP MOI thanh cong: 094527 (mail luc 2026-08-28T07:51:21+00:00).
INFO:httpx:HTTP Request: POST https://login.microsoftonline.com/consumers/oauth2/v2.0/token "HTTP/1.1 400 Bad Request"
INFO:httpx:HTTP Request: POST https://login.microsoftonline.com/consumers/oauth2/v2.0/token "HTTP/1.1 200 OK"
INFO:EmailServiceFactory:[Email] Da luu refresh_token MOI cho dhritidelaynie9081@hotmail.com (Microsoft xoay token).
INFO:MSGraphEmailService:[Graph] Lay access_token OK cho dhritidelaynie9081@hotmail.com (scope='https://graph.microsoft.com/.default').
INFO:httpx:HTTP Request: GET https://graph.microsoft.com/v1.0/me/mailFolders/inbox/messages?%24top=15&%24select=subject%2CbodyPreview%2CreceivedDateTime%2Cfrom&%24orderby=receivedDateTime+desc "HTTP/1.1 200 OK"
INFO:httpx:HTTP Request: GET https://graph.microsoft.com/v1.0/me/mailFolders/junkemail/messages?%24top=15&%24select=subject%2CbodyPreview%2CreceivedDateTime%2Cfrom&%24orderby=receivedDateTime+desc "HTTP/1.1 200 OK"
INFO:MSGraphEmailService:[Graph] Lay OTP MOI thanh cong: 242096 (mail luc 2026-08-28T07:51:25+00:00).
INFO:PlaywrightAdapter:[*] Dang doi trang chu TikTok on dinh phien dang nhap...
INFO:PlaywrightAdapter:[+] Xac minh THANH CONG sau 2 giay (Phat hien nav-profile/upload/messages).
INFO:TikTokUpdateProfileUseCase:[+] [Defensive Save] \u0110ã sao l\u01b0u phòng th\u1ee7 Cookies thành công cho baw53st71_cloy5
INFO:TikTokUpdateProfileUseCase:[+] \u0110ã ch\u1ecdn Bio ng\u1eabu nhiên: 'Artistic soul | \U0001f377 Sip & smile | Be kind.'
INFO:PlaywrightAdapter:[*] Dang doi trang chu TikTok on dinh phien dang nhap...
INFO:httpx:HTTP Request: POST https://login.microsoftonline.com/consumers/oauth2/v2.0/token "HTTP/1.1 400 Bad Request"
INFO:httpx:HTTP Request: POST https://login.microsoftonline.com/consumers/oauth2/v2.0/token "HTTP/1.1 200 OK"
INFO:EmailServiceFactory:[Email] Da luu refresh_token MOI cho miraclekennie4377@hotmail.com (Microsoft xoay token).
INFO:MSGraphEmailService:[Graph] Lay access_token OK cho miraclekennie4377@hotmail.com (scope='https://graph.microsoft.com/.default').
INFO:httpx:HTTP Request: GET https://graph.microsoft.com/v1.0/me/mailFolders/inbox/messages?%24top=15&%24select=subject%2CbodyPreview%2CreceivedDateTime%2Cfrom&%24orderby=receivedDateTime+desc "HTTP/1.1 200 OK"
INFO:httpx:HTTP Request: GET https://graph.microsoft.com/v1.0/me/mailFolders/junkemail/messages?%24top=15&%24select=subject%2CbodyPreview%2CreceivedDateTime%2Cfrom&%24orderby=receivedDateTime+desc "HTTP/1.1 200 OK"
INFO:MSGraphEmailService:[Graph] Lay OTP MOI thanh cong: 686580 (mail luc 2026-08-28T07:51:40+00:00).
INFO:PlaywrightAdapter:[+] Xac minh THANH CONG sau 2 giay (Phat hien nav-profile/upload/messages).
INFO:TikTokUpdateProfileUseCase:[+] [Defensive Save] \u0110ã sao l\u01b0u phòng th\u1ee7 Cookies thành công cho li9sh4_zoar45
INFO:TikTokUpdateProfileUseCase:[+] \u0110ã ch\u1ecdn Bio ng\u1eabu nhiên: 'Founder journey | \U0001f680 On a mission | Here for a good time.'
INFO:WebSocketManager:[-] M\u1ed9t k\u1ebft n\u1ed1i WebSocket \u0111ã \u0111óng. T\u1ed5ng k\u1ebft n\u1ed1i: 0
INFO:     connection closed
INFO:httpx:HTTP Request: POST https://login.microsoftonline.com/consumers/oauth2/v2.0/token "HTTP/1.1 400 Bad Request"
INFO:PlaywrightAdapter:[+] Da gan file avatar bang native chooser an.
INFO:     127.0.0.1:62542 - "WebSocket /ws/screens" [accepted]
INFO:WebSocketManager:[+] K\u1ebft n\u1ed1i WebSocket m\u1edbi thi\u1ebft l\u1eadp. T\u1ed5ng k\u1ebft n\u1ed1i: 1
INFO:     connection open
INFO:     127.0.0.1:62543 - "WebSocket /ws/screens" [accepted]
INFO:WebSocketManager:[+] K\u1ebft n\u1ed1i WebSocket m\u1edbi thi\u1ebft l\u1eadp. T\u1ed5ng k\u1ebft n\u1ed1i: 2
INFO:     connection open
INFO:WebSocketManager:[-] M\u1ed9t k\u1ebft n\u1ed1i WebSocket \u0111ã \u0111óng. T\u1ed5ng k\u1ebft n\u1ed1i: 1
INFO:     connection closed
INFO:PlaywrightAdapter:[*] Dang doi trang chu TikTok on dinh phien dang nhap...
INFO:PlaywrightAdapter:[+] Xac minh THANH CONG sau 1 giay (Phat hien nav-profile/upload/messages).
INFO:TikTokUpdateProfileUseCase:[+] [Defensive Save] \u0110ã sao l\u01b0u phòng th\u1ee7 Cookies thành công cho sees1_ni5
INFO:TikTokUpdateProfileUseCase:[+] \u0110ã ch\u1ecdn Bio ng\u1eabu nhiên: 'Risk taker | \U0001f30d Exploring | Enjoy the ride.'
INFO:PlaywrightAdapter:[+] Da gan file avatar bang native chooser an.
INFO:PlaywrightAdapter:[+] Tim thay nut xac nhan hop le: 'button:has-text("Apply")'
INFO:httpx:HTTP Request: POST https://login.microsoftonline.com/consumers/oauth2/v2.0/token "HTTP/1.1 200 OK"
INFO:EmailServiceFactory:[Email] Da luu refresh_token MOI cho korazelina14071996@hotmail.com (Microsoft xoay token).
INFO:MSGraphEmailService:[Graph] Lay access_token OK cho korazelina14071996@hotmail.com (scope='https://graph.microsoft.com/.default').
INFO:httpx:HTTP Request: GET https://graph.microsoft.com/v1.0/me/mailFolders/inbox/messages?%24top=15&%24select=subject%2CbodyPreview%2CreceivedDateTime%2Cfrom&%24orderby=receivedDateTime+desc "HTTP/1.1 200 OK"
WARNING:PlaywrightAdapter:[-] Click gia lap that bai o lan thu 1: Locator.click: Element is not visible
Call log:
  - waiting for locator("button:has-text(\"Apply\")").first
    - locator resolved to <button type="button" class="ef1kawg9 css-s03j95-7937d88b--Button-7937d88b--StyledBtn ebef5j00">Apply</button>
  - attempting click action
    - scrolling into view if needed
. Dang thu Dispatch Event...
INFO:httpx:HTTP Request: GET https://graph.microsoft.com/v1.0/me/mailFolders/junkemail/messages?%24top=15&%24select=subject%2CbodyPreview%2CreceivedDateTime%2Cfrom&%24orderby=receivedDateTime+desc "HTTP/1.1 200 OK"
INFO:PlaywrightAdapter:[+] Da nhan Apply thanh cong o lan thu 1 bang Dispatch Event.
INFO:MSGraphEmailService:[Graph] Lay OTP MOI thanh cong: 818187 (mail luc 2026-08-28T07:51:55+00:00).
INFO:PlaywrightAdapter:[+] Tim thay nut xac nhan hop le: 'button:has-text("Apply")'
WARNING:PlaywrightAdapter:[-] Click gia lap that bai o lan thu 1: Locator.click: Element is not visible
Call log:
  - waiting for locator("button:has-text(\"Apply\")").first
    - locator resolved to <button type="button" class="ef1kawg9 css-s03j95-7937d88b--Button-7937d88b--StyledBtn ebef5j00">Apply</button>
  - attempting click action
    - scrolling into view if needed
. Dang thu Dispatch Event...
INFO:PlaywrightAdapter:[+] Da nhan Apply thanh cong o lan thu 1 bang Dispatch Event.
INFO:PlaywrightAdapter:[+] Cap nhat avatar vao form thanh cong.
INFO:PlaywrightAdapter:[Username] web='baw53st71_cloy5' | db='baw53st71_cloy5'
INFO:PlaywrightAdapter:[+] Cap nhat avatar vao form thanh cong.
INFO:PlaywrightAdapter:[Username] web='cro3goum2_groy' | db='li9sh4_zoar45'
INFO:PlaywrightAdapter:[+] Da gan file avatar bang native chooser an.
INFO:PlaywrightAdapter:[*] Dang doi trang chu TikTok on dinh phien dang nhap...
INFO:PlaywrightAdapter:[+] Da nhan Save thanh cong bang dispatch_event.
WARNING:WebSocketManager:L\u1ed7i g\u1eedi WebSocket, \u0111ang d\u1ecdn d\u1eb9p k\u1ebft n\u1ed1i l\u1ed7i: 
INFO:WebSocketManager:[-] M\u1ed9t k\u1ebft n\u1ed1i WebSocket \u0111ã \u0111óng. T\u1ed5ng k\u1ebft n\u1ed1i: 0
INFO:PlaywrightAdapter:[+] Tim thay nut xac nhan hop le: 'button:has-text("Apply")'
INFO:PlaywrightAdapter:[+] Xac minh THANH CONG sau 3 giay (Phat hien nav-profile/upload/messages).
INFO:TikTokUpdateProfileUseCase:[+] [Defensive Save] \u0110ã sao l\u01b0u phòng th\u1ee7 Cookies thành công cho trou2_pl3
INFO:TikTokUpdateProfileUseCase:[+] \u0110ã ch\u1ecdn Bio ng\u1eabu nhiên: 'Wandering mind | \U0001f680 On a mission | Here for a good time.'
WARNING:PlaywrightAdapter:[-] Click gia lap that bai o lan thu 1: Locator.click: Element is not visible
Call log:
  - waiting for locator("button:has-text(\"Apply\")").first
    - locator resolved to <button type="button" class="ef1kawg9 css-s03j95-7937d88b--Button-7937d88b--StyledBtn ebef5j00">Apply</button>
  - attempting click action
    - scrolling into view if needed
. Dang thu Dispatch Event...
INFO:PlaywrightAdapter:[+] Da nhan Apply thanh cong o lan thu 1 bang Dispatch Event.
INFO:PlaywrightAdapter:[+] Da dong phien trinh duyet va giai phong tai nguyen.
INFO:PlaywrightAdapter:[*] Dang don dep ho so tam thoi: C:\Users\Admin\AppData\Local\Temp\tiktok_auto_profiles\temp_c27ccdb8-7614-45f8-bb7f-1f2b236f8832
INFO:PlaywrightAdapter:[+] Cap nhat avatar vao form thanh cong.
INFO:PlaywrightAdapter:[Username] web='sees1_ni5' | db='sees1_ni5'
INFO:TaskDispatcher:[+] Phân b\u1ed5 \u1ea3nh \u0111\u1ea1i di\u1ec7n: images (26).jpg cho lu\u1ed3ng s\u1ed1 38
INFO:TaskDispatcher:[*] Kh\u1edfi ch\u1ea1y trình duy\u1ec7t cho tài kho\u1ea3n: nyriah1711011996@hotmail.com | Tác v\u1ee5: UPDATE_PROFILE
INFO:PlaywrightAdapter:[*] Da tao profile moi va gan 1 extension: omocaptcha@gmail.com@1.7.7
INFO:PlaywrightAdapter:[+] Da nhan Save thanh cong bang dispatch_event.
INFO:PlaywrightAdapter:[+] Da gan file avatar bang native chooser an.
INFO:TikTokUpdateProfileUseCase:[+] [Username Rule B] Cap nhat username DB: li9sh4_zoar45 -> cro3goum2_groy
WARNING:TikTokUpdateProfileUseCase:[Username Sync] Uu tien dhritidelaynie9081@hotmail.com -> cro3goum2_groy; chuyen aishetuberlianv@hotmail.com -> li9sh4_zoar45
INFO:PlaywrightAdapter:[+] Da dong phien trinh duyet va giai phong tai nguyen.
INFO:PlaywrightAdapter:[*] Dang don dep ho so tam thoi: C:\Users\Admin\AppData\Local\Temp\tiktok_auto_profiles\temp_abcc4325-388c-43c7-b7ed-5402c63195ee
INFO:PlaywrightAdapter:[LAUNCH] OK sau 15.0s (lan 1/2).
INFO:TaskDispatcher:[+] Phân b\u1ed5 \u1ea3nh \u0111\u1ea1i di\u1ec7n: images (27).jpg cho lu\u1ed3ng s\u1ed1 39
INFO:TaskDispatcher:[*] Kh\u1edfi ch\u1ea1y trình duy\u1ec7t cho tài kho\u1ea3n: brenonhaywood17121990@hotmail.com | Tác v\u1ee5: UPDATE_PROFILE
INFO:PlaywrightAdapter:[+] Tim thay nut xac nhan hop le: 'button:has-text("Apply")'
INFO:PlaywrightAdapter:[*] Da tao profile moi va gan 1 extension: omocaptcha@gmail.com@1.7.7
INFO:PlaywrightAdapter:[HWND] Detected token-owned window HWND=31460740 for this session.
INFO:PlaywrightAdapter:[WINDOW] HWND=31460740 dang CLOAK/OFF-SCREEN.
INFO:PlaywrightAdapter:[EXTENSION] Active: omocaptcha@gmail.com@1.7.7 (signed/configuration verified).
INFO:PlaywrightAdapter:[HWND] Stream recovered token-owned HWND=17501758.
INFO:PlaywrightAdapter:[*] Khoi tao tab moi sach.
INFO:PlaywrightAdapter:[+] Khoi tao browser session (headed-cloaked). Seed: 629243420 | Proxy: Direct NET
INFO:PlaywrightAdapter:[*] Dieu huong toi https://www.tiktok.com/foryou?lang=en (lan 1, wait=commit)...
INFO:PlaywrightAdapter:[+] Da nhan Save thanh cong bang dispatch_event.
WARNING:PlaywrightAdapter:[-] Click gia lap that bai o lan thu 1: Locator.click: Element is not visible
Call log:
  - waiting for locator("button:has-text(\"Apply\")").first
    - locator resolved to <button type="button" class="ef1kawg9 css-s03j95-7937d88b--Button-7937d88b--StyledBtn ebef5j00">Apply</button>
  - attempting click action
    - scrolling into view if needed
. Dang thu Dispatch Event...
INFO:PlaywrightAdapter:[+] Da nhan Apply thanh cong o lan thu 1 bang Dispatch Event.
INFO:PlaywrightAdapter:[+] Cap nhat avatar vao form thanh cong.
INFO:PlaywrightAdapter:[Username] web='vin1pl13_slu6th' | db='trou2_pl3'
INFO:PlaywrightAdapter:[LAUNCH] OK sau 14.3s (lan 1/2).
INFO:PlaywrightAdapter:[HWND] Detected token-owned window HWND=20384196 for this session.
INFO:PlaywrightAdapter:[WINDOW] HWND=20384196 dang CLOAK/OFF-SCREEN.
INFO:PlaywrightAdapter:[EXTENSION] Active: omocaptcha@gmail.com@1.7.7 (signed/configuration verified).
INFO:PlaywrightAdapter:[HWND] Stream recovered token-owned HWND=22875262.
INFO:PlaywrightAdapter:[*] Khoi tao tab moi sach.
INFO:PlaywrightAdapter:[+] Khoi tao browser session (headed-cloaked). Seed: 1991721610 | Proxy: Direct NET
INFO:PlaywrightAdapter:[*] Dieu huong toi https://www.tiktok.com/foryou?lang=en (lan 1, wait=commit)...
INFO:PlaywrightAdapter:[+] Da dong phien trinh duyet va giai phong tai nguyen.
INFO:PlaywrightAdapter:[*] Dang don dep ho so tam thoi: C:\Users\Admin\AppData\Local\Temp\tiktok_auto_profiles\temp_3f61f075-1bfc-4871-8800-ea460f217aa9
INFO:TaskDispatcher:[+] Phân b\u1ed5 \u1ea3nh \u0111\u1ea1i di\u1ec7n: images (28).jpg cho lu\u1ed3ng s\u1ed1 40
INFO:TaskDispatcher:[*] Kh\u1edfi ch\u1ea1y trình duy\u1ec7t cho tài kho\u1ea3n: carnsewkvistu@hotmail.com | Tác v\u1ee5: UPDATE_PROFILE
INFO:PlaywrightAdapter:[*] Da tao profile moi va gan 1 extension: omocaptcha@gmail.com@1.7.7
INFO:PlaywrightAdapter:[LAUNCH] OK sau 14.3s (lan 1/2).
INFO:     connection closed
INFO:     127.0.0.1:49268 - "WebSocket /ws/screens" [accepted]
INFO:WebSocketManager:[+] K\u1ebft n\u1ed1i WebSocket m\u1edbi thi\u1ebft l\u1eadp. T\u1ed5ng k\u1ebft n\u1ed1i: 1
INFO:     127.0.0.1:49269 - "WebSocket /ws/screens" [accepted]
INFO:WebSocketManager:[+] K\u1ebft n\u1ed1i WebSocket m\u1edbi thi\u1ebft l\u1eadp. T\u1ed5ng k\u1ebft n\u1ed1i: 2
INFO:     connection closed
INFO:WebSocketManager:[-] M\u1ed9t k\u1ebft n\u1ed1i WebSocket \u0111ã \u0111óng. T\u1ed5ng k\u1ebft n\u1ed1i: 1
INFO:     connection open
INFO:PlaywrightAdapter:[HWND] Detected token-owned window HWND=17305272 for this session.
INFO:PlaywrightAdapter:[WINDOW] HWND=17305272 dang CLOAK/OFF-SCREEN.
INFO:PlaywrightAdapter:[EXTENSION] Active: omocaptcha@gmail.com@1.7.7 (signed/configuration verified).
INFO:PlaywrightAdapter:[*] Khoi tao tab moi sach.
INFO:PlaywrightAdapter:[+] Khoi tao browser session (headed-cloaked). Seed: 210369285 | Proxy: Direct NET
INFO:PlaywrightAdapter:[*] Dieu huong toi https://www.tiktok.com/foryou?lang=en (lan 1, wait=commit)...
INFO:PlaywrightAdapter:[HWND] Stream recovered token-owned HWND=9899964.
INFO:PlaywrightAdapter:[+] Da nhan Save thanh cong bang dispatch_event.
INFO:TikTokUpdateProfileUseCase:[+] [Username Rule B] Cap nhat username DB: trou2_pl3 -> vin1pl13_slu6th
INFO:PlaywrightAdapter:[+] Da dong phien trinh duyet va giai phong tai nguyen.
INFO:PlaywrightAdapter:[*] Dang don dep ho so tam thoi: C:\Users\Admin\AppData\Local\Temp\tiktok_auto_profiles\temp_a061d0ed-0049-485c-a7e2-a6987082f7eb
INFO:TaskDispatcher:[+] Phân b\u1ed5 \u1ea3nh \u0111\u1ea1i di\u1ec7n: images (29).jpg cho lu\u1ed3ng s\u1ed1 41
INFO:TaskDispatcher:[*] Kh\u1edfi ch\u1ea1y trình duy\u1ec7t cho tài kho\u1ea3n: joannahsilverio829@hotmail.com | Tác v\u1ee5: UPDATE_PROFILE
INFO:PlaywrightAdapter:[*] Da tao profile moi va gan 1 extension: omocaptcha@gmail.com@1.7.7
INFO:PlaywrightAdapter:[LAUNCH] OK sau 15.2s (lan 1/2).
INFO:PlaywrightAdapter:[HWND] Detected token-owned window HWND=69405358 for this session.
INFO:PlaywrightAdapter:[WINDOW] HWND=69405358 dang CLOAK/OFF-SCREEN.
INFO:PlaywrightAdapter:[EXTENSION] Active: omocaptcha@gmail.com@1.7.7 (signed/configuration verified).
INFO:PlaywrightAdapter:[HWND] Stream recovered token-owned HWND=8785616.
INFO:PlaywrightAdapter:[*] Khoi tao tab moi sach.
INFO:PlaywrightAdapter:[+] Khoi tao browser session (headed-cloaked). Seed: 726191396 | Proxy: Direct NET
INFO:PlaywrightAdapter:[*] Dieu huong toi https://www.tiktok.com/foryou?lang=en (lan 1, wait=commit)...
INFO:httpx:HTTP Request: POST https://login.microsoftonline.com/consumers/oauth2/v2.0/token "HTTP/1.1 400 Bad Request"
INFO:httpx:HTTP Request: POST https://login.microsoftonline.com/consumers/oauth2/v2.0/token "HTTP/1.1 200 OK"
INFO:EmailServiceFactory:[Email] Da luu refresh_token MOI cho nyriah1711011996@hotmail.com (Microsoft xoay token).
INFO:MSGraphEmailService:[Graph] Lay access_token OK cho nyriah1711011996@hotmail.com (scope='https://graph.microsoft.com/.default').
INFO:httpx:HTTP Request: GET https://graph.microsoft.com/v1.0/me/mailFolders/inbox/messages?%24top=15&%24select=subject%2CbodyPreview%2CreceivedDateTime%2Cfrom&%24orderby=receivedDateTime+desc "HTTP/1.1 200 OK"
INFO:httpx:HTTP Request: GET https://graph.microsoft.com/v1.0/me/mailFolders/junkemail/messages?%24top=15&%24select=subject%2CbodyPreview%2CreceivedDateTime%2Cfrom&%24orderby=receivedDateTime+desc "HTTP/1.1 200 OK"
INFO:MSGraphEmailService:[Graph] Lay OTP MOI thanh cong: 528455 (mail luc 2026-08-28T07:53:36+00:00).
INFO:PlaywrightAdapter:[*] Dang doi trang chu TikTok on dinh phien dang nhap...
INFO:PlaywrightAdapter:[+] Xac minh THANH CONG sau 2 giay (Phat hien nav-profile/upload/messages).
INFO:TikTokUpdateProfileUseCase:[+] [Defensive Save] \u0110ã sao l\u01b0u phòng th\u1ee7 Cookies thành công cho stas0bl18_sto7g
INFO:TikTokUpdateProfileUseCase:[+] \u0110ã ch\u1ecdn Bio ng\u1eabu nhiên: 'Canvas wizard | \U0001f5a4 Catching feelings | Join the community.'
INFO:httpx:HTTP Request: POST https://login.microsoftonline.com/consumers/oauth2/v2.0/token "HTTP/1.1 400 Bad Request"
INFO:httpx:HTTP Request: POST https://login.microsoftonline.com/consumers/oauth2/v2.0/token "HTTP/1.1 200 OK"
INFO:EmailServiceFactory:[Email] Da luu refresh_token MOI cho carnsewkvistu@hotmail.com (Microsoft xoay token).
INFO:MSGraphEmailService:[Graph] Lay access_token OK cho carnsewkvistu@hotmail.com (scope='https://graph.microsoft.com/.default').
INFO:httpx:HTTP Request: GET https://graph.microsoft.com/v1.0/me/mailFolders/inbox/messages?%24top=15&%24select=subject%2CbodyPreview%2CreceivedDateTime%2Cfrom&%24orderby=receivedDateTime+desc "HTTP/1.1 200 OK"
ERROR:LoginStrategies:[-] Loi dang nhap Form: Locator.wait_for: Timeout 15000ms exceeded.
Call log:
  - waiting for locator("button.tux-button__element-ZBq38f:has-text(\"Resend\"), button:has-text(\"Resend\"), button:has-text(\"Gui lai\")").first

INFO:httpx:HTTP Request: GET https://graph.microsoft.com/v1.0/me/mailFolders/junkemail/messages?%24top=15&%24select=subject%2CbodyPreview%2CreceivedDateTime%2Cfrom&%24orderby=receivedDateTime+desc "HTTP/1.1 200 OK"
INFO:MSGraphEmailService:[Graph] Lay OTP MOI thanh cong: 987491 (mail luc 2026-08-28T07:54:00+00:00).
INFO:PlaywrightAdapter:[+] Da dong phien trinh duyet va giai phong tai nguyen.
INFO:PlaywrightAdapter:[*] Dang don dep ho so tam thoi: C:\Users\Admin\AppData\Local\Temp\tiktok_auto_profiles\temp_69955ab8-f169-465e-b1f7-1d0ada09270f
INFO:TaskDispatcher:[+] Phân b\u1ed5 \u1ea3nh \u0111\u1ea1i di\u1ec7n: images (3).jpg cho lu\u1ed3ng s\u1ed1 42
INFO:TaskDispatcher:[*] Kh\u1edfi ch\u1ea1y trình duy\u1ec7t cho tài kho\u1ea3n: horacefinneus7796@hotmail.com | Tác v\u1ee5: UPDATE_PROFILE
INFO:PlaywrightAdapter:[*] Da tao profile moi va gan 1 extension: omocaptcha@gmail.com@1.7.7
INFO:PlaywrightAdapter:[+] Da gan file avatar bang native chooser an.
INFO:PlaywrightAdapter:[LAUNCH] OK sau 15.5s (lan 1/2).
INFO:PlaywrightAdapter:[+] Tim thay nut xac nhan hop le: 'button:has-text("Apply")'
INFO:PlaywrightAdapter:[HWND] Detected token-owned window HWND=9572268 for this session.
INFO:PlaywrightAdapter:[WINDOW] HWND=9572268 dang CLOAK/OFF-SCREEN.
INFO:PlaywrightAdapter:[EXTENSION] Active: omocaptcha@gmail.com@1.7.7 (signed/configuration verified).
INFO:PlaywrightAdapter:[HWND] Stream recovered token-owned HWND=40898278.
INFO:PlaywrightAdapter:[*] Khoi tao tab moi sach.
INFO:PlaywrightAdapter:[+] Khoi tao browser session (headed-cloaked). Seed: 1565851637 | Proxy: Direct NET
INFO:PlaywrightAdapter:[*] Dieu huong toi https://www.tiktok.com/foryou?lang=en (lan 1, wait=commit)...
WARNING:PlaywrightAdapter:[-] Click gia lap that bai o lan thu 1: Locator.click: Element is not visible
Call log:
  - waiting for locator("button:has-text(\"Apply\")").first
    - locator resolved to <button type="button" class="ef1kawg9 css-s03j95-7937d88b--Button-7937d88b--StyledBtn ebef5j00">Apply</button>
  - attempting click action
    - scrolling into view if needed
. Dang thu Dispatch Event...
INFO:PlaywrightAdapter:[+] Da nhan Apply thanh cong o lan thu 1 bang Dispatch Event.
WARNING:WebSocketManager:L\u1ed7i g\u1eedi WebSocket, \u0111ang d\u1ecdn d\u1eb9p k\u1ebft n\u1ed1i l\u1ed7i: 
INFO:WebSocketManager:[-] M\u1ed9t k\u1ebft n\u1ed1i WebSocket \u0111ã \u0111óng. T\u1ed5ng k\u1ebft n\u1ed1i: 0
INFO:PlaywrightAdapter:[*] Dang doi trang chu TikTok on dinh phien dang nhap...
INFO:PlaywrightAdapter:[+] Xac minh THANH CONG sau 1 giay (Phat hien nav-profile/upload/messages).
INFO:TikTokUpdateProfileUseCase:[+] [Defensive Save] \u0110ã sao l\u01b0u phòng th\u1ee7 Cookies thành công cho draw1coyn46_cli
INFO:TikTokUpdateProfileUseCase:[+] \u0110ã ch\u1ecdn Bio ng\u1eabu nhiên: 'Food lover | \U0001f377 Sip & smile | Here for a good time.'
INFO:PlaywrightAdapter:[+] Cap nhat avatar vao form thanh cong.
INFO:PlaywrightAdapter:[Username] web='stas0bl18_sto7g' | db='stas0bl18_sto7g'
INFO:httpx:HTTP Request: POST https://login.microsoftonline.com/consumers/oauth2/v2.0/token "HTTP/1.1 400 Bad Request"
INFO:httpx:HTTP Request: POST https://login.microsoftonline.com/consumers/oauth2/v2.0/token "HTTP/1.1 200 OK"
INFO:EmailServiceFactory:[Email] Da luu refresh_token MOI cho joannahsilverio829@hotmail.com (Microsoft xoay token).
INFO:MSGraphEmailService:[Graph] Lay access_token OK cho joannahsilverio829@hotmail.com (scope='https://graph.microsoft.com/.default').
INFO:httpx:HTTP Request: GET https://graph.microsoft.com/v1.0/me/mailFolders/inbox/messages?%24top=15&%24select=subject%2CbodyPreview%2CreceivedDateTime%2Cfrom&%24orderby=receivedDateTime+desc "HTTP/1.1 200 OK"
INFO:httpx:HTTP Request: GET https://graph.microsoft.com/v1.0/me/mailFolders/junkemail/messages?%24top=15&%24select=subject%2CbodyPreview%2CreceivedDateTime%2Cfrom&%24orderby=receivedDateTime+desc "HTTP/1.1 200 OK"
INFO:MSGraphEmailService:[Graph] Lay OTP MOI thanh cong: 742819 (mail luc 2026-08-28T07:54:21+00:00).
INFO:PlaywrightAdapter:[+] Da gan file avatar bang native chooser an.
INFO:PlaywrightAdapter:[+] Da nhan Save thanh cong bang dispatch_event.
INFO:PlaywrightAdapter:[+] Tim thay nut xac nhan hop le: 'button:has-text("Apply")'
WARNING:PlaywrightAdapter:[-] Click gia lap that bai o lan thu 1: Locator.click: Element is not visible
Call log:
  - waiting for locator("button:has-text(\"Apply\")").first
    - locator resolved to <button type="button" class="ef1kawg9 css-s03j95-7937d88b--Button-7937d88b--StyledBtn ebef5j00">Apply</button>
  - attempting click action
    - scrolling into view if needed
. Dang thu Dispatch Event...
INFO:PlaywrightAdapter:[+] Da nhan Apply thanh cong o lan thu 1 bang Dispatch Event.
INFO:PlaywrightAdapter:[*] Dang doi trang chu TikTok on dinh phien dang nhap...
INFO:PlaywrightAdapter:[+] Da dong phien trinh duyet va giai phong tai nguyen.
INFO:PlaywrightAdapter:[*] Dang don dep ho so tam thoi: C:\Users\Admin\AppData\Local\Temp\tiktok_auto_profiles\temp_86643f7f-f8be-430e-b623-48bdddb7b147
INFO:PlaywrightAdapter:[+] Cap nhat avatar vao form thanh cong.
INFO:PlaywrightAdapter:[Username] web='draw1coyn46_cli' | db='draw1coyn46_cli'
INFO:PlaywrightAdapter:[+] Xac minh THANH CONG sau 2 giay (Phat hien nav-profile/upload/messages).
INFO:TikTokUpdateProfileUseCase:[+] [Defensive Save] \u0110ã sao l\u01b0u phòng th\u1ee7 Cookies thành công cho lo22ra34_ste
INFO:TikTokUpdateProfileUseCase:[+] \u0110ã ch\u1ecdn Bio ng\u1eabu nhiên: 'Gourmet lifestyle | \u2601\ufe0f Daydreaming | Stay a while.'
INFO:TaskDispatcher:[+] Phân b\u1ed5 \u1ea3nh \u0111\u1ea1i di\u1ec7n: images (30).jpg cho lu\u1ed3ng s\u1ed1 43
INFO:TaskDispatcher:[*] Kh\u1edfi ch\u1ea1y trình duy\u1ec7t cho tài kho\u1ea3n: abracoco5671@hotmail.com | Tác v\u1ee5: UPDATE_PROFILE
INFO:PlaywrightAdapter:[*] Da tao profile moi va gan 1 extension: omocaptcha@gmail.com@1.7.7
INFO:PlaywrightAdapter:[LAUNCH] OK sau 14.2s (lan 1/2).
INFO:PlaywrightAdapter:[HWND] Detected token-owned window HWND=23072566 for this session.
INFO:PlaywrightAdapter:[WINDOW] HWND=23072566 dang CLOAK/OFF-SCREEN.
INFO:PlaywrightAdapter:[EXTENSION] Active: omocaptcha@gmail.com@1.7.7 (signed/configuration verified).
INFO:PlaywrightAdapter:[HWND] Stream recovered token-owned HWND=25038750.
INFO:PlaywrightAdapter:[*] Khoi tao tab moi sach.
INFO:PlaywrightAdapter:[+] Khoi tao browser session (headed-cloaked). Seed: 1119597281 | Proxy: Direct NET
INFO:PlaywrightAdapter:[*] Dieu huong toi https://www.tiktok.com/foryou?lang=en (lan 1, wait=commit)...
INFO:PlaywrightAdapter:[+] Da nhan Save thanh cong bang dispatch_event.
INFO:PlaywrightAdapter:[+] Da gan file avatar bang native chooser an.
INFO:PlaywrightAdapter:[+] Tim thay nut xac nhan hop le: 'button:has-text("Apply")'
INFO:PlaywrightAdapter:[+] Da dong phien trinh duyet va giai phong tai nguyen.
INFO:PlaywrightAdapter:[*] Dang don dep ho so tam thoi: C:\Users\Admin\AppData\Local\Temp\tiktok_auto_profiles\temp_ab6b34b0-97c9-47be-b5d8-96cb820624f3
INFO:httpx:HTTP Request: POST https://login.microsoftonline.com/consumers/oauth2/v2.0/token "HTTP/1.1 400 Bad Request"
WARNING:PlaywrightAdapter:[-] Click gia lap that bai o lan thu 1: Locator.click: Element is not visible
Call log:
  - waiting for locator("button:has-text(\"Apply\")").first
    - locator resolved to <button type="button" class="ef1kawg9 css-s03j95-7937d88b--Button-7937d88b--StyledBtn ebef5j00">Apply</button>
  - attempting click action
    - scrolling into view if needed
. Dang thu Dispatch Event...
INFO:PlaywrightAdapter:[+] Da nhan Apply thanh cong o lan thu 1 bang Dispatch Event.
INFO:TaskDispatcher:[+] Phân b\u1ed5 \u1ea3nh \u0111\u1ea1i di\u1ec7n: images (31).jpg cho lu\u1ed3ng s\u1ed1 44
INFO:TaskDispatcher:[*] Kh\u1edfi ch\u1ea1y trình duy\u1ec7t cho tài kho\u1ea3n: raiyannikkol513@hotmail.com | Tác v\u1ee5: UPDATE_PROFILE
INFO:PlaywrightAdapter:[*] Da tao profile moi va gan 1 extension: omocaptcha@gmail.com@1.7.7
INFO:httpx:HTTP Request: POST https://login.microsoftonline.com/consumers/oauth2/v2.0/token "HTTP/1.1 200 OK"
INFO:EmailServiceFactory:[Email] Da luu refresh_token MOI cho horacefinneus7796@hotmail.com (Microsoft xoay token).
INFO:MSGraphEmailService:[Graph] Lay access_token OK cho horacefinneus7796@hotmail.com (scope='https://graph.microsoft.com/.default').
INFO:httpx:HTTP Request: GET https://graph.microsoft.com/v1.0/me/mailFolders/inbox/messages?%24top=15&%24select=subject%2CbodyPreview%2CreceivedDateTime%2Cfrom&%24orderby=receivedDateTime+desc "HTTP/1.1 200 OK"
INFO:httpx:HTTP Request: GET https://graph.microsoft.com/v1.0/me/mailFolders/junkemail/messages?%24top=15&%24select=subject%2CbodyPreview%2CreceivedDateTime%2Cfrom&%24orderby=receivedDateTime+desc "HTTP/1.1 200 OK"
INFO:MSGraphEmailService:[Graph] Lay OTP MOI thanh cong: 642339 (mail luc 2026-08-28T07:55:06+00:00).
INFO:PlaywrightAdapter:[+] Cap nhat avatar vao form thanh cong.
INFO:PlaywrightAdapter:[Username] web='lo22ra34_ste' | db='lo22ra34_ste'
INFO:PlaywrightAdapter:[LAUNCH] OK sau 14.8s (lan 1/2).
INFO:     127.0.0.1:55886 - "WebSocket /ws/screens" [accepted]
INFO:WebSocketManager:[+] K\u1ebft n\u1ed1i WebSocket m\u1edbi thi\u1ebft l\u1eadp. T\u1ed5ng k\u1ebft n\u1ed1i: 1
INFO:     connection closed
INFO:     connection closed
INFO:WebSocketManager:[-] M\u1ed9t k\u1ebft n\u1ed1i WebSocket \u0111ã \u0111óng. T\u1ed5ng k\u1ebft n\u1ed1i: 0
INFO:     127.0.0.1:55894 - "WebSocket /ws/screens" [accepted]
INFO:WebSocketManager:[+] K\u1ebft n\u1ed1i WebSocket m\u1edbi thi\u1ebft l\u1eadp. T\u1ed5ng k\u1ebft n\u1ed1i: 1
INFO:     connection open
INFO:PlaywrightAdapter:[HWND] Detected token-owned window HWND=42208266 for this session.
INFO:PlaywrightAdapter:[WINDOW] HWND=42208266 dang CLOAK/OFF-SCREEN.
INFO:PlaywrightAdapter:[EXTENSION] Active: omocaptcha@gmail.com@1.7.7 (signed/configuration verified).
INFO:PlaywrightAdapter:[*] Khoi tao tab moi sach.
INFO:PlaywrightAdapter:[+] Khoi tao browser session (headed-cloaked). Seed: 404212981 | Proxy: Direct NET
INFO:PlaywrightAdapter:[*] Dieu huong toi https://www.tiktok.com/foryou?lang=en (lan 1, wait=commit)...
INFO:PlaywrightAdapter:[HWND] Stream recovered token-owned HWND=4263692.
INFO:PlaywrightAdapter:[+] Da nhan Save thanh cong bang dispatch_event.
INFO:PlaywrightAdapter:[*] Dang doi trang chu TikTok on dinh phien dang nhap...
INFO:PlaywrightAdapter:[+] Xac minh THANH CONG sau 1 giay (Phat hien nav-profile/upload/messages).
INFO:TikTokUpdateProfileUseCase:[+] [Defensive Save] \u0110ã sao l\u01b0u phòng th\u1ee7 Cookies thành công cho prie8_zie8sn
INFO:TikTokUpdateProfileUseCase:[+] \u0110ã ch\u1ecdn Bio ng\u1eabu nhiên: 'Spicing things up | \u2615 Fueled by caffeine | Subscribe for more.'
INFO:PlaywrightAdapter:[+] Da dong phien trinh duyet va giai phong tai nguyen.
INFO:PlaywrightAdapter:[*] Dang don dep ho so tam thoi: C:\Users\Admin\AppData\Local\Temp\tiktok_auto_profiles\temp_35701cfe-232b-40af-9383-c10984d33943
INFO:TaskDispatcher:[+] Phân b\u1ed5 \u1ea3nh \u0111\u1ea1i di\u1ec7n: images (32).jpg cho lu\u1ed3ng s\u1ed1 45
INFO:TaskDispatcher:[*] Kh\u1edfi ch\u1ea1y trình duy\u1ec7t cho tài kho\u1ea3n: taleyah3722111993@hotmail.com | Tác v\u1ee5: UPDATE_PROFILE
INFO:PlaywrightAdapter:[*] Da tao profile moi va gan 1 extension: omocaptcha@gmail.com@1.7.7
INFO:PlaywrightAdapter:[LAUNCH] OK sau 14.4s (lan 1/2).
INFO:PlaywrightAdapter:[+] Da gan file avatar bang native chooser an.
INFO:PlaywrightAdapter:[HWND] Detected token-owned window HWND=42208474 for this session.
INFO:PlaywrightAdapter:[WINDOW] HWND=42208474 dang CLOAK/OFF-SCREEN.
INFO:PlaywrightAdapter:[EXTENSION] Active: omocaptcha@gmail.com@1.7.7 (signed/configuration verified).
INFO:PlaywrightAdapter:[*] Khoi tao tab moi sach.
INFO:PlaywrightAdapter:[+] Khoi tao browser session (headed-cloaked). Seed: 347428954 | Proxy: Direct NET
INFO:PlaywrightAdapter:[*] Dieu huong toi https://www.tiktok.com/foryou?lang=en (lan 1, wait=commit)...
INFO:PlaywrightAdapter:[HWND] Stream recovered token-owned HWND=11407102.
WARNING:WebSocketManager:L\u1ed7i g\u1eedi WebSocket, \u0111ang d\u1ecdn d\u1eb9p k\u1ebft n\u1ed1i l\u1ed7i: 
INFO:WebSocketManager:[-] M\u1ed9t k\u1ebft n\u1ed1i WebSocket \u0111ã \u0111óng. T\u1ed5ng k\u1ebft n\u1ed1i: 0
INFO:PlaywrightAdapter:[+] Tim thay nut xac nhan hop le: 'button:has-text("Apply")'
WARNING:PlaywrightAdapter:[-] Click gia lap that bai o lan thu 1: Locator.click: Element is not visible
Call log:
  - waiting for locator("button:has-text(\"Apply\")").first
    - locator resolved to <button type="button" class="ef1kawg9 css-s03j95-7937d88b--Button-7937d88b--StyledBtn ebef5j00">Apply</button>
  - attempting click action
    - scrolling into view if needed
. Dang thu Dispatch Event...
INFO:PlaywrightAdapter:[+] Da nhan Apply thanh cong o lan thu 1 bang Dispatch Event.
INFO:httpx:HTTP Request: POST https://login.microsoftonline.com/consumers/oauth2/v2.0/token "HTTP/1.1 400 Bad Request"
INFO:PlaywrightAdapter:[+] Cap nhat avatar vao form thanh cong.
INFO:httpx:HTTP Request: POST https://login.microsoftonline.com/consumers/oauth2/v2.0/token "HTTP/1.1 200 OK"
INFO:EmailServiceFactory:[Email] Da luu refresh_token MOI cho abracoco5671@hotmail.com (Microsoft xoay token).
INFO:MSGraphEmailService:[Graph] Lay access_token OK cho abracoco5671@hotmail.com (scope='https://graph.microsoft.com/.default').
INFO:PlaywrightAdapter:[Username] web='prie8_zie8sn' | db='prie8_zie8sn'
INFO:httpx:HTTP Request: GET https://graph.microsoft.com/v1.0/me/mailFolders/inbox/messages?%24top=15&%24select=subject%2CbodyPreview%2CreceivedDateTime%2Cfrom&%24orderby=receivedDateTime+desc "HTTP/1.1 200 OK"
INFO:httpx:HTTP Request: GET https://graph.microsoft.com/v1.0/me/mailFolders/junkemail/messages?%24top=15&%24select=subject%2CbodyPreview%2CreceivedDateTime%2Cfrom&%24orderby=receivedDateTime+desc "HTTP/1.1 200 OK"
INFO:MSGraphEmailService:[Graph] Lay OTP MOI thanh cong: 503290 (mail luc 2026-08-28T07:55:57+00:00).
INFO:PlaywrightAdapter:[+] Da nhan Save thanh cong bang dispatch_event.
INFO:PlaywrightAdapter:[*] Dang doi trang chu TikTok on dinh phien dang nhap...
INFO:httpx:HTTP Request: POST https://login.microsoftonline.com/consumers/oauth2/v2.0/token "HTTP/1.1 400 Bad Request"
INFO:httpx:HTTP Request: POST https://login.microsoftonline.com/consumers/oauth2/v2.0/token "HTTP/1.1 200 OK"
INFO:EmailServiceFactory:[Email] Da luu refresh_token MOI cho raiyannikkol513@hotmail.com (Microsoft xoay token).
INFO:MSGraphEmailService:[Graph] Lay access_token OK cho raiyannikkol513@hotmail.com (scope='https://graph.microsoft.com/.default').
INFO:PlaywrightAdapter:[+] Xac minh THANH CONG sau 3 giay (Phat hien nav-profile/upload/messages).
INFO:TikTokUpdateProfileUseCase:[+] [Defensive Save] \u0110ã sao l\u01b0u phòng th\u1ee7 Cookies thành công cho bast43ch92_ra8
INFO:TikTokUpdateProfileUseCase:[+] \u0110ã ch\u1ecdn Bio ng\u1eabu nhiên: 'Living in the terminal | \u2615 Fueled by caffeine | Let's connect!'
INFO:httpx:HTTP Request: GET https://graph.microsoft.com/v1.0/me/mailFolders/inbox/messages?%24top=15&%24select=subject%2CbodyPreview%2CreceivedDateTime%2Cfrom&%24orderby=receivedDateTime+desc "HTTP/1.1 200 OK"
INFO:httpx:HTTP Request: GET https://graph.microsoft.com/v1.0/me/mailFolders/junkemail/messages?%24top=15&%24select=subject%2CbodyPreview%2CreceivedDateTime%2Cfrom&%24orderby=receivedDateTime+desc "HTTP/1.1 200 OK"
INFO:MSGraphEmailService:[Graph] Lay OTP MOI thanh cong: 723012 (mail luc 2026-08-28T07:56:22+00:00).
INFO:PlaywrightAdapter:[+] Da dong phien trinh duyet va giai phong tai nguyen.
INFO:PlaywrightAdapter:[*] Dang don dep ho so tam thoi: C:\Users\Admin\AppData\Local\Temp\tiktok_auto_profiles\temp_2c4b3ac6-60aa-4619-8f1c-0a47f80409d2
INFO:TaskDispatcher:[+] Phân b\u1ed5 \u1ea3nh \u0111\u1ea1i di\u1ec7n: images (33).jpg cho lu\u1ed3ng s\u1ed1 46
INFO:TaskDispatcher:[*] Kh\u1edfi ch\u1ea1y trình duy\u1ec7t cho tài kho\u1ea3n: hailly9111042001@hotmail.com | Tác v\u1ee5: UPDATE_PROFILE
INFO:PlaywrightAdapter:[*] Da tao profile moi va gan 1 extension: omocaptcha@gmail.com@1.7.7
INFO:PlaywrightAdapter:[LAUNCH] OK sau 15.3s (lan 1/2).
INFO:PlaywrightAdapter:[HWND] Detected token-owned window HWND=11079380 for this session.
INFO:PlaywrightAdapter:[WINDOW] HWND=11079380 dang CLOAK/OFF-SCREEN.
INFO:PlaywrightAdapter:[EXTENSION] Active: omocaptcha@gmail.com@1.7.7 (signed/configuration verified).
INFO:PlaywrightAdapter:[HWND] Stream recovered token-owned HWND=21695948.
INFO:PlaywrightAdapter:[*] Khoi tao tab moi sach.
INFO:PlaywrightAdapter:[+] Khoi tao browser session (headed-cloaked). Seed: 330239229 | Proxy: Direct NET
INFO:PlaywrightAdapter:[*] Dieu huong toi https://www.tiktok.com/foryou?lang=en (lan 1, wait=commit)...
INFO:PlaywrightAdapter:[*] Dang doi trang chu TikTok on dinh phien dang nhap...
INFO:PlaywrightAdapter:[+] Xac minh THANH CONG sau 1 giay (Phat hien nav-profile/upload/messages).
INFO:TikTokUpdateProfileUseCase:[+] [Defensive Save] \u0110ã sao l\u01b0u phòng th\u1ee7 Cookies thành công cho ru9glu47_vee55
INFO:TikTokUpdateProfileUseCase:[+] \u0110ã ch\u1ecdn Bio ng\u1eabu nhiên: 'Catching flights, not feelings | \U0001f4a1 Idea generator | Welcome to my world.'
INFO:PlaywrightAdapter:[+] Da gan file avatar bang native chooser an.
INFO:PlaywrightAdapter:[+] Tim thay nut xac nhan hop le: 'button:has-text("Apply")'
INFO:httpx:HTTP Request: POST https://login.microsoftonline.com/consumers/oauth2/v2.0/token "HTTP/1.1 400 Bad Request"
INFO:httpx:HTTP Request: POST https://login.microsoftonline.com/consumers/oauth2/v2.0/token "HTTP/1.1 200 OK"
INFO:EmailServiceFactory:[Email] Da luu refresh_token MOI cho taleyah3722111993@hotmail.com (Microsoft xoay token).
INFO:MSGraphEmailService:[Graph] Lay access_token OK cho taleyah3722111993@hotmail.com (scope='https://graph.microsoft.com/.default').
WARNING:PlaywrightAdapter:[-] Click gia lap that bai o lan thu 1: Locator.click: Element is not visible
Call log:
  - waiting for locator("button:has-text(\"Apply\")").first
    - locator resolved to <button type="button" class="ef1kawg9 css-s03j95-7937d88b--Button-7937d88b--StyledBtn ebef5j00">Apply</button>
  - attempting click action
    - scrolling into view if needed
. Dang thu Dispatch Event...
INFO:PlaywrightAdapter:[+] Da nhan Apply thanh cong o lan thu 1 bang Dispatch Event.
INFO:httpx:HTTP Request: GET https://graph.microsoft.com/v1.0/me/mailFolders/inbox/messages?%24top=15&%24select=subject%2CbodyPreview%2CreceivedDateTime%2Cfrom&%24orderby=receivedDateTime+desc "HTTP/1.1 200 OK"
INFO:httpx:HTTP Request: GET https://graph.microsoft.com/v1.0/me/mailFolders/junkemail/messages?%24top=15&%24select=subject%2CbodyPreview%2CreceivedDateTime%2Cfrom&%24orderby=receivedDateTime+desc "HTTP/1.1 200 OK"
INFO:MSGraphEmailService:[Graph] Lay OTP MOI thanh cong: 703644 (mail luc 2026-08-28T07:56:43+00:00).
INFO:PlaywrightAdapter:[+] Cap nhat avatar vao form thanh cong.
INFO:PlaywrightAdapter:[Username] web='bast43ch92_ra8' | db='bast43ch92_ra8'
INFO:PlaywrightAdapter:[+] Da gan file avatar bang native chooser an.
INFO:PlaywrightAdapter:[+] Tim thay nut xac nhan hop le: 'button:has-text("Apply")'
WARNING:PlaywrightAdapter:[-] Click gia lap that bai o lan thu 1: Locator.click: Element is not visible
Call log:
  - waiting for locator("button:has-text(\"Apply\")").first
    - locator resolved to <button type="button" class="ef1kawg9 css-s03j95-7937d88b--Button-7937d88b--StyledBtn ebef5j00">Apply</button>
  - attempting click action
    - scrolling into view if needed
. Dang thu Dispatch Event...
INFO:PlaywrightAdapter:[+] Da nhan Apply thanh cong o lan thu 1 bang Dispatch Event.
INFO:PlaywrightAdapter:[*] Dang doi trang chu TikTok on dinh phien dang nhap...
INFO:PlaywrightAdapter:[+] Cap nhat avatar vao form thanh cong.
INFO:PlaywrightAdapter:[Username] web='ru9glu47_vee55' | db='ru9glu47_vee55'
INFO:PlaywrightAdapter:[+] Xac minh THANH CONG sau 2 giay (Phat hien nav-profile/upload/messages).
INFO:TikTokUpdateProfileUseCase:[+] [Defensive Save] \u0110ã sao l\u01b0u phòng th\u1ee7 Cookies thành công cho ju_sh21lew
INFO:TikTokUpdateProfileUseCase:[+] \u0110ã ch\u1ecdn Bio ng\u1eabu nhiên: 'Exploring earth | \U0001f54a\ufe0f Peace seeker | Follow the journey.'
INFO:PlaywrightAdapter:[+] Da nhan Save thanh cong bang dispatch_event.
INFO:PlaywrightAdapter:[+] Da dong phien trinh duyet va giai phong tai nguyen.
INFO:PlaywrightAdapter:[*] Dang don dep ho so tam thoi: C:\Users\Admin\AppData\Local\Temp\tiktok_auto_profiles\temp_719ffb6b-a282-40a7-8d11-1280584fa831
INFO:TaskDispatcher:[+] Phân b\u1ed5 \u1ea3nh \u0111\u1ea1i di\u1ec7n: images (34).jpg cho lu\u1ed3ng s\u1ed1 47
INFO:TaskDispatcher:[*] Kh\u1edfi ch\u1ea1y trình duy\u1ec7t cho tài kho\u1ea3n: shaniquah3324031990@hotmail.com | Tác v\u1ee5: UPDATE_PROFILE
INFO:PlaywrightAdapter:[*] Da tao profile moi va gan 1 extension: omocaptcha@gmail.com@1.7.7
INFO:PlaywrightAdapter:[+] Da nhan Save thanh cong bang dispatch_event.
INFO:PlaywrightAdapter:[+] Da gan file avatar bang native chooser an.
INFO:PlaywrightAdapter:[LAUNCH] OK sau 15.1s (lan 1/2).
INFO:PlaywrightAdapter:[+] Tim thay nut xac nhan hop le: 'button:has-text("Apply")'
INFO:PlaywrightAdapter:[HWND] Detected token-owned window HWND=215027308 for this session.
INFO:PlaywrightAdapter:[WINDOW] HWND=215027308 dang CLOAK/OFF-SCREEN.
INFO:PlaywrightAdapter:[EXTENSION] Active: omocaptcha@gmail.com@1.7.7 (signed/configuration verified).
INFO:PlaywrightAdapter:[*] Khoi tao tab moi sach.
INFO:PlaywrightAdapter:[+] Khoi tao browser session (headed-cloaked). Seed: 1843014018 | Proxy: Direct NET
INFO:PlaywrightAdapter:[*] Dieu huong toi https://www.tiktok.com/foryou?lang=en (lan 1, wait=commit)...
INFO:PlaywrightAdapter:[+] Da dong phien trinh duyet va giai phong tai nguyen.
INFO:PlaywrightAdapter:[*] Dang don dep ho so tam thoi: C:\Users\Admin\AppData\Local\Temp\tiktok_auto_profiles\temp_1e30861e-6efe-4c41-b9c0-bb1cacb677ff
INFO:PlaywrightAdapter:[HWND] Stream recovered token-owned HWND=34803168.
WARNING:PlaywrightAdapter:[-] Click gia lap that bai o lan thu 1: Locator.click: Element is not visible
Call log:
  - waiting for locator("button:has-text(\"Apply\")").first
    - locator resolved to <button type="button" class="ef1kawg9 css-s03j95-7937d88b--Button-7937d88b--StyledBtn ebef5j00">Apply</button>
  - attempting click action
    - scrolling into view if needed
. Dang thu Dispatch Event...
INFO:PlaywrightAdapter:[+] Da nhan Apply thanh cong o lan thu 1 bang Dispatch Event.
INFO:TaskDispatcher:[+] Phân b\u1ed5 \u1ea3nh \u0111\u1ea1i di\u1ec7n: images (35).jpg cho lu\u1ed3ng s\u1ed1 48
INFO:TaskDispatcher:[*] Kh\u1edfi ch\u1ea1y trình duy\u1ec7t cho tài kho\u1ea3n: betsy3808011997@hotmail.com | Tác v\u1ee5: UPDATE_PROFILE
INFO:PlaywrightAdapter:[*] Da tao profile moi va gan 1 extension: omocaptcha@gmail.com@1.7.7
INFO:httpx:HTTP Request: POST https://login.microsoftonline.com/consumers/oauth2/v2.0/token "HTTP/1.1 400 Bad Request"
INFO:httpx:HTTP Request: POST https://login.microsoftonline.com/consumers/oauth2/v2.0/token "HTTP/1.1 200 OK"
INFO:EmailServiceFactory:[Email] Da luu refresh_token MOI cho hailly9111042001@hotmail.com (Microsoft xoay token).
INFO:MSGraphEmailService:[Graph] Lay access_token OK cho hailly9111042001@hotmail.com (scope='https://graph.microsoft.com/.default').
INFO:httpx:HTTP Request: GET https://graph.microsoft.com/v1.0/me/mailFolders/inbox/messages?%24top=15&%24select=subject%2CbodyPreview%2CreceivedDateTime%2Cfrom&%24orderby=receivedDateTime+desc "HTTP/1.1 200 OK"
INFO:httpx:HTTP Request: GET https://graph.microsoft.com/v1.0/me/mailFolders/junkemail/messages?%24top=15&%24select=subject%2CbodyPreview%2CreceivedDateTime%2Cfrom&%24orderby=receivedDateTime+desc "HTTP/1.1 200 OK"
INFO:MSGraphEmailService:[Graph] Lay OTP MOI thanh cong: 811038 (mail luc 2026-08-28T07:57:26+00:00).
INFO:PlaywrightAdapter:[+] Cap nhat avatar vao form thanh cong.
INFO:PlaywrightAdapter:[Username] web='ju_sh21lew' | db='ju_sh21lew'
INFO:PlaywrightAdapter:[LAUNCH] OK sau 14.2s (lan 1/2).
INFO:PlaywrightAdapter:[HWND] Detected token-owned window HWND=2691130 for this session.
INFO:PlaywrightAdapter:[WINDOW] HWND=2691130 dang CLOAK/OFF-SCREEN.
INFO:PlaywrightAdapter:[EXTENSION] Active: omocaptcha@gmail.com@1.7.7 (signed/configuration verified).
INFO:PlaywrightAdapter:[HWND] Stream recovered token-owned HWND=13570024.
INFO:PlaywrightAdapter:[*] Khoi tao tab moi sach.
INFO:PlaywrightAdapter:[+] Khoi tao browser session (headed-cloaked). Seed: 1492833420 | Proxy: Direct NET
INFO:PlaywrightAdapter:[*] Dieu huong toi https://www.tiktok.com/foryou?lang=en (lan 1, wait=commit)...
INFO:PlaywrightAdapter:[+] Da nhan Save thanh cong bang dispatch_event.
INFO:PlaywrightAdapter:[*] Dang doi trang chu TikTok on dinh phien dang nhap...
INFO:PlaywrightAdapter:[+] Da dong phien trinh duyet va giai phong tai nguyen.
INFO:PlaywrightAdapter:[*] Dang don dep ho so tam thoi: C:\Users\Admin\AppData\Local\Temp\tiktok_auto_profiles\temp_7e91bd46-3e85-4985-8789-036e3eeb1fb2
INFO:PlaywrightAdapter:[+] Xac minh THANH CONG sau 2 giay (Phat hien nav-profile/upload/messages).
INFO:TikTokUpdateProfileUseCase:[+] [Defensive Save] \u0110ã sao l\u01b0u phòng th\u1ee7 Cookies thành công cho plo98zoo8_wu5zu
INFO:TikTokUpdateProfileUseCase:[+] \u0110ã ch\u1ecdn Bio ng\u1eabu nhiên: 'Mountain peak chaser | \U0001f525 Unstoppable | Be kind.'
INFO:TaskDispatcher:[+] Phân b\u1ed5 \u1ea3nh \u0111\u1ea1i di\u1ec7n: images (36).jpg cho lu\u1ed3ng s\u1ed1 49
INFO:TaskDispatcher:[*] Kh\u1edfi ch\u1ea1y trình duy\u1ec7t cho tài kho\u1ea3n: rajanjarmar754@hotmail.com | Tác v\u1ee5: UPDATE_PROFILE
INFO:PlaywrightAdapter:[*] Da tao profile moi va gan 1 extension: omocaptcha@gmail.com@1.7.7
INFO:PlaywrightAdapter:[LAUNCH] OK sau 15.2s (lan 1/2).
INFO:PlaywrightAdapter:[HWND] Detected token-owned window HWND=1051702 for this session.
INFO:PlaywrightAdapter:[WINDOW] HWND=1051702 dang CLOAK/OFF-SCREEN.
INFO:PlaywrightAdapter:[EXTENSION] Active: omocaptcha@gmail.com@1.7.7 (signed/configuration verified).
INFO:PlaywrightAdapter:[HWND] Stream recovered token-owned HWND=81266574.
INFO:PlaywrightAdapter:[*] Khoi tao tab moi sach.
INFO:PlaywrightAdapter:[+] Khoi tao browser session (headed-cloaked). Seed: 159976137 | Proxy: Direct NET
INFO:PlaywrightAdapter:[*] Dieu huong toi https://www.tiktok.com/foryou?lang=en (lan 1, wait=commit)...
INFO:PlaywrightAdapter:[+] Da gan file avatar bang native chooser an.
INFO:PlaywrightAdapter:[+] Tim thay nut xac nhan hop le: 'button:has-text("Apply")'
WARNING:PlaywrightAdapter:[-] Click gia lap that bai o lan thu 1: Locator.click: Element is not visible
Call log:
  - waiting for locator("button:has-text(\"Apply\")").first
    - locator resolved to <button type="button" class="ef1kawg9 css-s03j95-7937d88b--Button-7937d88b--StyledBtn ebef5j00">Apply</button>
  - attempting click action
    - scrolling into view if needed
. Dang thu Dispatch Event...
INFO:PlaywrightAdapter:[+] Da nhan Apply thanh cong o lan thu 1 bang Dispatch Event.
INFO:PlaywrightAdapter:[+] Cap nhat avatar vao form thanh cong.
INFO:PlaywrightAdapter:[Username] web='plo98zoo8_wu5zu' | db='plo98zoo8_wu5zu'
INFO:httpx:HTTP Request: POST https://login.microsoftonline.com/consumers/oauth2/v2.0/token "HTTP/1.1 400 Bad Request"
INFO:httpx:HTTP Request: POST https://login.microsoftonline.com/consumers/oauth2/v2.0/token "HTTP/1.1 200 OK"
INFO:EmailServiceFactory:[Email] Da luu refresh_token MOI cho shaniquah3324031990@hotmail.com (Microsoft xoay token).
INFO:MSGraphEmailService:[Graph] Lay access_token OK cho shaniquah3324031990@hotmail.com (scope='https://graph.microsoft.com/.default').
INFO:httpx:HTTP Request: GET https://graph.microsoft.com/v1.0/me/mailFolders/inbox/messages?%24top=15&%24select=subject%2CbodyPreview%2CreceivedDateTime%2Cfrom&%24orderby=receivedDateTime+desc "HTTP/1.1 200 OK"
INFO:httpx:HTTP Request: GET https://graph.microsoft.com/v1.0/me/mailFolders/junkemail/messages?%24top=15&%24select=subject%2CbodyPreview%2CreceivedDateTime%2Cfrom&%24orderby=receivedDateTime+desc "HTTP/1.1 200 OK"
INFO:MSGraphEmailService:[Graph] Lay OTP MOI thanh cong: 341749 (mail luc 2026-08-28T07:58:34+00:00).
INFO:httpx:HTTP Request: POST https://login.microsoftonline.com/consumers/oauth2/v2.0/token "HTTP/1.1 400 Bad Request"
INFO:httpx:HTTP Request: POST https://login.microsoftonline.com/consumers/oauth2/v2.0/token "HTTP/1.1 200 OK"
INFO:EmailServiceFactory:[Email] Da luu refresh_token MOI cho betsy3808011997@hotmail.com (Microsoft xoay token).
INFO:MSGraphEmailService:[Graph] Lay access_token OK cho betsy3808011997@hotmail.com (scope='https://graph.microsoft.com/.default').
INFO:httpx:HTTP Request: GET https://graph.microsoft.com/v1.0/me/mailFolders/inbox/messages?%24top=15&%24select=subject%2CbodyPreview%2CreceivedDateTime%2Cfrom&%24orderby=receivedDateTime+desc "HTTP/1.1 200 OK"
INFO:PlaywrightAdapter:[+] Da nhan Save thanh cong bang dispatch_event.
INFO:httpx:HTTP Request: GET https://graph.microsoft.com/v1.0/me/mailFolders/junkemail/messages?%24top=15&%24select=subject%2CbodyPreview%2CreceivedDateTime%2Cfrom&%24orderby=receivedDateTime+desc "HTTP/1.1 200 OK"
INFO:MSGraphEmailService:[Graph] Lay OTP MOI thanh cong: 837759 (mail luc 2026-08-28T07:58:40+00:00).
INFO:PlaywrightAdapter:[+] Da dong phien trinh duyet va giai phong tai nguyen.
INFO:PlaywrightAdapter:[*] Dang don dep ho so tam thoi: C:\Users\Admin\AppData\Local\Temp\tiktok_auto_profiles\temp_a7ad8568-17cf-4522-8d8f-22449a75b0e8
INFO:TaskDispatcher:[+] Phân b\u1ed5 \u1ea3nh \u0111\u1ea1i di\u1ec7n: images (37).jpg cho lu\u1ed3ng s\u1ed1 50
INFO:TaskDispatcher:[*] Kh\u1edfi ch\u1ea1y trình duy\u1ec7t cho tài kho\u1ea3n: tomico5112121993@hotmail.com | Tác v\u1ee5: UPDATE_PROFILE
INFO:PlaywrightAdapter:[*] Da tao profile moi va gan 1 extension: omocaptcha@gmail.com@1.7.7
INFO:PlaywrightAdapter:[*] Dang doi trang chu TikTok on dinh phien dang nhap...
INFO:PlaywrightAdapter:[+] Xac minh THANH CONG sau 2 giay (Phat hien nav-profile/upload/messages).
INFO:TikTokUpdateProfileUseCase:[+] [Defensive Save] \u0110ã sao l\u01b0u phòng th\u1ee7 Cookies thành công cho ra67sku_sa37tho
INFO:TikTokUpdateProfileUseCase:[+] \u0110ã ch\u1ecdn Bio ng\u1eabu nhiên: 'Exploring earth | \U0001f54a\ufe0f Peace seeker | DM for collabs \U0001f4e9'
INFO:PlaywrightAdapter:[*] Dang doi trang chu TikTok on dinh phien dang nhap...
INFO:PlaywrightAdapter:[+] Xac minh THANH CONG sau 2 giay (Phat hien nav-profile/upload/messages).
INFO:TikTokUpdateProfileUseCase:[+] [Defensive Save] \u0110ã sao l\u01b0u phòng th\u1ee7 Cookies thành công cho nu6gr11_spay4
INFO:TikTokUpdateProfileUseCase:[+] \u0110ã ch\u1ecdn Bio ng\u1eabu nhiên: 'Taste explorer | Never give up | Stay a while.'
INFO:PlaywrightAdapter:[LAUNCH] OK sau 16.3s (lan 1/2).
INFO:PlaywrightAdapter:[HWND] Detected token-owned window HWND=27135200 for this session.
INFO:PlaywrightAdapter:[WINDOW] HWND=27135200 dang CLOAK/OFF-SCREEN.
INFO:PlaywrightAdapter:[EXTENSION] Active: omocaptcha@gmail.com@1.7.7 (signed/configuration verified).
INFO:PlaywrightAdapter:[HWND] Stream recovered token-owned HWND=53087950.
INFO:PlaywrightAdapter:[*] Khoi tao tab moi sach.
INFO:PlaywrightAdapter:[+] Khoi tao browser session (headed-cloaked). Seed: 1098610923 | Proxy: Direct NET
INFO:PlaywrightAdapter:[*] Dieu huong toi https://www.tiktok.com/foryou?lang=en (lan 1, wait=commit)...
INFO:httpx:HTTP Request: POST https://login.microsoftonline.com/consumers/oauth2/v2.0/token "HTTP/1.1 400 Bad Request"
INFO:httpx:HTTP Request: POST https://login.microsoftonline.com/consumers/oauth2/v2.0/token "HTTP/1.1 200 OK"
INFO:EmailServiceFactory:[Email] Da luu refresh_token MOI cho rajanjarmar754@hotmail.com (Microsoft xoay token).
INFO:MSGraphEmailService:[Graph] Lay access_token OK cho rajanjarmar754@hotmail.com (scope='https://graph.microsoft.com/.default').
INFO:httpx:HTTP Request: GET https://graph.microsoft.com/v1.0/me/mailFolders/inbox/messages?%24top=15&%24select=subject%2CbodyPreview%2CreceivedDateTime%2Cfrom&%24orderby=receivedDateTime+desc "HTTP/1.1 200 OK"
INFO:httpx:HTTP Request: GET https://graph.microsoft.com/v1.0/me/mailFolders/junkemail/messages?%24top=15&%24select=subject%2CbodyPreview%2CreceivedDateTime%2Cfrom&%24orderby=receivedDateTime+desc "HTTP/1.1 200 OK"
INFO:MSGraphEmailService:[Graph] Lay OTP MOI thanh cong: 874463 (mail luc 2026-08-28T07:59:05+00:00).
INFO:PlaywrightAdapter:[+] Da gan file avatar bang native chooser an.
INFO:PlaywrightAdapter:[+] Tim thay nut xac nhan hop le: 'button:has-text("Apply")'
INFO:PlaywrightAdapter:[+] Da gan file avatar bang native chooser an.
WARNING:PlaywrightAdapter:[-] Click gia lap that bai o lan thu 1: Locator.click: Element is not visible
Call log:
  - waiting for locator("button:has-text(\"Apply\")").first
    - locator resolved to <button type="button" class="ef1kawg9 css-s03j95-7937d88b--Button-7937d88b--StyledBtn ebef5j00">Apply</button>
  - attempting click action
    - scrolling into view if needed
. Dang thu Dispatch Event...
INFO:PlaywrightAdapter:[+] Da nhan Apply thanh cong o lan thu 1 bang Dispatch Event.
INFO:PlaywrightAdapter:[+] Cap nhat avatar vao form thanh cong.
INFO:PlaywrightAdapter:[+] Tim thay nut xac nhan hop le: 'button:has-text("Apply")'
INFO:PlaywrightAdapter:[Username] web='ra67sku_sa37tho' | db='ra67sku_sa37tho'
WARNING:PlaywrightAdapter:[-] Click gia lap that bai o lan thu 1: Locator.click: Element is not visible
Call log:
  - waiting for locator("button:has-text(\"Apply\")").first
    - locator resolved to <button type="button" class="ef1kawg9 css-s03j95-7937d88b--Button-7937d88b--StyledBtn ebef5j00">Apply</button>
  - attempting click action
    - scrolling into view if needed
. Dang thu Dispatch Event...
INFO:PlaywrightAdapter:[+] Da nhan Apply thanh cong o lan thu 1 bang Dispatch Event.
INFO:PlaywrightAdapter:[*] Dang doi trang chu TikTok on dinh phien dang nhap...
INFO:PlaywrightAdapter:[+] Cap nhat avatar vao form thanh cong.
INFO:PlaywrightAdapter:[Username] web='nu6gr11_spay4' | db='nu6gr11_spay4'
INFO:PlaywrightAdapter:[+] Xac minh THANH CONG sau 3 giay (Phat hien nav-profile/upload/messages).
INFO:TikTokUpdateProfileUseCase:[+] [Defensive Save] \u0110ã sao l\u01b0u phòng th\u1ee7 Cookies thành công cho broy8ch9_shas52
INFO:TikTokUpdateProfileUseCase:[+] \u0110ã ch\u1ecdn Bio ng\u1eabu nhiên: 'Just being | \U0001f3a8 Life is art | Keep smiling.'
INFO:PlaywrightAdapter:[+] Da nhan Save thanh cong bang dispatch_event.
INFO:PlaywrightAdapter:[+] Da nhan Save thanh cong bang dispatch_event.
INFO:PlaywrightAdapter:[+] Da dong phien trinh duyet va giai phong tai nguyen.
INFO:PlaywrightAdapter:[*] Dang don dep ho so tam thoi: C:\Users\Admin\AppData\Local\Temp\tiktok_auto_profiles\temp_6cf663bb-26e3-4585-ae23-ebfb05e07f2e
INFO:TaskDispatcher:[+] Phân b\u1ed5 \u1ea3nh \u0111\u1ea1i di\u1ec7n: images (38).jpg cho lu\u1ed3ng s\u1ed1 51
INFO:TaskDispatcher:[*] Kh\u1edfi ch\u1ea1y trình duy\u1ec7t cho tài kho\u1ea3n: cherylynnlanajah6365@hotmail.com | Tác v\u1ee5: UPDATE_PROFILE
INFO:PlaywrightAdapter:[*] Da tao profile moi va gan 1 extension: omocaptcha@gmail.com@1.7.7
INFO:PlaywrightAdapter:[+] Da gan file avatar bang native chooser an.
INFO:PlaywrightAdapter:[+] Da dong phien trinh duyet va giai phong tai nguyen.
INFO:PlaywrightAdapter:[*] Dang don dep ho so tam thoi: C:\Users\Admin\AppData\Local\Temp\tiktok_auto_profiles\temp_4cdcf4e4-c6ec-4e70-9218-03a06ebeeccb
INFO:PlaywrightAdapter:[+] Tim thay nut xac nhan hop le: 'button:has-text("Apply")'
INFO:TaskDispatcher:[+] Phân b\u1ed5 \u1ea3nh \u0111\u1ea1i di\u1ec7n: images (39).jpg cho lu\u1ed3ng s\u1ed1 52
INFO:TaskDispatcher:[*] Kh\u1edfi ch\u1ea1y trình duy\u1ec7t cho tài kho\u1ea3n: elvinzamira761@hotmail.com | Tác v\u1ee5: UPDATE_PROFILE
INFO:PlaywrightAdapter:[*] Da tao profile moi va gan 1 extension: omocaptcha@gmail.com@1.7.7
WARNING:PlaywrightAdapter:[-] Click gia lap that bai o lan thu 1: Locator.click: Element is not visible
Call log:
  - waiting for locator("button:has-text(\"Apply\")").first
    - locator resolved to <button type="button" class="ef1kawg9 css-s03j95-7937d88b--Button-7937d88b--StyledBtn ebef5j00">Apply</button>
  - attempting click action
    - scrolling into view if needed
. Dang thu Dispatch Event...
INFO:PlaywrightAdapter:[+] Da nhan Apply thanh cong o lan thu 1 bang Dispatch Event.
INFO:PlaywrightAdapter:[LAUNCH] OK sau 16.3s (lan 1/2).
INFO:PlaywrightAdapter:[+] Cap nhat avatar vao form thanh cong.
INFO:PlaywrightAdapter:[Username] web='broy8ch9_shas52' | db='broy8ch9_shas52'
INFO:PlaywrightAdapter:[HWND] Detected token-owned window HWND=18747416 for this session.
INFO:PlaywrightAdapter:[WINDOW] HWND=18747416 dang CLOAK/OFF-SCREEN.
INFO:PlaywrightAdapter:[EXTENSION] Active: omocaptcha@gmail.com@1.7.7 (signed/configuration verified).
INFO:PlaywrightAdapter:[HWND] Stream recovered token-owned HWND=27856786.
INFO:PlaywrightAdapter:[*] Khoi tao tab moi sach.
INFO:PlaywrightAdapter:[+] Khoi tao browser session (headed-cloaked). Seed: 1667127353 | Proxy: Direct NET
INFO:PlaywrightAdapter:[*] Dieu huong toi https://www.tiktok.com/foryou?lang=en (lan 1, wait=commit)...
INFO:PlaywrightAdapter:[LAUNCH] OK sau 23.6s (lan 1/2).
INFO:PlaywrightAdapter:[HWND] Detected token-owned window HWND=51317734 for this session.
INFO:PlaywrightAdapter:[WINDOW] HWND=51317734 dang CLOAK/OFF-SCREEN.
INFO:PlaywrightAdapter:[EXTENSION] Active: omocaptcha@gmail.com@1.7.7 (signed/configuration verified).
INFO:PlaywrightAdapter:[HWND] Stream recovered token-owned HWND=39652598.
INFO:PlaywrightAdapter:[*] Khoi tao tab moi sach.
INFO:PlaywrightAdapter:[+] Khoi tao browser session (headed-cloaked). Seed: 290480318 | Proxy: Direct NET
INFO:PlaywrightAdapter:[*] Dieu huong toi https://www.tiktok.com/foryou?lang=en (lan 1, wait=commit)...
INFO:httpx:HTTP Request: POST https://login.microsoftonline.com/consumers/oauth2/v2.0/token "HTTP/1.1 400 Bad Request"
INFO:httpx:HTTP Request: POST https://login.microsoftonline.com/consumers/oauth2/v2.0/token "HTTP/1.1 200 OK"
INFO:EmailServiceFactory:[Email] Da luu refresh_token MOI cho tomico5112121993@hotmail.com (Microsoft xoay token).
INFO:MSGraphEmailService:[Graph] Lay access_token OK cho tomico5112121993@hotmail.com (scope='https://graph.microsoft.com/.default').
INFO:httpx:HTTP Request: GET https://graph.microsoft.com/v1.0/me/mailFolders/inbox/messages?%24top=15&%24select=subject%2CbodyPreview%2CreceivedDateTime%2Cfrom&%24orderby=receivedDateTime+desc "HTTP/1.1 200 OK"
INFO:httpx:HTTP Request: GET https://graph.microsoft.com/v1.0/me/mailFolders/junkemail/messages?%24top=15&%24select=subject%2CbodyPreview%2CreceivedDateTime%2Cfrom&%24orderby=receivedDateTime+desc "HTTP/1.1 200 OK"
INFO:MSGraphEmailService:[Graph] Lay OTP MOI thanh cong: 977346 (mail luc 2026-08-28T07:59:55+00:00).
INFO:PlaywrightAdapter:[+] Da nhan Save thanh cong bang dispatch_event.
INFO:PlaywrightAdapter:[+] Da dong phien trinh duyet va giai phong tai nguyen.
INFO:PlaywrightAdapter:[*] Dang don dep ho so tam thoi: C:\Users\Admin\AppData\Local\Temp\tiktok_auto_profiles\temp_3b97de1b-5114-4869-9806-90efd51c9628
INFO:     connection closed
INFO:TaskDispatcher:[+] Phân b\u1ed5 \u1ea3nh \u0111\u1ea1i di\u1ec7n: images (4).jpg cho lu\u1ed3ng s\u1ed1 53
INFO:TaskDispatcher:[*] Kh\u1edfi ch\u1ea1y trình duy\u1ec7t cho tài kho\u1ea3n: breaunashourya766@hotmail.com | Tác v\u1ee5: UPDATE_PROFILE
INFO:PlaywrightAdapter:[*] Da tao profile moi va gan 1 extension: omocaptcha@gmail.com@1.7.7
INFO:PlaywrightAdapter:[*] Dang doi trang chu TikTok on dinh phien dang nhap...
INFO:PlaywrightAdapter:[LAUNCH] OK sau 17.4s (lan 1/2).
INFO:PlaywrightAdapter:[+] Xac minh THANH CONG sau 3 giay (Phat hien nav-profile/upload/messages).
INFO:TikTokUpdateProfileUseCase:[+] [Defensive Save] \u0110ã sao l\u01b0u phòng th\u1ee7 Cookies thành công cho bee3gl4_fa35ji
INFO:TikTokUpdateProfileUseCase:[+] \u0110ã ch\u1ecdn Bio ng\u1eabu nhiên: 'Lifting heavy things | \u2601\ufe0f Daydreaming | Link below \U0001f447'
INFO:PlaywrightAdapter:[HWND] Detected token-owned window HWND=64162270 for this session.
INFO:PlaywrightAdapter:[WINDOW] HWND=64162270 dang CLOAK/OFF-SCREEN.
INFO:PlaywrightAdapter:[EXTENSION] Active: omocaptcha@gmail.com@1.7.7 (signed/configuration verified).
INFO:PlaywrightAdapter:[*] Khoi tao tab moi sach.
INFO:PlaywrightAdapter:[+] Khoi tao browser session (headed-cloaked). Seed: 1884165916 | Proxy: Direct NET
INFO:PlaywrightAdapter:[*] Dieu huong toi https://www.tiktok.com/foryou?lang=en (lan 1, wait=commit)...
INFO:     127.0.0.1:54448 - "WebSocket /ws/screens" [accepted]
INFO:WebSocketManager:[+] K\u1ebft n\u1ed1i WebSocket m\u1edbi thi\u1ebft l\u1eadp. T\u1ed5ng k\u1ebft n\u1ed1i: 1
INFO:     connection open
INFO:     127.0.0.1:54449 - "WebSocket /ws/screens" [accepted]
INFO:WebSocketManager:[+] K\u1ebft n\u1ed1i WebSocket m\u1edbi thi\u1ebft l\u1eadp. T\u1ed5ng k\u1ebft n\u1ed1i: 2
INFO:     connection open
INFO:WebSocketManager:[-] M\u1ed9t k\u1ebft n\u1ed1i WebSocket \u0111ã \u0111óng. T\u1ed5ng k\u1ebft n\u1ed1i: 1
INFO:     connection closed
INFO:PlaywrightAdapter:[HWND] Stream recovered token-owned HWND=33623386.
INFO:PlaywrightAdapter:[+] Da gan file avatar bang native chooser an.
INFO:httpx:HTTP Request: POST https://login.microsoftonline.com/consumers/oauth2/v2.0/token "HTTP/1.1 400 Bad Request"
INFO:httpx:HTTP Request: POST https://login.microsoftonline.com/consumers/oauth2/v2.0/token "HTTP/1.1 200 OK"
INFO:EmailServiceFactory:[Email] Da luu refresh_token MOI cho cherylynnlanajah6365@hotmail.com (Microsoft xoay token).
INFO:MSGraphEmailService:[Graph] Lay access_token OK cho cherylynnlanajah6365@hotmail.com (scope='https://graph.microsoft.com/.default').
INFO:httpx:HTTP Request: GET https://graph.microsoft.com/v1.0/me/mailFolders/inbox/messages?%24top=15&%24select=subject%2CbodyPreview%2CreceivedDateTime%2Cfrom&%24orderby=receivedDateTime+desc "HTTP/1.1 200 OK"
INFO:httpx:HTTP Request: GET https://graph.microsoft.com/v1.0/me/mailFolders/junkemail/messages?%24top=15&%24select=subject%2CbodyPreview%2CreceivedDateTime%2Cfrom&%24orderby=receivedDateTime+desc "HTTP/1.1 200 OK"
INFO:MSGraphEmailService:[Graph] Lay OTP MOI thanh cong: 851820 (mail luc 2026-08-28T08:00:56+00:00).
INFO:PlaywrightAdapter:[+] Tim thay nut xac nhan hop le: 'button:has-text("Apply")'
WARNING:PlaywrightAdapter:[-] Click gia lap that bai o lan thu 1: Locator.click: Element is not visible
Call log:
  - waiting for locator("button:has-text(\"Apply\")").first
    - locator resolved to <button type="button" class="ef1kawg9 css-s03j95-7937d88b--Button-7937d88b--StyledBtn ebef5j00">Apply</button>
  - attempting click action
    - scrolling into view if needed
. Dang thu Dispatch Event...
INFO:PlaywrightAdapter:[+] Da nhan Apply thanh cong o lan thu 1 bang Dispatch Event.
INFO:PlaywrightAdapter:[+] Cap nhat avatar vao form thanh cong.
INFO:PlaywrightAdapter:[Username] web='bee3gl4_fa35ji' | db='bee3gl4_fa35ji'
INFO:httpx:HTTP Request: POST https://login.microsoftonline.com/consumers/oauth2/v2.0/token "HTTP/1.1 400 Bad Request"
INFO:httpx:HTTP Request: POST https://login.microsoftonline.com/consumers/oauth2/v2.0/token "HTTP/1.1 200 OK"
INFO:EmailServiceFactory:[Email] Da luu refresh_token MOI cho elvinzamira761@hotmail.com (Microsoft xoay token).
INFO:MSGraphEmailService:[Graph] Lay access_token OK cho elvinzamira761@hotmail.com (scope='https://graph.microsoft.com/.default').
INFO:httpx:HTTP Request: GET https://graph.microsoft.com/v1.0/me/mailFolders/inbox/messages?%24top=15&%24select=subject%2CbodyPreview%2CreceivedDateTime%2Cfrom&%24orderby=receivedDateTime+desc "HTTP/1.1 200 OK"
INFO:httpx:HTTP Request: GET https://graph.microsoft.com/v1.0/me/mailFolders/junkemail/messages?%24top=15&%24select=subject%2CbodyPreview%2CreceivedDateTime%2Cfrom&%24orderby=receivedDateTime+desc "HTTP/1.1 200 OK"
INFO:MSGraphEmailService:[Graph] Chua thay ma moi cho elvinzamira761@hotmail.com (lan 1/15) - doi mail...
INFO:PlaywrightAdapter:[*] Dang doi trang chu TikTok on dinh phien dang nhap...
INFO:httpx:HTTP Request: GET https://graph.microsoft.com/v1.0/me/mailFolders/inbox/messages?%24top=15&%24select=subject%2CbodyPreview%2CreceivedDateTime%2Cfrom&%24orderby=receivedDateTime+desc "HTTP/1.1 200 OK"
INFO:PlaywrightAdapter:[+] Xac minh THANH CONG sau 2 giay (Phat hien nav-profile/upload/messages).
INFO:TikTokUpdateProfileUseCase:[+] [Defensive Save] \u0110ã sao l\u01b0u phòng th\u1ee7 Cookies thành công cho gi34_sh1
INFO:TikTokUpdateProfileUseCase:[+] \u0110ã ch\u1ecdn Bio ng\u1eabu nhiên: '\U0001f54a\ufe0f seeking peace | \U0001f30d Exploring | Keep smiling.'
INFO:httpx:HTTP Request: GET https://graph.microsoft.com/v1.0/me/mailFolders/junkemail/messages?%24top=15&%24select=subject%2CbodyPreview%2CreceivedDateTime%2Cfrom&%24orderby=receivedDateTime+desc "HTTP/1.1 200 OK"
INFO:MSGraphEmailService:[Graph] Chua thay ma moi cho elvinzamira761@hotmail.com (lan 2/15) - doi mail...
INFO:PlaywrightAdapter:[+] Da nhan Save thanh cong bang dispatch_event.
INFO:httpx:HTTP Request: GET https://graph.microsoft.com/v1.0/me/mailFolders/inbox/messages?%24top=15&%24select=subject%2CbodyPreview%2CreceivedDateTime%2Cfrom&%24orderby=receivedDateTime+desc "HTTP/1.1 200 OK"
INFO:PlaywrightAdapter:[+] Da dong phien trinh duyet va giai phong tai nguyen.
INFO:PlaywrightAdapter:[*] Dang don dep ho so tam thoi: C:\Users\Admin\AppData\Local\Temp\tiktok_auto_profiles\temp_182cd56d-e63c-4b66-a94f-96b83bb209c4
INFO:TaskDispatcher:[+] Phân b\u1ed5 \u1ea3nh \u0111\u1ea1i di\u1ec7n: images (40).jpg cho lu\u1ed3ng s\u1ed1 54
INFO:TaskDispatcher:[*] Kh\u1edfi ch\u1ea1y trình duy\u1ec7t cho tài kho\u1ea3n: yissel3306051994@hotmail.com | Tác v\u1ee5: UPDATE_PROFILE
INFO:PlaywrightAdapter:[*] Da tao profile moi va gan 1 extension: omocaptcha@gmail.com@1.7.7
INFO:PlaywrightAdapter:[+] Da gan file avatar bang native chooser an.
INFO:httpx:HTTP Request: POST https://login.microsoftonline.com/consumers/oauth2/v2.0/token "HTTP/1.1 400 Bad Request"
INFO:httpx:HTTP Request: POST https://login.microsoftonline.com/consumers/oauth2/v2.0/token "HTTP/1.1 200 OK"
INFO:EmailServiceFactory:[Email] Da luu refresh_token MOI cho breaunashourya766@hotmail.com (Microsoft xoay token).
INFO:MSGraphEmailService:[Graph] Lay access_token OK cho breaunashourya766@hotmail.com (scope='https://graph.microsoft.com/.default').
INFO:httpx:HTTP Request: GET https://graph.microsoft.com/v1.0/me/mailFolders/inbox/messages?%24top=15&%24select=subject%2CbodyPreview%2CreceivedDateTime%2Cfrom&%24orderby=receivedDateTime+desc "HTTP/1.1 200 OK"
INFO:httpx:HTTP Request: GET https://graph.microsoft.com/v1.0/me/mailFolders/junkemail/messages?%24top=15&%24select=subject%2CbodyPreview%2CreceivedDateTime%2Cfrom&%24orderby=receivedDateTime+desc "HTTP/1.1 200 OK"
INFO:MSGraphEmailService:[Graph] Lay OTP MOI thanh cong: 047234 (mail luc 2026-08-28T08:01:29+00:00).
INFO:httpx:HTTP Request: GET https://graph.microsoft.com/v1.0/me/mailFolders/junkemail/messages?%24top=15&%24select=subject%2CbodyPreview%2CreceivedDateTime%2Cfrom&%24orderby=receivedDateTime+desc "HTTP/1.1 200 OK"
INFO:MSGraphEmailService:[Graph] Chua thay ma moi cho elvinzamira761@hotmail.com (lan 3/15) - doi mail...
INFO:PlaywrightAdapter:[+] Tim thay nut xac nhan hop le: 'button:has-text("Apply")'
INFO:PlaywrightAdapter:[LAUNCH] OK sau 16.2s (lan 1/2).
WARNING:PlaywrightAdapter:[-] Click gia lap that bai o lan thu 1: Locator.click: Element is not visible
Call log:
  - waiting for locator("button:has-text(\"Apply\")").first
    - locator resolved to <button type="button" class="ef1kawg9 css-s03j95-7937d88b--Button-7937d88b--StyledBtn ebef5j00">Apply</button>
  - attempting click action
    - scrolling into view if needed
. Dang thu Dispatch Event...
INFO:PlaywrightAdapter:[+] Da nhan Apply thanh cong o lan thu 1 bang Dispatch Event.
INFO:PlaywrightAdapter:[HWND] Detected token-owned window HWND=31722972 for this session.
INFO:PlaywrightAdapter:[WINDOW] HWND=31722972 dang CLOAK/OFF-SCREEN.
INFO:PlaywrightAdapter:[EXTENSION] Active: omocaptcha@gmail.com@1.7.7 (signed/configuration verified).
INFO:PlaywrightAdapter:[HWND] Stream recovered token-owned HWND=73731354.
INFO:PlaywrightAdapter:[*] Khoi tao tab moi sach.
INFO:PlaywrightAdapter:[+] Khoi tao browser session (headed-cloaked). Seed: 1989733469 | Proxy: Direct NET
INFO:PlaywrightAdapter:[*] Dieu huong toi https://www.tiktok.com/foryou?lang=en (lan 1, wait=commit)...
INFO:httpx:HTTP Request: GET https://graph.microsoft.com/v1.0/me/mailFolders/inbox/messages?%24top=15&%24select=subject%2CbodyPreview%2CreceivedDateTime%2Cfrom&%24orderby=receivedDateTime+desc "HTTP/1.1 200 OK"
INFO:httpx:HTTP Request: GET https://graph.microsoft.com/v1.0/me/mailFolders/junkemail/messages?%24top=15&%24select=subject%2CbodyPreview%2CreceivedDateTime%2Cfrom&%24orderby=receivedDateTime+desc "HTTP/1.1 200 OK"
INFO:MSGraphEmailService:[Graph] Lay OTP MOI thanh cong: 813753 (mail luc 2026-08-28T08:01:32+00:00).
INFO:PlaywrightAdapter:[+] Cap nhat avatar vao form thanh cong.
INFO:PlaywrightAdapter:[Username] web='gi34_sh1' | db='gi34_sh1'
INFO:PlaywrightAdapter:[*] Dang doi trang chu TikTok on dinh phien dang nhap...
INFO:PlaywrightAdapter:[+] Xac minh THANH CONG sau 2 giay (Phat hien nav-profile/upload/messages).
INFO:TikTokUpdateProfileUseCase:[+] [Defensive Save] \u0110ã sao l\u01b0u phòng th\u1ee7 Cookies thành công cho na62zow3_gl6sno
INFO:TikTokUpdateProfileUseCase:[+] \u0110ã ch\u1ecdn Bio ng\u1eabu nhiên: 'Open source contributor | \U0001f9e0 Deep thinker | Subscribe for more.'
INFO:PlaywrightAdapter:[*] Dang doi trang chu TikTok on dinh phien dang nhap...
INFO:PlaywrightAdapter:[+] Da nhan Save thanh cong bang dispatch_event.
INFO:PlaywrightAdapter:[+] Xac minh THANH CONG sau 3 giay (Phat hien nav-profile/upload/messages).
INFO:TikTokUpdateProfileUseCase:[+] [Defensive Save] \u0110ã sao l\u01b0u phòng th\u1ee7 Cookies thành công cho nouf9flee4_blay
INFO:TikTokUpdateProfileUseCase:[+] \u0110ã ch\u1ecdn Bio ng\u1eabu nhiên: 'Exploring earth | \U0001f54a\ufe0f Peace seeker | DM for collabs \U0001f4e9'
INFO:PlaywrightAdapter:[+] Da dong phien trinh duyet va giai phong tai nguyen.
INFO:PlaywrightAdapter:[*] Dang don dep ho so tam thoi: C:\Users\Admin\AppData\Local\Temp\tiktok_auto_profiles\temp_f28546d3-9c13-4801-ab8f-a4ef7520043a
INFO:TaskDispatcher:[+] Phân b\u1ed5 \u1ea3nh \u0111\u1ea1i di\u1ec7n: images (41).jpg cho lu\u1ed3ng s\u1ed1 55
INFO:TaskDispatcher:[*] Kh\u1edfi ch\u1ea1y trình duy\u1ec7t cho tài kho\u1ea3n: eeanfinlay3154@hotmail.com | Tác v\u1ee5: UPDATE_PROFILE
INFO:PlaywrightAdapter:[*] Da tao profile moi va gan 1 extension: omocaptcha@gmail.com@1.7.7
INFO:PlaywrightAdapter:[+] Da gan file avatar bang native chooser an.
INFO:PlaywrightAdapter:[LAUNCH] OK sau 15.7s (lan 1/2).
INFO:PlaywrightAdapter:[+] Tim thay nut xac nhan hop le: 'button:has-text("Apply")'
INFO:PlaywrightAdapter:[HWND] Detected token-owned window HWND=75107650 for this session.
INFO:PlaywrightAdapter:[WINDOW] HWND=75107650 dang CLOAK/OFF-SCREEN.
INFO:PlaywrightAdapter:[EXTENSION] Active: omocaptcha@gmail.com@1.7.7 (signed/configuration verified).
INFO:PlaywrightAdapter:[*] Khoi tao tab moi sach.
INFO:PlaywrightAdapter:[+] Khoi tao browser session (headed-cloaked). Seed: 472478978 | Proxy: Direct NET
INFO:PlaywrightAdapter:[*] Dieu huong toi https://www.tiktok.com/foryou?lang=en (lan 1, wait=commit)...
WARNING:PlaywrightAdapter:[-] Click gia lap that bai o lan thu 1: Locator.click: Element is not visible
Call log:
  - waiting for locator("button:has-text(\"Apply\")").first
    - locator resolved to <button type="button" class="ef1kawg9 css-s03j95-7937d88b--Button-7937d88b--StyledBtn ebef5j00">Apply</button>
  - attempting click action
    - scrolling into view if needed
. Dang thu Dispatch Event...
INFO:PlaywrightAdapter:[+] Da nhan Apply thanh cong o lan thu 1 bang Dispatch Event.
ERROR:PlaywrightAdapter:[-] Gap loi khi thao tac cap nhat thong tin ho so: Locator.wait_for: Timeout 20000ms exceeded.
Call log:
  - waiting for locator("[data-e2e=\"edit-profile-entrance\"], button:has-text(\"Edit profile\")").first to be visible

INFO:PlaywrightAdapter:[+] Da dong phien trinh duyet va giai phong tai nguyen.
INFO:PlaywrightAdapter:[*] Dang don dep ho so tam thoi: C:\Users\Admin\AppData\Local\Temp\tiktok_auto_profiles\temp_43f80bfe-1272-4b41-a2c2-f9e11927848c
INFO:PlaywrightAdapter:[+] Cap nhat avatar vao form thanh cong.
INFO:PlaywrightAdapter:[Username] web='nouf9flee4_blay' | db='nouf9flee4_blay'
INFO:TaskDispatcher:[+] Phân b\u1ed5 \u1ea3nh \u0111\u1ea1i di\u1ec7n: images (42).jpg cho lu\u1ed3ng s\u1ed1 56
INFO:TaskDispatcher:[*] Kh\u1edfi ch\u1ea1y trình duy\u1ec7t cho tài kho\u1ea3n: shanylazalaya8455@hotmail.com | Tác v\u1ee5: UPDATE_PROFILE
INFO:PlaywrightAdapter:[*] Da tao profile moi va gan 1 extension: omocaptcha@gmail.com@1.7.7
INFO:httpx:HTTP Request: POST https://login.microsoftonline.com/consumers/oauth2/v2.0/token "HTTP/1.1 400 Bad Request"
INFO:httpx:HTTP Request: POST https://login.microsoftonline.com/consumers/oauth2/v2.0/token "HTTP/1.1 200 OK"
INFO:EmailServiceFactory:[Email] Da luu refresh_token MOI cho yissel3306051994@hotmail.com (Microsoft xoay token).
INFO:MSGraphEmailService:[Graph] Lay access_token OK cho yissel3306051994@hotmail.com (scope='https://graph.microsoft.com/.default').
INFO:httpx:HTTP Request: GET https://graph.microsoft.com/v1.0/me/mailFolders/inbox/messages?%24top=15&%24select=subject%2CbodyPreview%2CreceivedDateTime%2Cfrom&%24orderby=receivedDateTime+desc "HTTP/1.1 200 OK"
INFO:PlaywrightAdapter:[LAUNCH] OK sau 15.8s (lan 1/2).
INFO:httpx:HTTP Request: GET https://graph.microsoft.com/v1.0/me/mailFolders/junkemail/messages?%24top=15&%24select=subject%2CbodyPreview%2CreceivedDateTime%2Cfrom&%24orderby=receivedDateTime+desc "HTTP/1.1 200 OK"
INFO:MSGraphEmailService:[Graph] Lay OTP MOI thanh cong: 439907 (mail luc 2026-08-28T08:02:27+00:00).
INFO:PlaywrightAdapter:[HWND] Detected token-owned window HWND=58199260 for this session.
INFO:PlaywrightAdapter:[WINDOW] HWND=58199260 dang CLOAK/OFF-SCREEN.
INFO:PlaywrightAdapter:[EXTENSION] Active: omocaptcha@gmail.com@1.7.7 (signed/configuration verified).
INFO:PlaywrightAdapter:[*] Khoi tao tab moi sach.
INFO:PlaywrightAdapter:[+] Khoi tao browser session (headed-cloaked). Seed: 49432872 | Proxy: Direct NET
INFO:PlaywrightAdapter:[*] Dieu huong toi https://www.tiktok.com/foryou?lang=en (lan 1, wait=commit)...
INFO:PlaywrightAdapter:[+] Da nhan Save thanh cong bang dispatch_event.
INFO:PlaywrightAdapter:[+] Da dong phien trinh duyet va giai phong tai nguyen.
INFO:PlaywrightAdapter:[*] Dang don dep ho so tam thoi: C:\Users\Admin\AppData\Local\Temp\tiktok_auto_profiles\temp_79215783-5cbb-45cd-ad00-72a4baa3c055
INFO:TaskDispatcher:[+] Phân b\u1ed5 \u1ea3nh \u0111\u1ea1i di\u1ec7n: images (43).jpg cho lu\u1ed3ng s\u1ed1 57
INFO:TaskDispatcher:[*] Kh\u1edfi ch\u1ea1y trình duy\u1ec7t cho tài kho\u1ea3n: rhettabraidan5434@hotmail.com | Tác v\u1ee5: UPDATE_PROFILE
INFO:PlaywrightAdapter:[*] Da tao profile moi va gan 1 extension: omocaptcha@gmail.com@1.7.7
INFO:PlaywrightAdapter:[*] Dang doi trang chu TikTok on dinh phien dang nhap...
INFO:PlaywrightAdapter:[+] Xac minh THANH CONG sau 2 giay (Phat hien nav-profile/upload/messages).
INFO:TikTokUpdateProfileUseCase:[+] [Defensive Save] \u0110ã sao l\u01b0u phòng th\u1ee7 Cookies thành công cho st0zo_brai1bl
INFO:TikTokUpdateProfileUseCase:[+] \u0110ã ch\u1ecdn Bio ng\u1eabu nhiên: 'Sculpting my future | \U0001f33f Just vibing | Watch me grow.'
INFO:PlaywrightAdapter:[HWND] Stream recovered token-owned HWND=24905740.
INFO:PlaywrightAdapter:[HWND] Stream recovered token-owned HWND=12717822.
INFO:PlaywrightAdapter:[LAUNCH] OK sau 17.3s (lan 1/2).
ERROR:    keepalive ping failed
Traceback (most recent call last):
  File "D:\tiktok_auto\.venv\Lib\site-packages\websockets\legacy\protocol.py", line 1233, in keepalive_ping
    pong_waiter = await self.ping()
                  ^^^^^^^^^^^^^^^^^
  File "D:\tiktok_auto\.venv\Lib\site-packages\websockets\legacy\protocol.py", line 843, in ping
    await self.write_frame(True, OP_PING, data)
  File "D:\tiktok_auto\.venv\Lib\site-packages\websockets\legacy\protocol.py", line 1184, in write_frame
    await self.drain()
  File "D:\tiktok_auto\.venv\Lib\site-packages\websockets\legacy\protocol.py", line 1167, in drain
    await self._drain()
  File "D:\tiktok_auto\.venv\Lib\site-packages\websockets\legacy\protocol.py", line 328, in _drain
    await self._drain_helper()
  File "D:\tiktok_auto\.venv\Lib\site-packages\websockets\legacy\protocol.py", line 308, in _drain_helper
    assert waiter is None or waiter.cancelled()
           ^^^^^^^^^^^^^^^^^^^^^^^^^^^^^^^^^^^^
AssertionError
INFO:PlaywrightAdapter:[HWND] Detected token-owned window HWND=22810404 for this session.
INFO:PlaywrightAdapter:[WINDOW] HWND=22810404 dang CLOAK/OFF-SCREEN.
INFO:PlaywrightAdapter:[EXTENSION] Active: omocaptcha@gmail.com@1.7.7 (signed/configuration verified).
INFO:PlaywrightAdapter:[HWND] Stream recovered token-owned HWND=30412702.
INFO:PlaywrightAdapter:[*] Khoi tao tab moi sach.
INFO:PlaywrightAdapter:[+] Khoi tao browser session (headed-cloaked). Seed: 392343960 | Proxy: Direct NET
INFO:PlaywrightAdapter:[*] Dieu huong toi https://www.tiktok.com/foryou?lang=en (lan 1, wait=commit)...
INFO:PlaywrightAdapter:[+] Da gan file avatar bang native chooser an.
INFO:httpx:HTTP Request: POST https://login.microsoftonline.com/consumers/oauth2/v2.0/token "HTTP/1.1 400 Bad Request"
INFO:httpx:HTTP Request: POST https://login.microsoftonline.com/consumers/oauth2/v2.0/token "HTTP/1.1 200 OK"
INFO:EmailServiceFactory:[Email] Da luu refresh_token MOI cho eeanfinlay3154@hotmail.com (Microsoft xoay token).
INFO:MSGraphEmailService:[Graph] Lay access_token OK cho eeanfinlay3154@hotmail.com (scope='https://graph.microsoft.com/.default').
INFO:httpx:HTTP Request: GET https://graph.microsoft.com/v1.0/me/mailFolders/inbox/messages?%24top=15&%24select=subject%2CbodyPreview%2CreceivedDateTime%2Cfrom&%24orderby=receivedDateTime+desc "HTTP/1.1 200 OK"
INFO:httpx:HTTP Request: GET https://graph.microsoft.com/v1.0/me/mailFolders/junkemail/messages?%24top=15&%24select=subject%2CbodyPreview%2CreceivedDateTime%2Cfrom&%24orderby=receivedDateTime+desc "HTTP/1.1 200 OK"
INFO:MSGraphEmailService:[Graph] Lay OTP MOI thanh cong: 394439 (mail luc 2026-08-28T08:03:27+00:00).
INFO:PlaywrightAdapter:[+] Tim thay nut xac nhan hop le: 'button:has-text("Apply")'
WARNING:PlaywrightAdapter:[-] Click gia lap that bai o lan thu 1: Locator.click: Element is not visible
Call log:
  - waiting for locator("button:has-text(\"Apply\")").first
    - locator resolved to <button type="button" class="ef1kawg9 css-s03j95-7937d88b--Button-7937d88b--StyledBtn ebef5j00">Apply</button>
  - attempting click action
    - scrolling into view if needed
. Dang thu Dispatch Event...
INFO:PlaywrightAdapter:[+] Da nhan Apply thanh cong o lan thu 1 bang Dispatch Event.
INFO:PlaywrightAdapter:[+] Cap nhat avatar vao form thanh cong.
INFO:PlaywrightAdapter:[Username] web='st0zo_brai1bl' | db='st0zo_brai1bl'
INFO:httpx:HTTP Request: POST https://login.microsoftonline.com/consumers/oauth2/v2.0/token "HTTP/1.1 400 Bad Request"
INFO:httpx:HTTP Request: POST https://login.microsoftonline.com/consumers/oauth2/v2.0/token "HTTP/1.1 200 OK"
INFO:EmailServiceFactory:[Email] Da luu refresh_token MOI cho shanylazalaya8455@hotmail.com (Microsoft xoay token).
INFO:MSGraphEmailService:[Graph] Lay access_token OK cho shanylazalaya8455@hotmail.com (scope='https://graph.microsoft.com/.default').
INFO:httpx:HTTP Request: GET https://graph.microsoft.com/v1.0/me/mailFolders/inbox/messages?%24top=15&%24select=subject%2CbodyPreview%2CreceivedDateTime%2Cfrom&%24orderby=receivedDateTime+desc "HTTP/1.1 200 OK"
INFO:httpx:HTTP Request: GET https://graph.microsoft.com/v1.0/me/mailFolders/junkemail/messages?%24top=15&%24select=subject%2CbodyPreview%2CreceivedDateTime%2Cfrom&%24orderby=receivedDateTime+desc "HTTP/1.1 200 OK"
INFO:MSGraphEmailService:[Graph] Lay OTP MOI thanh cong: 621336 (mail luc 2026-08-28T08:03:38+00:00).
INFO:PlaywrightAdapter:[*] Dang doi trang chu TikTok on dinh phien dang nhap...
INFO:PlaywrightAdapter:[+] Xac minh THANH CONG sau 4 giay (Phat hien nav-profile/upload/messages).
INFO:TikTokUpdateProfileUseCase:[+] [Defensive Save] \u0110ã sao l\u01b0u phòng th\u1ee7 Cookies thành công cho ja1rie_trui
INFO:TikTokUpdateProfileUseCase:[+] \u0110ã ch\u1ecdn Bio ng\u1eabu nhiên: 'Growth hacker | Living out loud | Let's connect!'
INFO:PlaywrightAdapter:[+] Da nhan Save thanh cong bang dispatch_event.
INFO:PlaywrightAdapter:[*] Dang doi trang chu TikTok on dinh phien dang nhap...
INFO:PlaywrightAdapter:[+] Xac minh THANH CONG sau 1 giay (Phat hien nav-profile/upload/messages).
INFO:TikTokUpdateProfileUseCase:[+] [Defensive Save] \u0110ã sao l\u01b0u phòng th\u1ee7 Cookies thành công cho gef3mui1_sm38
INFO:TikTokUpdateProfileUseCase:[+] \u0110ã ch\u1ecdn Bio ng\u1eabu nhiên: 'Mapping the world | \u26a1 High energy | Welcome to my world.'
INFO:PlaywrightAdapter:[+] Da dong phien trinh duyet va giai phong tai nguyen.
INFO:PlaywrightAdapter:[*] Dang don dep ho so tam thoi: C:\Users\Admin\AppData\Local\Temp\tiktok_auto_profiles\temp_fcd7ec0b-0e0a-4501-b696-52095c073311
INFO:TaskDispatcher:[+] Phân b\u1ed5 \u1ea3nh \u0111\u1ea1i di\u1ec7n: images (44).jpg cho lu\u1ed3ng s\u1ed1 58
INFO:TaskDispatcher:[*] Kh\u1edfi ch\u1ea1y trình duy\u1ec7t cho tài kho\u1ea3n: christinbarbie1230@hotmail.com | Tác v\u1ee5: UPDATE_PROFILE
INFO:PlaywrightAdapter:[*] Da tao profile moi va gan 1 extension: omocaptcha@gmail.com@1.7.7
INFO:PlaywrightAdapter:[+] Da gan file avatar bang native chooser an.
INFO:httpx:HTTP Request: POST https://login.microsoftonline.com/consumers/oauth2/v2.0/token "HTTP/1.1 400 Bad Request"
INFO:httpx:HTTP Request: POST https://login.microsoftonline.com/consumers/oauth2/v2.0/token "HTTP/1.1 200 OK"
INFO:EmailServiceFactory:[Email] Da luu refresh_token MOI cho rhettabraidan5434@hotmail.com (Microsoft xoay token).
INFO:MSGraphEmailService:[Graph] Lay access_token OK cho rhettabraidan5434@hotmail.com (scope='https://graph.microsoft.com/.default').
INFO:httpx:HTTP Request: GET https://graph.microsoft.com/v1.0/me/mailFolders/inbox/messages?%24top=15&%24select=subject%2CbodyPreview%2CreceivedDateTime%2Cfrom&%24orderby=receivedDateTime+desc "HTTP/1.1 200 OK"
INFO:httpx:HTTP Request: GET https://graph.microsoft.com/v1.0/me/mailFolders/junkemail/messages?%24top=15&%24select=subject%2CbodyPreview%2CreceivedDateTime%2Cfrom&%24orderby=receivedDateTime+desc "HTTP/1.1 200 OK"
INFO:MSGraphEmailService:[Graph] Lay OTP MOI thanh cong: 663377 (mail luc 2026-08-28T08:04:02+00:00).
INFO:PlaywrightAdapter:[+] Tim thay nut xac nhan hop le: 'button:has-text("Apply")'
INFO:PlaywrightAdapter:[LAUNCH] OK sau 15.6s (lan 1/2).
WARNING:PlaywrightAdapter:[-] Click gia lap that bai o lan thu 1: Locator.click: Element is not visible
Call log:
  - waiting for locator("button:has-text(\"Apply\")").first
    - locator resolved to <button type="button" class="ef1kawg9 css-s03j95-7937d88b--Button-7937d88b--StyledBtn ebef5j00">Apply</button>
  - attempting click action
    - scrolling into view if needed
. Dang thu Dispatch Event...
INFO:PlaywrightAdapter:[+] Da nhan Apply thanh cong o lan thu 1 bang Dispatch Event.
INFO:PlaywrightAdapter:[HWND] Detected token-owned window HWND=6557764 for this session.
INFO:PlaywrightAdapter:[WINDOW] HWND=6557764 dang CLOAK/OFF-SCREEN.
INFO:PlaywrightAdapter:[EXTENSION] Active: omocaptcha@gmail.com@1.7.7 (signed/configuration verified).
INFO:PlaywrightAdapter:[HWND] Stream recovered token-owned HWND=31264270.
INFO:PlaywrightAdapter:[*] Khoi tao tab moi sach.
INFO:PlaywrightAdapter:[+] Khoi tao browser session (headed-cloaked). Seed: 434728678 | Proxy: Direct NET
INFO:PlaywrightAdapter:[*] Dieu huong toi https://www.tiktok.com/foryou?lang=en (lan 1, wait=commit)...
INFO:PlaywrightAdapter:[+] Da gan file avatar bang native chooser an.
INFO:PlaywrightAdapter:[+] Cap nhat avatar vao form thanh cong.
INFO:PlaywrightAdapter:[Username] web='ja1rie_trui' | db='ja1rie_trui'
INFO:PlaywrightAdapter:[+] Tim thay nut xac nhan hop le: 'button:has-text("Apply")'
WARNING:PlaywrightAdapter:[-] Click gia lap that bai o lan thu 1: Locator.click: Element is not visible
Call log:
  - waiting for locator("button:has-text(\"Apply\")").first
    - locator resolved to <button type="button" class="ef1kawg9 css-s03j95-7937d88b--Button-7937d88b--StyledBtn ebef5j00">Apply</button>
  - attempting click action
    - scrolling into view if needed
. Dang thu Dispatch Event...
INFO:PlaywrightAdapter:[+] Da nhan Apply thanh cong o lan thu 1 bang Dispatch Event.
INFO:PlaywrightAdapter:[+] Cap nhat avatar vao form thanh cong.
INFO:PlaywrightAdapter:[Username] web='gef3mui1_sm38' | db='gef3mui1_sm38'
INFO:PlaywrightAdapter:[*] Dang doi trang chu TikTok on dinh phien dang nhap...
INFO:PlaywrightAdapter:[+] Xac minh THANH CONG sau 2 giay (Phat hien nav-profile/upload/messages).
INFO:TikTokUpdateProfileUseCase:[+] [Defensive Save] \u0110ã sao l\u01b0u phòng th\u1ee7 Cookies thành công cho jee7stre87_bree
INFO:TikTokUpdateProfileUseCase:[+] \u0110ã ch\u1ecdn Bio ng\u1eabu nhiên: 'Abstract mind | \u2728 Creating magic | Watch me grow.'
INFO:PlaywrightAdapter:[+] Da nhan Save thanh cong bang dispatch_event.
INFO:PlaywrightAdapter:[+] Da dong phien trinh duyet va giai phong tai nguyen.
INFO:PlaywrightAdapter:[*] Dang don dep ho so tam thoi: C:\Users\Admin\AppData\Local\Temp\tiktok_auto_profiles\temp_a0ff557a-02c4-4de7-b923-6a01b18864e6
INFO:TaskDispatcher:[+] Phân b\u1ed5 \u1ea3nh \u0111\u1ea1i di\u1ec7n: images (45).jpg cho lu\u1ed3ng s\u1ed1 59
INFO:TaskDispatcher:[*] Kh\u1edfi ch\u1ea1y trình duy\u1ec7t cho tài kho\u1ea3n: taisiyakathern395@hotmail.com | Tác v\u1ee5: UPDATE_PROFILE
INFO:PlaywrightAdapter:[*] Da tao profile moi va gan 1 extension: omocaptcha@gmail.com@1.7.7
INFO:PlaywrightAdapter:[+] Da nhan Save thanh cong bang dispatch_event.
INFO:PlaywrightAdapter:[+] Da gan file avatar bang native chooser an.
INFO:PlaywrightAdapter:[LAUNCH] OK sau 16.0s (lan 1/2).
INFO:PlaywrightAdapter:[+] Tim thay nut xac nhan hop le: 'button:has-text("Apply")'
INFO:PlaywrightAdapter:[HWND] Detected token-owned window HWND=12783508 for this session.
INFO:PlaywrightAdapter:[WINDOW] HWND=12783508 dang CLOAK/OFF-SCREEN.
INFO:PlaywrightAdapter:[EXTENSION] Active: omocaptcha@gmail.com@1.7.7 (signed/configuration verified).
INFO:PlaywrightAdapter:[*] Khoi tao tab moi sach.
INFO:PlaywrightAdapter:[+] Khoi tao browser session (headed-cloaked). Seed: 700260414 | Proxy: Direct NET
INFO:PlaywrightAdapter:[*] Dieu huong toi https://www.tiktok.com/foryou?lang=en (lan 1, wait=commit)...
INFO:PlaywrightAdapter:[+] Da dong phien trinh duyet va giai phong tai nguyen.
INFO:PlaywrightAdapter:[*] Dang don dep ho so tam thoi: C:\Users\Admin\AppData\Local\Temp\tiktok_auto_profiles\temp_03d96bca-71b6-4e7e-90e2-fff144b5d27d
INFO:PlaywrightAdapter:[HWND] Stream recovered token-owned HWND=6492034.
WARNING:PlaywrightAdapter:[-] Click gia lap that bai o lan thu 1: Locator.click: Element is not visible
Call log:
  - waiting for locator("button:has-text(\"Apply\")").first
    - locator resolved to <button type="button" class="ef1kawg9 css-s03j95-7937d88b--Button-7937d88b--StyledBtn ebef5j00">Apply</button>
  - attempting click action
    - scrolling into view if needed
. Dang thu Dispatch Event...
INFO:PlaywrightAdapter:[+] Da nhan Apply thanh cong o lan thu 1 bang Dispatch Event.
INFO:TaskDispatcher:[+] Phân b\u1ed5 \u1ea3nh \u0111\u1ea1i di\u1ec7n: images (46).jpg cho lu\u1ed3ng s\u1ed1 60
INFO:TaskDispatcher:[*] Kh\u1edfi ch\u1ea1y trình duy\u1ec7t cho tài kho\u1ea3n: shreykelsay906@hotmail.com | Tác v\u1ee5: UPDATE_PROFILE
INFO:PlaywrightAdapter:[*] Da tao profile moi va gan 1 extension: omocaptcha@gmail.com@1.7.7
INFO:PlaywrightAdapter:[+] Cap nhat avatar vao form thanh cong.
INFO:PlaywrightAdapter:[Username] web='jee7stre87_bree' | db='jee7stre87_bree'
INFO:PlaywrightAdapter:[LAUNCH] OK sau 16.3s (lan 1/2).
INFO:PlaywrightAdapter:[HWND] Detected token-owned window HWND=54202004 for this session.
INFO:PlaywrightAdapter:[WINDOW] HWND=54202004 dang CLOAK/OFF-SCREEN.
INFO:PlaywrightAdapter:[EXTENSION] Active: omocaptcha@gmail.com@1.7.7 (signed/configuration verified).
INFO:PlaywrightAdapter:[HWND] Stream recovered token-owned HWND=24121290.
INFO:PlaywrightAdapter:[*] Khoi tao tab moi sach.
INFO:PlaywrightAdapter:[+] Khoi tao browser session (headed-cloaked). Seed: 1164973930 | Proxy: Direct NET
INFO:PlaywrightAdapter:[*] Dieu huong toi https://www.tiktok.com/foryou?lang=en (lan 1, wait=commit)...
INFO:PlaywrightAdapter:[+] Da nhan Save thanh cong bang dispatch_event.
INFO:httpx:HTTP Request: POST https://login.microsoftonline.com/consumers/oauth2/v2.0/token "HTTP/1.1 400 Bad Request"
INFO:httpx:HTTP Request: POST https://login.microsoftonline.com/consumers/oauth2/v2.0/token "HTTP/1.1 200 OK"
INFO:EmailServiceFactory:[Email] Da luu refresh_token MOI cho christinbarbie1230@hotmail.com (Microsoft xoay token).
INFO:MSGraphEmailService:[Graph] Lay access_token OK cho christinbarbie1230@hotmail.com (scope='https://graph.microsoft.com/.default').
INFO:httpx:HTTP Request: GET https://graph.microsoft.com/v1.0/me/mailFolders/inbox/messages?%24top=15&%24select=subject%2CbodyPreview%2CreceivedDateTime%2Cfrom&%24orderby=receivedDateTime+desc "HTTP/1.1 200 OK"
INFO:httpx:HTTP Request: GET https://graph.microsoft.com/v1.0/me/mailFolders/junkemail/messages?%24top=15&%24select=subject%2CbodyPreview%2CreceivedDateTime%2Cfrom&%24orderby=receivedDateTime+desc "HTTP/1.1 200 OK"
INFO:MSGraphEmailService:[Graph] Lay OTP MOI thanh cong: 520666 (mail luc 2026-08-28T08:05:11+00:00).
INFO:PlaywrightAdapter:[+] Da dong phien trinh duyet va giai phong tai nguyen.
INFO:PlaywrightAdapter:[*] Dang don dep ho so tam thoi: C:\Users\Admin\AppData\Local\Temp\tiktok_auto_profiles\temp_80e4b171-8b7d-4314-8788-b9ab4b715b25
INFO:TaskDispatcher:[+] Phân b\u1ed5 \u1ea3nh \u0111\u1ea1i di\u1ec7n: images (5).jpg cho lu\u1ed3ng s\u1ed1 61
INFO:TaskDispatcher:[*] Kh\u1edfi ch\u1ea1y trình duy\u1ec7t cho tài kho\u1ea3n: whyattwynee7577@hotmail.com | Tác v\u1ee5: UPDATE_PROFILE
INFO:PlaywrightAdapter:[*] Da tao profile moi va gan 1 extension: omocaptcha@gmail.com@1.7.7
INFO:PlaywrightAdapter:[LAUNCH] OK sau 17.0s (lan 1/2).
INFO:PlaywrightAdapter:[*] Dang doi trang chu TikTok on dinh phien dang nhap...
INFO:PlaywrightAdapter:[+] Xac minh THANH CONG sau 1 giay (Phat hien nav-profile/upload/messages).
INFO:TikTokUpdateProfileUseCase:[+] [Defensive Save] \u0110ã sao l\u01b0u phòng th\u1ee7 Cookies thành công cho nawn2_dru66bra5
INFO:TikTokUpdateProfileUseCase:[+] \u0110ã ch\u1ecdn Bio ng\u1eabu nhiên: 'No days off | \U0001f4a1 Idea generator | Watch me grow.'
INFO:PlaywrightAdapter:[HWND] Detected token-owned window HWND=32902282 for this session.
INFO:PlaywrightAdapter:[WINDOW] HWND=32902282 dang CLOAK/OFF-SCREEN.
INFO:PlaywrightAdapter:[EXTENSION] Active: omocaptcha@gmail.com@1.7.7 (signed/configuration verified).
INFO:PlaywrightAdapter:[*] Khoi tao tab moi sach.
INFO:PlaywrightAdapter:[+] Khoi tao browser session (headed-cloaked). Seed: 987860956 | Proxy: Direct NET
INFO:PlaywrightAdapter:[*] Dieu huong toi https://www.tiktok.com/foryou?lang=en (lan 1, wait=commit)...
INFO:PlaywrightAdapter:[+] Da gan file avatar bang native chooser an.
INFO:httpx:HTTP Request: POST https://login.microsoftonline.com/consumers/oauth2/v2.0/token "HTTP/1.1 400 Bad Request"
INFO:httpx:HTTP Request: POST https://login.microsoftonline.com/consumers/oauth2/v2.0/token "HTTP/1.1 200 OK"
INFO:EmailServiceFactory:[Email] Da luu refresh_token MOI cho taisiyakathern395@hotmail.com (Microsoft xoay token).
INFO:MSGraphEmailService:[Graph] Lay access_token OK cho taisiyakathern395@hotmail.com (scope='https://graph.microsoft.com/.default').
INFO:httpx:HTTP Request: GET https://graph.microsoft.com/v1.0/me/mailFolders/inbox/messages?%24top=15&%24select=subject%2CbodyPreview%2CreceivedDateTime%2Cfrom&%24orderby=receivedDateTime+desc "HTTP/1.1 200 OK"
INFO:httpx:HTTP Request: GET https://graph.microsoft.com/v1.0/me/mailFolders/junkemail/messages?%24top=15&%24select=subject%2CbodyPreview%2CreceivedDateTime%2Cfrom&%24orderby=receivedDateTime+desc "HTTP/1.1 200 OK"
INFO:MSGraphEmailService:[Graph] Lay OTP MOI thanh cong: 711017 (mail luc 2026-08-28T08:05:46+00:00).
INFO:PlaywrightAdapter:[+] Tim thay nut xac nhan hop le: 'button:has-text("Apply")'
WARNING:PlaywrightAdapter:[-] Click gia lap that bai o lan thu 1: Locator.click: Element is not visible
Call log:
  - waiting for locator("button:has-text(\"Apply\")").first
    - locator resolved to <button type="button" class="ef1kawg9 css-s03j95-7937d88b--Button-7937d88b--StyledBtn ebef5j00">Apply</button>
  - attempting click action
    - scrolling into view if needed
. Dang thu Dispatch Event...
INFO:PlaywrightAdapter:[+] Da nhan Apply thanh cong o lan thu 1 bang Dispatch Event.
INFO:PlaywrightAdapter:[HWND] Stream recovered token-owned HWND=27332262.
INFO:PlaywrightAdapter:[+] Cap nhat avatar vao form thanh cong.
INFO:PlaywrightAdapter:[Username] web='nawn2_dru66bra5' | db='nawn2_dru66bra5'
INFO:httpx:HTTP Request: POST https://login.microsoftonline.com/consumers/oauth2/v2.0/token "HTTP/1.1 400 Bad Request"
INFO:httpx:HTTP Request: POST https://login.microsoftonline.com/consumers/oauth2/v2.0/token "HTTP/1.1 200 OK"
INFO:EmailServiceFactory:[Email] Da luu refresh_token MOI cho shreykelsay906@hotmail.com (Microsoft xoay token).
INFO:MSGraphEmailService:[Graph] Lay access_token OK cho shreykelsay906@hotmail.com (scope='https://graph.microsoft.com/.default').
INFO:PlaywrightAdapter:[*] Dang doi trang chu TikTok on dinh phien dang nhap...
INFO:httpx:HTTP Request: GET https://graph.microsoft.com/v1.0/me/mailFolders/inbox/messages?%24top=15&%24select=subject%2CbodyPreview%2CreceivedDateTime%2Cfrom&%24orderby=receivedDateTime+desc "HTTP/1.1 200 OK"
INFO:httpx:HTTP Request: GET https://graph.microsoft.com/v1.0/me/mailFolders/junkemail/messages?%24top=15&%24select=subject%2CbodyPreview%2CreceivedDateTime%2Cfrom&%24orderby=receivedDateTime+desc "HTTP/1.1 200 OK"
INFO:MSGraphEmailService:[Graph] Lay OTP MOI thanh cong: 863799 (mail luc 2026-08-28T08:06:10+00:00).
INFO:PlaywrightAdapter:[+] Xac minh THANH CONG sau 2 giay (Phat hien nav-profile/upload/messages).
INFO:TikTokUpdateProfileUseCase:[+] [Defensive Save] \u0110ã sao l\u01b0u phòng th\u1ee7 Cookies thành công cho skif1snow_wai
INFO:TikTokUpdateProfileUseCase:[+] \u0110ã ch\u1ecdn Bio ng\u1eabu nhiên: 'Chasing goals not people | \U0001f4a1 Idea generator | Living in the moment.'
INFO:PlaywrightAdapter:[+] Da nhan Save thanh cong bang dispatch_event.
INFO:PlaywrightAdapter:[+] Da dong phien trinh duyet va giai phong tai nguyen.
INFO:PlaywrightAdapter:[*] Dang don dep ho so tam thoi: C:\Users\Admin\AppData\Local\Temp\tiktok_auto_profiles\temp_188ba35f-54dd-48d7-9311-b7b5a64524b5
INFO:TaskDispatcher:[+] Phân b\u1ed5 \u1ea3nh \u0111\u1ea1i di\u1ec7n: images (6).jpg cho lu\u1ed3ng s\u1ed1 62
INFO:TaskDispatcher:[*] Kh\u1edfi ch\u1ea1y trình duy\u1ec7t cho tài kho\u1ea3n: katherinestrange27121992@hotmail.com | Tác v\u1ee5: UPDATE_PROFILE
INFO:PlaywrightAdapter:[*] Da tao profile moi va gan 1 extension: omocaptcha@gmail.com@1.7.7
INFO:PlaywrightAdapter:[*] Dang doi trang chu TikTok on dinh phien dang nhap...
INFO:PlaywrightAdapter:[+] Xac minh THANH CONG sau 1 giay (Phat hien nav-profile/upload/messages).
INFO:TikTokUpdateProfileUseCase:[+] [Defensive Save] \u0110ã sao l\u01b0u phòng th\u1ee7 Cookies thành công cho ske_th69zaic75
INFO:TikTokUpdateProfileUseCase:[+] \u0110ã ch\u1ecdn Bio ng\u1eabu nhiên: 'Art is my therapy | \u2615 Fueled by caffeine | Keep smiling.'
INFO:PlaywrightAdapter:[+] Da gan file avatar bang native chooser an.
INFO:PlaywrightAdapter:[LAUNCH] OK sau 15.9s (lan 1/2).
INFO:PlaywrightAdapter:[+] Tim thay nut xac nhan hop le: 'button:has-text("Apply")'
INFO:PlaywrightAdapter:[HWND] Detected token-owned window HWND=6229824 for this session.
INFO:PlaywrightAdapter:[WINDOW] HWND=6229824 dang CLOAK/OFF-SCREEN.
INFO:httpx:HTTP Request: POST https://login.microsoftonline.com/consumers/oauth2/v2.0/token "HTTP/1.1 400 Bad Request"
INFO:PlaywrightAdapter:[EXTENSION] Active: omocaptcha@gmail.com@1.7.7 (signed/configuration verified).
INFO:PlaywrightAdapter:[HWND] Stream recovered token-owned HWND=11276266.
INFO:PlaywrightAdapter:[*] Khoi tao tab moi sach.
INFO:PlaywrightAdapter:[+] Khoi tao browser session (headed-cloaked). Seed: 351378688 | Proxy: Direct NET
INFO:PlaywrightAdapter:[*] Dieu huong toi https://www.tiktok.com/foryou?lang=en (lan 1, wait=commit)...
INFO:httpx:HTTP Request: POST https://login.microsoftonline.com/consumers/oauth2/v2.0/token "HTTP/1.1 200 OK"
INFO:EmailServiceFactory:[Email] Da luu refresh_token MOI cho whyattwynee7577@hotmail.com (Microsoft xoay token).
INFO:MSGraphEmailService:[Graph] Lay access_token OK cho whyattwynee7577@hotmail.com (scope='https://graph.microsoft.com/.default').
WARNING:PlaywrightAdapter:[-] Click gia lap that bai o lan thu 1: Locator.click: Element is not visible
Call log:
  - waiting for locator("button:has-text(\"Apply\")").first
    - locator resolved to <button type="button" class="ef1kawg9 css-s03j95-7937d88b--Button-7937d88b--StyledBtn ebef5j00">Apply</button>
  - attempting click action
    - scrolling into view if needed
. Dang thu Dispatch Event...
INFO:PlaywrightAdapter:[+] Da nhan Apply thanh cong o lan thu 1 bang Dispatch Event.
INFO:httpx:HTTP Request: GET https://graph.microsoft.com/v1.0/me/mailFolders/inbox/messages?%24top=15&%24select=subject%2CbodyPreview%2CreceivedDateTime%2Cfrom&%24orderby=receivedDateTime+desc "HTTP/1.1 200 OK"
INFO:httpx:HTTP Request: GET https://graph.microsoft.com/v1.0/me/mailFolders/junkemail/messages?%24top=15&%24select=subject%2CbodyPreview%2CreceivedDateTime%2Cfrom&%24orderby=receivedDateTime+desc "HTTP/1.1 200 OK"
INFO:MSGraphEmailService:[Graph] Lay OTP MOI thanh cong: 189705 (mail luc 2026-08-28T08:06:32+00:00).
INFO:PlaywrightAdapter:[+] Da gan file avatar bang native chooser an.
INFO:PlaywrightAdapter:[+] Cap nhat avatar vao form thanh cong.
INFO:PlaywrightAdapter:[Username] web='skif1snow_wai' | db='skif1snow_wai'
INFO:PlaywrightAdapter:[+] Tim thay nut xac nhan hop le: 'button:has-text("Apply")'
WARNING:PlaywrightAdapter:[-] Click gia lap that bai o lan thu 1: Locator.click: Element is not visible
Call log:
  - waiting for locator("button:has-text(\"Apply\")").first
    - locator resolved to <button type="button" class="ef1kawg9 css-s03j95-7937d88b--Button-7937d88b--StyledBtn ebef5j00">Apply</button>
  - attempting click action
    - scrolling into view if needed
. Dang thu Dispatch Event...
INFO:PlaywrightAdapter:[+] Da nhan Apply thanh cong o lan thu 1 bang Dispatch Event.
INFO:PlaywrightAdapter:[+] Cap nhat avatar vao form thanh cong.
INFO:PlaywrightAdapter:[Username] web='ske_th69zaic75' | db='ske_th69zaic75'
INFO:PlaywrightAdapter:[*] Dang doi trang chu TikTok on dinh phien dang nhap...
INFO:PlaywrightAdapter:[+] Xac minh THANH CONG sau 2 giay (Phat hien nav-profile/upload/messages).
INFO:TikTokUpdateProfileUseCase:[+] [Defensive Save] \u0110ã sao l\u01b0u phòng th\u1ee7 Cookies thành công cho zo5sayr5_gaw2
INFO:TikTokUpdateProfileUseCase:[+] \u0110ã ch\u1ecdn Bio ng\u1eabu nhiên: '\U0001f342 autumn soul | \U0001f3af Focus mode | Making history.'
INFO:PlaywrightAdapter:[+] Da nhan Save thanh cong bang dispatch_event.
INFO:PlaywrightAdapter:[+] Da nhan Save thanh cong bang dispatch_event.
INFO:PlaywrightAdapter:[+] Da dong phien trinh duyet va giai phong tai nguyen.
INFO:PlaywrightAdapter:[*] Dang don dep ho so tam thoi: C:\Users\Admin\AppData\Local\Temp\tiktok_auto_profiles\temp_dba4b214-79c8-4be4-b548-0b53c9ce7946
INFO:TaskDispatcher:[+] Phân b\u1ed5 \u1ea3nh \u0111\u1ea1i di\u1ec7n: images (7).jpg cho lu\u1ed3ng s\u1ed1 63
INFO:TaskDispatcher:[*] Kh\u1edfi ch\u1ea1y trình duy\u1ec7t cho tài kho\u1ea3n: zorinamccauley24092003@hotmail.com | Tác v\u1ee5: UPDATE_PROFILE
INFO:PlaywrightAdapter:[*] Da tao profile moi va gan 1 extension: omocaptcha@gmail.com@1.7.7
INFO:PlaywrightAdapter:[+] Da dong phien trinh duyet va giai phong tai nguyen.
INFO:PlaywrightAdapter:[*] Dang don dep ho so tam thoi: C:\Users\Admin\AppData\Local\Temp\tiktok_auto_profiles\temp_4c853035-4ad5-4f6c-98f3-ffe80d150b74
INFO:TaskDispatcher:[+] Phân b\u1ed5 \u1ea3nh \u0111\u1ea1i di\u1ec7n: images (8).jpg cho lu\u1ed3ng s\u1ed1 64
INFO:TaskDispatcher:[*] Kh\u1edfi ch\u1ea1y trình duy\u1ec7t cho tài kho\u1ea3n: meilinkalaysha8225@hotmail.com | Tác v\u1ee5: UPDATE_PROFILE
INFO:PlaywrightAdapter:[+] Da gan file avatar bang native chooser an.
INFO:PlaywrightAdapter:[*] Da tao profile moi va gan 1 extension: omocaptcha@gmail.com@1.7.7
INFO:PlaywrightAdapter:[LAUNCH] OK sau 16.2s (lan 1/2).
INFO:PlaywrightAdapter:[+] Tim thay nut xac nhan hop le: 'button:has-text("Apply")'
INFO:PlaywrightAdapter:[HWND] Detected token-owned window HWND=56429588 for this session.
INFO:PlaywrightAdapter:[WINDOW] HWND=56429588 dang CLOAK/OFF-SCREEN.
INFO:PlaywrightAdapter:[EXTENSION] Active: omocaptcha@gmail.com@1.7.7 (signed/configuration verified).
INFO:PlaywrightAdapter:[HWND] Stream recovered token-owned HWND=6623094.
INFO:PlaywrightAdapter:[*] Khoi tao tab moi sach.
INFO:PlaywrightAdapter:[+] Khoi tao browser session (headed-cloaked). Seed: 706835561 | Proxy: Direct NET
INFO:PlaywrightAdapter:[*] Dieu huong toi https://www.tiktok.com/foryou?lang=en (lan 1, wait=commit)...
WARNING:PlaywrightAdapter:[-] Click gia lap that bai o lan thu 1: Locator.click: Element is not visible
Call log:
  - waiting for locator("button:has-text(\"Apply\")").first
    - locator resolved to <button type="button" class="ef1kawg9 css-s03j95-7937d88b--Button-7937d88b--StyledBtn ebef5j00">Apply</button>
  - attempting click action
    - scrolling into view if needed
. Dang thu Dispatch Event...
INFO:PlaywrightAdapter:[+] Da nhan Apply thanh cong o lan thu 1 bang Dispatch Event.
INFO:PlaywrightAdapter:[+] Cap nhat avatar vao form thanh cong.
INFO:PlaywrightAdapter:[Username] web='zo5sayr5_gaw2' | db='zo5sayr5_gaw2'
INFO:PlaywrightAdapter:[LAUNCH] OK sau 26.6s (lan 1/2).
INFO:PlaywrightAdapter:[HWND] Detected token-owned window HWND=60690084 for this session.
INFO:PlaywrightAdapter:[WINDOW] HWND=60690084 dang CLOAK/OFF-SCREEN.
INFO:PlaywrightAdapter:[EXTENSION] Active: omocaptcha@gmail.com@1.7.7 (signed/configuration verified).
INFO:PlaywrightAdapter:[*] Khoi tao tab moi sach.
INFO:PlaywrightAdapter:[+] Khoi tao browser session (headed-cloaked). Seed: 1925809480 | Proxy: Direct NET
INFO:PlaywrightAdapter:[*] Dieu huong toi https://www.tiktok.com/foryou?lang=en (lan 1, wait=commit)...
INFO:PlaywrightAdapter:[HWND] Stream recovered token-owned HWND=4198464.
INFO:httpx:HTTP Request: POST https://login.microsoftonline.com/consumers/oauth2/v2.0/token "HTTP/1.1 400 Bad Request"
INFO:httpx:HTTP Request: POST https://login.microsoftonline.com/consumers/oauth2/v2.0/token "HTTP/1.1 200 OK"
INFO:EmailServiceFactory:[Email] Da luu refresh_token MOI cho katherinestrange27121992@hotmail.com (Microsoft xoay token).
INFO:MSGraphEmailService:[Graph] Lay access_token OK cho katherinestrange27121992@hotmail.com (scope='https://graph.microsoft.com/.default').
INFO:httpx:HTTP Request: GET https://graph.microsoft.com/v1.0/me/mailFolders/inbox/messages?%24top=15&%24select=subject%2CbodyPreview%2CreceivedDateTime%2Cfrom&%24orderby=receivedDateTime+desc "HTTP/1.1 200 OK"
INFO:httpx:HTTP Request: GET https://graph.microsoft.com/v1.0/me/mailFolders/junkemail/messages?%24top=15&%24select=subject%2CbodyPreview%2CreceivedDateTime%2Cfrom&%24orderby=receivedDateTime+desc "HTTP/1.1 200 OK"
INFO:MSGraphEmailService:[Graph] Lay OTP MOI thanh cong: 722567 (mail luc 2026-08-28T08:07:41+00:00).
INFO:PlaywrightAdapter:[+] Da nhan Save thanh cong bang dispatch_event.
INFO:PlaywrightAdapter:[+] Da dong phien trinh duyet va giai phong tai nguyen.
INFO:PlaywrightAdapter:[*] Dang don dep ho so tam thoi: C:\Users\Admin\AppData\Local\Temp\tiktok_auto_profiles\temp_9b73f4a7-b552-4a28-a030-78b1510ecaca
INFO:TaskDispatcher:[+] Phân b\u1ed5 \u1ea3nh \u0111\u1ea1i di\u1ec7n: images (9).jpg cho lu\u1ed3ng s\u1ed1 65
INFO:TaskDispatcher:[*] Kh\u1edfi ch\u1ea1y trình duy\u1ec7t cho tài kho\u1ea3n: dreytondenelle6493@hotmail.com | Tác v\u1ee5: UPDATE_PROFILE
INFO:PlaywrightAdapter:[*] Da tao profile moi va gan 1 extension: omocaptcha@gmail.com@1.7.7
INFO:PlaywrightAdapter:[*] Dang doi trang chu TikTok on dinh phien dang nhap...
INFO:PlaywrightAdapter:[+] Xac minh THANH CONG sau 1 giay (Phat hien nav-profile/upload/messages).
INFO:TikTokUpdateProfileUseCase:[+] [Defensive Save] \u0110ã sao l\u01b0u phòng th\u1ee7 Cookies thành công cho frea31st44_scau
INFO:TikTokUpdateProfileUseCase:[+] \u0110ã ch\u1ecdn Bio ng\u1eabu nhiên: 'Marathon soul | \u2728 Creating magic | Welcome to my world.'
INFO:PlaywrightAdapter:[LAUNCH] OK sau 18.1s (lan 1/2).
INFO:PlaywrightAdapter:[HWND] Detected token-owned window HWND=5247042 for this session.
INFO:PlaywrightAdapter:[WINDOW] HWND=5247042 dang CLOAK/OFF-SCREEN.
INFO:PlaywrightAdapter:[EXTENSION] Active: omocaptcha@gmail.com@1.7.7 (signed/configuration verified).
INFO:PlaywrightAdapter:[HWND] Stream recovered token-owned HWND=23334894.
INFO:PlaywrightAdapter:[*] Khoi tao tab moi sach.
INFO:PlaywrightAdapter:[+] Khoi tao browser session (headed-cloaked). Seed: 1851530524 | Proxy: Direct NET
INFO:PlaywrightAdapter:[*] Dieu huong toi https://www.tiktok.com/foryou?lang=en (lan 1, wait=commit)...
INFO:httpx:HTTP Request: POST https://login.microsoftonline.com/consumers/oauth2/v2.0/token "HTTP/1.1 400 Bad Request"
INFO:httpx:HTTP Request: POST https://login.microsoftonline.com/consumers/oauth2/v2.0/token "HTTP/1.1 200 OK"
INFO:EmailServiceFactory:[Email] Da luu refresh_token MOI cho zorinamccauley24092003@hotmail.com (Microsoft xoay token).
INFO:MSGraphEmailService:[Graph] Lay access_token OK cho zorinamccauley24092003@hotmail.com (scope='https://graph.microsoft.com/.default').
INFO:httpx:HTTP Request: GET https://graph.microsoft.com/v1.0/me/mailFolders/inbox/messages?%24top=15&%24select=subject%2CbodyPreview%2CreceivedDateTime%2Cfrom&%24orderby=receivedDateTime+desc "HTTP/1.1 200 OK"
INFO:httpx:HTTP Request: GET https://graph.microsoft.com/v1.0/me/mailFolders/junkemail/messages?%24top=15&%24select=subject%2CbodyPreview%2CreceivedDateTime%2Cfrom&%24orderby=receivedDateTime+desc "HTTP/1.1 200 OK"
INFO:MSGraphEmailService:[Graph] Lay OTP MOI thanh cong: 083564 (mail luc 2026-08-28T08:08:23+00:00).
INFO:PlaywrightAdapter:[+] Da gan file avatar bang native chooser an.
INFO:PlaywrightAdapter:[+] Tim thay nut xac nhan hop le: 'button:has-text("Apply")'
WARNING:PlaywrightAdapter:[-] Click gia lap that bai o lan thu 1: Locator.click: Element is not visible
Call log:
  - waiting for locator("button:has-text(\"Apply\")").first
    - locator resolved to <button type="button" class="ef1kawg9 css-s03j95-7937d88b--Button-7937d88b--StyledBtn ebef5j00">Apply</button>
  - attempting click action
    - scrolling into view if needed
. Dang thu Dispatch Event...
INFO:PlaywrightAdapter:[+] Da nhan Apply thanh cong o lan thu 1 bang Dispatch Event.
INFO:httpx:HTTP Request: POST https://login.microsoftonline.com/consumers/oauth2/v2.0/token "HTTP/1.1 400 Bad Request"
INFO:httpx:HTTP Request: POST https://login.microsoftonline.com/consumers/oauth2/v2.0/token "HTTP/1.1 200 OK"
INFO:EmailServiceFactory:[Email] Da luu refresh_token MOI cho meilinkalaysha8225@hotmail.com (Microsoft xoay token).
INFO:MSGraphEmailService:[Graph] Lay access_token OK cho meilinkalaysha8225@hotmail.com (scope='https://graph.microsoft.com/.default').
INFO:httpx:HTTP Request: GET https://graph.microsoft.com/v1.0/me/mailFolders/inbox/messages?%24top=15&%24select=subject%2CbodyPreview%2CreceivedDateTime%2Cfrom&%24orderby=receivedDateTime+desc "HTTP/1.1 200 OK"
INFO:httpx:HTTP Request: GET https://graph.microsoft.com/v1.0/me/mailFolders/junkemail/messages?%24top=15&%24select=subject%2CbodyPreview%2CreceivedDateTime%2Cfrom&%24orderby=receivedDateTime+desc "HTTP/1.1 200 OK"
INFO:MSGraphEmailService:[Graph] Lay OTP MOI thanh cong: 811252 (mail luc 2026-08-28T08:08:45+00:00).
INFO:PlaywrightAdapter:[+] Cap nhat avatar vao form thanh cong.
INFO:PlaywrightAdapter:[Username] web='frea31st44_scau' | db='frea31st44_scau'
INFO:PlaywrightAdapter:[*] Dang doi trang chu TikTok on dinh phien dang nhap...
INFO:PlaywrightAdapter:[+] Xac minh THANH CONG sau 2 giay (Phat hien nav-profile/upload/messages).
INFO:TikTokUpdateProfileUseCase:[+] [Defensive Save] \u0110ã sao l\u01b0u phòng th\u1ee7 Cookies thành công cho co83_prow
INFO:TikTokUpdateProfileUseCase:[+] \u0110ã ch\u1ecdn Bio ng\u1eabu nhiên: 'Iron lifter | \U0001f5a4 Catching feelings | Follow the journey.'
INFO:PlaywrightAdapter:[*] Dang doi trang chu TikTok on dinh phien dang nhap...
INFO:PlaywrightAdapter:[+] Da nhan Save thanh cong bang dispatch_event.
INFO:PlaywrightAdapter:[+] Xac minh THANH CONG sau 2 giay (Phat hien nav-profile/upload/messages).
INFO:TikTokUpdateProfileUseCase:[+] [Defensive Save] \u0110ã sao l\u01b0u phòng th\u1ee7 Cookies thành công cho spu2_ca64
INFO:TikTokUpdateProfileUseCase:[+] \u0110ã ch\u1ecdn Bio ng\u1eabu nhiên: 'Next flight out | \U0001f377 Sip & smile | Stay a while.'
INFO:PlaywrightAdapter:[+] Da gan file avatar bang native chooser an.
INFO:PlaywrightAdapter:[+] Da dong phien trinh duyet va giai phong tai nguyen.
INFO:PlaywrightAdapter:[*] Dang don dep ho so tam thoi: C:\Users\Admin\AppData\Local\Temp\tiktok_auto_profiles\temp_afb7408c-2452-4a23-b4cb-ac34d7698b05
INFO:PlaywrightAdapter:[+] Tim thay nut xac nhan hop le: 'button:has-text("Apply")'
INFO:TaskDispatcher:[+] Phân b\u1ed5 \u1ea3nh \u0111\u1ea1i di\u1ec7n: images.jpg cho lu\u1ed3ng s\u1ed1 66
INFO:TaskDispatcher:[*] Kh\u1edfi ch\u1ea1y trình duy\u1ec7t cho tài kho\u1ea3n: ruperto5602051991@hotmail.com | Tác v\u1ee5: UPDATE_PROFILE
INFO:PlaywrightAdapter:[*] Da tao profile moi va gan 1 extension: omocaptcha@gmail.com@1.7.7
WARNING:PlaywrightAdapter:[-] Click gia lap that bai o lan thu 1: Locator.click: Element is not visible
Call log:
  - waiting for locator("button:has-text(\"Apply\")").first
    - locator resolved to <button type="button" class="ef1kawg9 css-s03j95-7937d88b--Button-7937d88b--StyledBtn ebef5j00">Apply</button>
  - attempting click action
    - scrolling into view if needed
. Dang thu Dispatch Event...
INFO:PlaywrightAdapter:[+] Da nhan Apply thanh cong o lan thu 1 bang Dispatch Event.
INFO:PlaywrightAdapter:[+] Da gan file avatar bang native chooser an.
INFO:PlaywrightAdapter:[+] Cap nhat avatar vao form thanh cong.
INFO:PlaywrightAdapter:[Username] web='co83_prow' | db='co83_prow'
INFO:httpx:HTTP Request: POST https://login.microsoftonline.com/consumers/oauth2/v2.0/token "HTTP/1.1 400 Bad Request"
INFO:httpx:HTTP Request: POST https://login.microsoftonline.com/consumers/oauth2/v2.0/token "HTTP/1.1 200 OK"
INFO:EmailServiceFactory:[Email] Da luu refresh_token MOI cho dreytondenelle6493@hotmail.com (Microsoft xoay token).
INFO:MSGraphEmailService:[Graph] Lay access_token OK cho dreytondenelle6493@hotmail.com (scope='https://graph.microsoft.com/.default').
INFO:httpx:HTTP Request: GET https://graph.microsoft.com/v1.0/me/mailFolders/inbox/messages?%24top=15&%24select=subject%2CbodyPreview%2CreceivedDateTime%2Cfrom&%24orderby=receivedDateTime+desc "HTTP/1.1 200 OK"
INFO:httpx:HTTP Request: GET https://graph.microsoft.com/v1.0/me/mailFolders/junkemail/messages?%24top=15&%24select=subject%2CbodyPreview%2CreceivedDateTime%2Cfrom&%24orderby=receivedDateTime+desc "HTTP/1.1 200 OK"
INFO:MSGraphEmailService:[Graph] Lay OTP MOI thanh cong: 494445 (mail luc 2026-08-28T08:09:10+00:00).
INFO:PlaywrightAdapter:[+] Tim thay nut xac nhan hop le: 'button:has-text("Apply")'
INFO:PlaywrightAdapter:[LAUNCH] OK sau 21.2s (lan 1/2).
INFO:PlaywrightAdapter:[HWND] Detected token-owned window HWND=985464 for this session.
INFO:PlaywrightAdapter:[WINDOW] HWND=985464 dang CLOAK/OFF-SCREEN.
WARNING:PlaywrightAdapter:[-] Click gia lap that bai o lan thu 1: Locator.click: Element is not visible
Call log:
  - waiting for locator("button:has-text(\"Apply\")").first
    - locator resolved to <button type="button" class="ef1kawg9 css-s03j95-7937d88b--Button-7937d88b--StyledBtn ebef5j00">Apply</button>
  - attempting click action
    - scrolling into view if needed
. Dang thu Dispatch Event...
INFO:PlaywrightAdapter:[+] Da nhan Apply thanh cong o lan thu 1 bang Dispatch Event.
INFO:PlaywrightAdapter:[EXTENSION] Active: omocaptcha@gmail.com@1.7.7 (signed/configuration verified).
INFO:PlaywrightAdapter:[HWND] Stream recovered token-owned HWND=2756816.
INFO:PlaywrightAdapter:[*] Khoi tao tab moi sach.
INFO:PlaywrightAdapter:[+] Khoi tao browser session (headed-cloaked). Seed: 1705834646 | Proxy: Direct NET
INFO:PlaywrightAdapter:[*] Dieu huong toi https://www.tiktok.com/foryou?lang=en (lan 1, wait=commit)...
INFO:PlaywrightAdapter:[+] Da nhan Save thanh cong bang dispatch_event.
INFO:PlaywrightAdapter:[+] Cap nhat avatar vao form thanh cong.
INFO:PlaywrightAdapter:[Username] web='spu2_ca64' | db='spu2_ca64'
INFO:PlaywrightAdapter:[+] Da dong phien trinh duyet va giai phong tai nguyen.
INFO:PlaywrightAdapter:[*] Dang don dep ho so tam thoi: C:\Users\Admin\AppData\Local\Temp\tiktok_auto_profiles\temp_20fac91d-76e7-4fd9-8eae-e3582c2fb0a1
INFO:TaskDispatcher:[+] Phân b\u1ed5 \u1ea3nh \u0111\u1ea1i di\u1ec7n: j0d5hv4horhr.jpg cho lu\u1ed3ng s\u1ed1 67
INFO:TaskDispatcher:[*] Kh\u1edfi ch\u1ea1y trình duy\u1ec7t cho tài kho\u1ea3n: deandrecaila832@hotmail.com | Tác v\u1ee5: UPDATE_PROFILE
INFO:PlaywrightAdapter:[*] Da tao profile moi va gan 1 extension: omocaptcha@gmail.com@1.7.7
INFO:PlaywrightAdapter:[+] Da nhan Save thanh cong bang dispatch_event.
INFO:PlaywrightAdapter:[*] Dang doi trang chu TikTok on dinh phien dang nhap...
INFO:PlaywrightAdapter:[+] Xac minh THANH CONG sau 1 giay (Phat hien nav-profile/upload/messages).
INFO:TikTokUpdateProfileUseCase:[+] [Defensive Save] \u0110ã sao l\u01b0u phòng th\u1ee7 Cookies thành công cho swe_jew1ko47
INFO:TikTokUpdateProfileUseCase:[+] \u0110ã ch\u1ecdn Bio ng\u1eabu nhiên: 'Endorphin chaser | \u2615 Fueled by caffeine | Enjoy the ride.'
WARNING:WebSocketManager:L\u1ed7i g\u1eedi WebSocket, \u0111ang d\u1ecdn d\u1eb9p k\u1ebft n\u1ed1i l\u1ed7i: 
INFO:WebSocketManager:[-] M\u1ed9t k\u1ebft n\u1ed1i WebSocket \u0111ã \u0111óng. T\u1ed5ng k\u1ebft n\u1ed1i: 0
INFO:PlaywrightAdapter:[LAUNCH] OK sau 24.0s (lan 1/2).
INFO:PlaywrightAdapter:[+] Da dong phien trinh duyet va giai phong tai nguyen.
INFO:PlaywrightAdapter:[*] Dang don dep ho so tam thoi: C:\Users\Admin\AppData\Local\Temp\tiktok_auto_profiles\temp_0edd365d-0c5d-44cf-89a7-57c24efc4e16
INFO:PlaywrightAdapter:[HWND] Detected token-owned window HWND=26480064 for this session.
INFO:PlaywrightAdapter:[WINDOW] HWND=26480064 dang CLOAK/OFF-SCREEN.
INFO:PlaywrightAdapter:[EXTENSION] Active: omocaptcha@gmail.com@1.7.7 (signed/configuration verified).
INFO:PlaywrightAdapter:[HWND] Stream recovered token-owned HWND=6688576.
INFO:PlaywrightAdapter:[*] Khoi tao tab moi sach.
INFO:PlaywrightAdapter:[+] Khoi tao browser session (headed-cloaked). Seed: 534767866 | Proxy: Direct NET
INFO:PlaywrightAdapter:[*] Dieu huong toi https://www.tiktok.com/foryou?lang=en (lan 1, wait=commit)...
INFO:TaskDispatcher:[+] Phân b\u1ed5 \u1ea3nh \u0111\u1ea1i di\u1ec7n: ju9dqqok0ev6.jpg cho lu\u1ed3ng s\u1ed1 68
INFO:TaskDispatcher:[*] Kh\u1edfi ch\u1ea1y trình duy\u1ec7t cho tài kho\u1ea3n: justisfelix526@hotmail.com | Tác v\u1ee5: UPDATE_PROFILE
INFO:PlaywrightAdapter:[*] Da tao profile moi va gan 1 extension: omocaptcha@gmail.com@1.7.7
INFO:PlaywrightAdapter:[+] Da gan file avatar bang native chooser an.
INFO:PlaywrightAdapter:[+] Tim thay nut xac nhan hop le: 'button:has-text("Apply")'
INFO:PlaywrightAdapter:[LAUNCH] OK sau 19.9s (lan 1/2).
INFO:PlaywrightAdapter:[HWND] Detected token-owned window HWND=29035890 for this session.
INFO:PlaywrightAdapter:[WINDOW] HWND=29035890 dang CLOAK/OFF-SCREEN.
INFO:PlaywrightAdapter:[EXTENSION] Active: omocaptcha@gmail.com@1.7.7 (signed/configuration verified).
INFO:PlaywrightAdapter:[*] Khoi tao tab moi sach.
INFO:PlaywrightAdapter:[+] Khoi tao browser session (headed-cloaked). Seed: 2058450568 | Proxy: Direct NET
INFO:PlaywrightAdapter:[*] Dieu huong toi https://www.tiktok.com/foryou?lang=en (lan 1, wait=commit)...
WARNING:PlaywrightAdapter:[-] Click gia lap that bai o lan thu 1: Locator.click: Element is not visible
Call log:
  - waiting for locator("button:has-text(\"Apply\")").first
    - locator resolved to <button type="button" class="ef1kawg9 css-s03j95-7937d88b--Button-7937d88b--StyledBtn ebef5j00">Apply</button>
  - attempting click action
    - scrolling into view if needed
. Dang thu Dispatch Event...
INFO:PlaywrightAdapter:[+] Da nhan Apply thanh cong o lan thu 1 bang Dispatch Event.
INFO:PlaywrightAdapter:[HWND] Stream recovered token-owned HWND=13963322.
INFO:PlaywrightAdapter:[+] Cap nhat avatar vao form thanh cong.
INFO:PlaywrightAdapter:[Username] web='swe_jew1ko47' | db='swe_jew1ko47'
INFO:httpx:HTTP Request: POST https://login.microsoftonline.com/consumers/oauth2/v2.0/token "HTTP/1.1 400 Bad Request"
INFO:httpx:HTTP Request: POST https://login.microsoftonline.com/consumers/oauth2/v2.0/token "HTTP/1.1 200 OK"
INFO:EmailServiceFactory:[Email] Da luu refresh_token MOI cho ruperto5602051991@hotmail.com (Microsoft xoay token).
INFO:MSGraphEmailService:[Graph] Lay access_token OK cho ruperto5602051991@hotmail.com (scope='https://graph.microsoft.com/.default').
INFO:httpx:HTTP Request: GET https://graph.microsoft.com/v1.0/me/mailFolders/inbox/messages?%24top=15&%24select=subject%2CbodyPreview%2CreceivedDateTime%2Cfrom&%24orderby=receivedDateTime+desc "HTTP/1.1 200 OK"
INFO:httpx:HTTP Request: GET https://graph.microsoft.com/v1.0/me/mailFolders/junkemail/messages?%24top=15&%24select=subject%2CbodyPreview%2CreceivedDateTime%2Cfrom&%24orderby=receivedDateTime+desc "HTTP/1.1 200 OK"
INFO:MSGraphEmailService:[Graph] Lay OTP MOI thanh cong: 153977 (mail luc 2026-08-28T08:10:35+00:00).
INFO:PlaywrightAdapter:[+] Da nhan Save thanh cong bang dispatch_event.
INFO:PlaywrightAdapter:[+] Da dong phien trinh duyet va giai phong tai nguyen.
INFO:PlaywrightAdapter:[*] Dang don dep ho so tam thoi: C:\Users\Admin\AppData\Local\Temp\tiktok_auto_profiles\temp_1f6a6a96-d56a-4aeb-9490-c7f5a7c90af3
INFO:PlaywrightAdapter:[*] Dang doi trang chu TikTok on dinh phien dang nhap...
INFO:TaskDispatcher:[+] Phân b\u1ed5 \u1ea3nh \u0111\u1ea1i di\u1ec7n: kgagln0xynr8.jpg cho lu\u1ed3ng s\u1ed1 69
INFO:TaskDispatcher:[*] Kh\u1edfi ch\u1ea1y trình duy\u1ec7t cho tài kho\u1ea3n: elasiaadan7205@hotmail.com | Tác v\u1ee5: UPDATE_PROFILE
INFO:PlaywrightAdapter:[*] Da tao profile moi va gan 1 extension: omocaptcha@gmail.com@1.7.7
INFO:PlaywrightAdapter:[+] Xac minh THANH CONG sau 1 giay (Phat hien nav-profile/upload/messages).
INFO:TikTokUpdateProfileUseCase:[+] [Defensive Save] \u0110ã sao l\u01b0u phòng th\u1ee7 Cookies thành công cho dr_tr0vest5
INFO:TikTokUpdateProfileUseCase:[+] \u0110ã ch\u1ecdn Bio ng\u1eabu nhiên: 'Unprofessionally professional | \u2728 Creating magic | Creating daily.'
INFO:PlaywrightAdapter:[LAUNCH] OK sau 15.8s (lan 1/2).
INFO:PlaywrightAdapter:[HWND] Detected token-owned window HWND=19205832 for this session.
INFO:PlaywrightAdapter:[WINDOW] HWND=19205832 dang CLOAK/OFF-SCREEN.
INFO:PlaywrightAdapter:[EXTENSION] Active: omocaptcha@gmail.com@1.7.7 (signed/configuration verified).
INFO:PlaywrightAdapter:[*] Khoi tao tab moi sach.
INFO:PlaywrightAdapter:[+] Khoi tao browser session (headed-cloaked). Seed: 1050477541 | Proxy: Direct NET
INFO:PlaywrightAdapter:[*] Dieu huong toi https://www.tiktok.com/foryou?lang=en (lan 1, wait=commit)...
INFO:PlaywrightAdapter:[HWND] Stream recovered token-owned HWND=922032.
INFO:httpx:HTTP Request: POST https://login.microsoftonline.com/consumers/oauth2/v2.0/token "HTTP/1.1 400 Bad Request"
INFO:httpx:HTTP Request: POST https://login.microsoftonline.com/consumers/oauth2/v2.0/token "HTTP/1.1 200 OK"
INFO:EmailServiceFactory:[Email] Da luu refresh_token MOI cho deandrecaila832@hotmail.com (Microsoft xoay token).
INFO:MSGraphEmailService:[Graph] Lay access_token OK cho deandrecaila832@hotmail.com (scope='https://graph.microsoft.com/.default').
INFO:httpx:HTTP Request: GET https://graph.microsoft.com/v1.0/me/mailFolders/inbox/messages?%24top=15&%24select=subject%2CbodyPreview%2CreceivedDateTime%2Cfrom&%24orderby=receivedDateTime+desc "HTTP/1.1 200 OK"
INFO:httpx:HTTP Request: GET https://graph.microsoft.com/v1.0/me/mailFolders/junkemail/messages?%24top=15&%24select=subject%2CbodyPreview%2CreceivedDateTime%2Cfrom&%24orderby=receivedDateTime+desc "HTTP/1.1 200 OK"
INFO:MSGraphEmailService:[Graph] Lay OTP MOI thanh cong: 346061 (mail luc 2026-08-28T08:11:08+00:00).
INFO:PlaywrightAdapter:[+] Da gan file avatar bang native chooser an.
INFO:PlaywrightAdapter:[+] Tim thay nut xac nhan hop le: 'button:has-text("Apply")'
WARNING:PlaywrightAdapter:[-] Click gia lap that bai o lan thu 1: Locator.click: Element is not visible
Call log:
  - waiting for locator("button:has-text(\"Apply\")").first
    - locator resolved to <button type="button" class="ef1kawg9 css-s03j95-7937d88b--Button-7937d88b--StyledBtn ebef5j00">Apply</button>
  - attempting click action
    - scrolling into view if needed
. Dang thu Dispatch Event...
INFO:PlaywrightAdapter:[+] Da nhan Apply thanh cong o lan thu 1 bang Dispatch Event.
INFO:httpx:HTTP Request: POST https://login.microsoftonline.com/consumers/oauth2/v2.0/token "HTTP/1.1 400 Bad Request"
INFO:httpx:HTTP Request: POST https://login.microsoftonline.com/consumers/oauth2/v2.0/token "HTTP/1.1 200 OK"
INFO:EmailServiceFactory:[Email] Da luu refresh_token MOI cho justisfelix526@hotmail.com (Microsoft xoay token).
INFO:MSGraphEmailService:[Graph] Lay access_token OK cho justisfelix526@hotmail.com (scope='https://graph.microsoft.com/.default').
INFO:httpx:HTTP Request: GET https://graph.microsoft.com/v1.0/me/mailFolders/inbox/messages?%24top=15&%24select=subject%2CbodyPreview%2CreceivedDateTime%2Cfrom&%24orderby=receivedDateTime+desc "HTTP/1.1 200 OK"
INFO:httpx:HTTP Request: GET https://graph.microsoft.com/v1.0/me/mailFolders/junkemail/messages?%24top=15&%24select=subject%2CbodyPreview%2CreceivedDateTime%2Cfrom&%24orderby=receivedDateTime+desc "HTTP/1.1 200 OK"
INFO:MSGraphEmailService:[Graph] Lay OTP MOI thanh cong: 587414 (mail luc 2026-08-28T08:11:28+00:00).
INFO:PlaywrightAdapter:[+] Cap nhat avatar vao form thanh cong.
INFO:PlaywrightAdapter:[Username] web='dr_tr0vest5' | db='dr_tr0vest5'
INFO:PlaywrightAdapter:[*] Dang doi trang chu TikTok on dinh phien dang nhap...
INFO:PlaywrightAdapter:[+] Xac minh THANH CONG sau 2 giay (Phat hien nav-profile/upload/messages).
INFO:TikTokUpdateProfileUseCase:[+] [Defensive Save] \u0110ã sao l\u01b0u phòng th\u1ee7 Cookies thành công cho ca2_maun36rue1
INFO:TikTokUpdateProfileUseCase:[+] \u0110ã ch\u1ecdn Bio ng\u1eabu nhiên: '\u2728 ethereal \u2728 | \U0001f5a4 Catching feelings | Making history.'
INFO:PlaywrightAdapter:[*] Dang doi trang chu TikTok on dinh phien dang nhap...
INFO:PlaywrightAdapter:[+] Da nhan Save thanh cong bang dispatch_event.
INFO:PlaywrightAdapter:[+] Xac minh THANH CONG sau 2 giay (Phat hien nav-profile/upload/messages).
INFO:TikTokUpdateProfileUseCase:[+] [Defensive Save] \u0110ã sao l\u01b0u phòng th\u1ee7 Cookies thành công cho fl_th9slu1
INFO:TikTokUpdateProfileUseCase:[+] \u0110ã ch\u1ecdn Bio ng\u1eabu nhiên: 'Quiet luxury | \U0001f3a7 Lo-fi beats | Join the community.'
INFO:PlaywrightAdapter:[+] Da gan file avatar bang native chooser an.
INFO:PlaywrightAdapter:[+] Da dong phien trinh duyet va giai phong tai nguyen.
INFO:PlaywrightAdapter:[*] Dang don dep ho so tam thoi: C:\Users\Admin\AppData\Local\Temp\tiktok_auto_profiles\temp_2620c457-f9ed-4f29-958d-fb75f89e2846
INFO:TaskDispatcher:[+] Phân b\u1ed5 \u1ea3nh \u0111\u1ea1i di\u1ec7n: ku4n09ur028r.jpg cho lu\u1ed3ng s\u1ed1 70
INFO:TaskDispatcher:[*] Kh\u1edfi ch\u1ea1y trình duy\u1ec7t cho tài kho\u1ea3n: kingstynfancy9490@hotmail.com | Tác v\u1ee5: UPDATE_PROFILE
INFO:PlaywrightAdapter:[*] Da tao profile moi va gan 1 extension: omocaptcha@gmail.com@1.7.7
INFO:PlaywrightAdapter:[+] Tim thay nut xac nhan hop le: 'button:has-text("Apply")'
WARNING:PlaywrightAdapter:[-] Click gia lap that bai o lan thu 1: Locator.click: Element is not visible
Call log:
  - waiting for locator("button:has-text(\"Apply\")").first
    - locator resolved to <button type="button" class="ef1kawg9 css-s03j95-7937d88b--Button-7937d88b--StyledBtn ebef5j00">Apply</button>
  - attempting click action
    - scrolling into view if needed
. Dang thu Dispatch Event...
INFO:PlaywrightAdapter:[+] Da nhan Apply thanh cong o lan thu 1 bang Dispatch Event.
INFO:PlaywrightAdapter:[+] Cap nhat avatar vao form thanh cong.
INFO:PlaywrightAdapter:[Username] web='ca2_maun36rue1' | db='ca2_maun36rue1'
INFO:PlaywrightAdapter:[+] Da gan file avatar bang native chooser an.
INFO:PlaywrightAdapter:[LAUNCH] OK sau 15.5s (lan 1/2).
INFO:PlaywrightAdapter:[HWND] Detected token-owned window HWND=397620 for this session.
INFO:PlaywrightAdapter:[WINDOW] HWND=397620 dang CLOAK/OFF-SCREEN.
INFO:PlaywrightAdapter:[+] Tim thay nut xac nhan hop le: 'button:has-text("Apply")'
INFO:PlaywrightAdapter:[EXTENSION] Active: omocaptcha@gmail.com@1.7.7 (signed/configuration verified).
INFO:PlaywrightAdapter:[HWND] Stream recovered token-owned HWND=34344180.
INFO:PlaywrightAdapter:[*] Khoi tao tab moi sach.
INFO:PlaywrightAdapter:[+] Khoi tao browser session (headed-cloaked). Seed: 451127145 | Proxy: Direct NET
INFO:PlaywrightAdapter:[*] Dieu huong toi https://www.tiktok.com/foryou?lang=en (lan 1, wait=commit)...
WARNING:PlaywrightAdapter:[-] Click gia lap that bai o lan thu 1: Locator.click: Element is not visible
Call log:
  - waiting for locator("button:has-text(\"Apply\")").first
    - locator resolved to <button type="button" class="ef1kawg9 css-s03j95-7937d88b--Button-7937d88b--StyledBtn ebef5j00">Apply</button>
  - attempting click action
    - scrolling into view if needed
. Dang thu Dispatch Event...
INFO:PlaywrightAdapter:[+] Da nhan Apply thanh cong o lan thu 1 bang Dispatch Event.
INFO:PlaywrightAdapter:[+] Da nhan Save thanh cong bang dispatch_event.
INFO:httpx:HTTP Request: POST https://login.microsoftonline.com/consumers/oauth2/v2.0/token "HTTP/1.1 400 Bad Request"
INFO:httpx:HTTP Request: POST https://login.microsoftonline.com/consumers/oauth2/v2.0/token "HTTP/1.1 200 OK"
INFO:EmailServiceFactory:[Email] Da luu refresh_token MOI cho elasiaadan7205@hotmail.com (Microsoft xoay token).
INFO:MSGraphEmailService:[Graph] Lay access_token OK cho elasiaadan7205@hotmail.com (scope='https://graph.microsoft.com/.default').
INFO:httpx:HTTP Request: GET https://graph.microsoft.com/v1.0/me/mailFolders/inbox/messages?%24top=15&%24select=subject%2CbodyPreview%2CreceivedDateTime%2Cfrom&%24orderby=receivedDateTime+desc "HTTP/1.1 200 OK"
INFO:httpx:HTTP Request: GET https://graph.microsoft.com/v1.0/me/mailFolders/junkemail/messages?%24top=15&%24select=subject%2CbodyPreview%2CreceivedDateTime%2Cfrom&%24orderby=receivedDateTime+desc "HTTP/1.1 200 OK"
INFO:MSGraphEmailService:[Graph] Lay OTP MOI thanh cong: 005329 (mail luc 2026-08-28T08:12:01+00:00).
INFO:PlaywrightAdapter:[+] Cap nhat avatar vao form thanh cong.
INFO:PlaywrightAdapter:[Username] web='fl_th9slu1' | db='fl_th9slu1'
INFO:PlaywrightAdapter:[+] Da dong phien trinh duyet va giai phong tai nguyen.
INFO:PlaywrightAdapter:[*] Dang don dep ho so tam thoi: C:\Users\Admin\AppData\Local\Temp\tiktok_auto_profiles\temp_4b771fb4-ea2f-45ff-b2b7-dcab75efb71e
INFO:TaskDispatcher:[+] Phân b\u1ed5 \u1ea3nh \u0111\u1ea1i di\u1ec7n: lijoc81kk0n0.jpg cho lu\u1ed3ng s\u1ed1 71
INFO:TaskDispatcher:[*] Kh\u1edfi ch\u1ea1y trình duy\u1ec7t cho tài kho\u1ea3n: tekiafiras09071991@hotmail.com | Tác v\u1ee5: UPDATE_PROFILE
INFO:PlaywrightAdapter:[*] Da tao profile moi va gan 1 extension: omocaptcha@gmail.com@1.7.7
INFO:PlaywrightAdapter:[+] Da nhan Save thanh cong bang dispatch_event.
INFO:PlaywrightAdapter:[*] Dang doi trang chu TikTok on dinh phien dang nhap...
INFO:PlaywrightAdapter:[LAUNCH] OK sau 23.7s (lan 1/2).
INFO:PlaywrightAdapter:[+] Da dong phien trinh duyet va giai phong tai nguyen.
INFO:PlaywrightAdapter:[*] Dang don dep ho so tam thoi: C:\Users\Admin\AppData\Local\Temp\tiktok_auto_profiles\temp_112d0aa5-8f51-46d3-8706-efd44f980220
INFO:PlaywrightAdapter:[HWND] Detected token-owned window HWND=1708218 for this session.
INFO:PlaywrightAdapter:[WINDOW] HWND=1708218 dang CLOAK/OFF-SCREEN.
INFO:PlaywrightAdapter:[+] Xac minh THANH CONG sau 2 giay (Phat hien nav-profile/upload/messages).
INFO:TikTokUpdateProfileUseCase:[+] [Defensive Save] \u0110ã sao l\u01b0u phòng th\u1ee7 Cookies thành công cho st92_flal5gri2
INFO:TikTokUpdateProfileUseCase:[+] \u0110ã ch\u1ecdn Bio ng\u1eabu nhiên: 'Seasoned with sarcasm | \U0001f525 Unstoppable | Link below \U0001f447'
INFO:PlaywrightAdapter:[EXTENSION] Active: omocaptcha@gmail.com@1.7.7 (signed/configuration verified).
INFO:PlaywrightAdapter:[HWND] Stream recovered token-owned HWND=856354.
INFO:PlaywrightAdapter:[*] Khoi tao tab moi sach.
INFO:PlaywrightAdapter:[+] Khoi tao browser session (headed-cloaked). Seed: 724043405 | Proxy: Direct NET
INFO:PlaywrightAdapter:[*] Dieu huong toi https://www.tiktok.com/foryou?lang=en (lan 1, wait=commit)...
INFO:TaskDispatcher:[+] Phân b\u1ed5 \u1ea3nh \u0111\u1ea1i di\u1ec7n: miasnyukr3n8.jpg cho lu\u1ed3ng s\u1ed1 72
INFO:TaskDispatcher:[*] Kh\u1edfi ch\u1ea1y trình duy\u1ec7t cho tài kho\u1ea3n: elkin3311121994@hotmail.com | Tác v\u1ee5: UPDATE_PROFILE
INFO:PlaywrightAdapter:[*] Da tao profile moi va gan 1 extension: omocaptcha@gmail.com@1.7.7
INFO:PlaywrightAdapter:[LAUNCH] OK sau 25.9s (lan 1/2).
INFO:PlaywrightAdapter:[HWND] Detected token-owned window HWND=19402440 for this session.
INFO:PlaywrightAdapter:[WINDOW] HWND=19402440 dang CLOAK/OFF-SCREEN.
INFO:PlaywrightAdapter:[EXTENSION] Active: omocaptcha@gmail.com@1.7.7 (signed/configuration verified).
INFO:PlaywrightAdapter:[HWND] Stream recovered token-owned HWND=54857216.
INFO:PlaywrightAdapter:[*] Khoi tao tab moi sach.
INFO:PlaywrightAdapter:[+] Khoi tao browser session (headed-cloaked). Seed: 870207555 | Proxy: Direct NET
INFO:PlaywrightAdapter:[*] Dieu huong toi https://www.tiktok.com/foryou?lang=en (lan 1, wait=commit)...
INFO:PlaywrightAdapter:[+] Da gan file avatar bang native chooser an.
INFO:PlaywrightAdapter:[+] Tim thay nut xac nhan hop le: 'button:has-text("Apply")'
WARNING:PlaywrightAdapter:[-] Click gia lap that bai o lan thu 1: Locator.click: Element is not visible
Call log:
  - waiting for locator("button:has-text(\"Apply\")").first
    - locator resolved to <button type="button" class="ef1kawg9 css-s03j95-7937d88b--Button-7937d88b--StyledBtn ebef5j00">Apply</button>
  - attempting click action
    - scrolling into view if needed
. Dang thu Dispatch Event...
INFO:PlaywrightAdapter:[+] Da nhan Apply thanh cong o lan thu 1 bang Dispatch Event.
INFO:httpx:HTTP Request: POST https://login.microsoftonline.com/consumers/oauth2/v2.0/token "HTTP/1.1 400 Bad Request"
INFO:httpx:HTTP Request: POST https://login.microsoftonline.com/consumers/oauth2/v2.0/token "HTTP/1.1 200 OK"
INFO:EmailServiceFactory:[Email] Da luu refresh_token MOI cho kingstynfancy9490@hotmail.com (Microsoft xoay token).
INFO:MSGraphEmailService:[Graph] Lay access_token OK cho kingstynfancy9490@hotmail.com (scope='https://graph.microsoft.com/.default').
INFO:httpx:HTTP Request: GET https://graph.microsoft.com/v1.0/me/mailFolders/inbox/messages?%24top=15&%24select=subject%2CbodyPreview%2CreceivedDateTime%2Cfrom&%24orderby=receivedDateTime+desc "HTTP/1.1 200 OK"
INFO:httpx:HTTP Request: GET https://graph.microsoft.com/v1.0/me/mailFolders/junkemail/messages?%24top=15&%24select=subject%2CbodyPreview%2CreceivedDateTime%2Cfrom&%24orderby=receivedDateTime+desc "HTTP/1.1 200 OK"
INFO:MSGraphEmailService:[Graph] Lay OTP MOI thanh cong: 465135 (mail luc 2026-08-28T08:13:22+00:00).
INFO:PlaywrightAdapter:[+] Cap nhat avatar vao form thanh cong.
INFO:PlaywrightAdapter:[Username] web='st92_flal5gri2' | db='st92_flal5gri2'
INFO:PlaywrightAdapter:[+] Da nhan Save thanh cong bang dispatch_event.
INFO:PlaywrightAdapter:[*] Dang doi trang chu TikTok on dinh phien dang nhap...
INFO:PlaywrightAdapter:[+] Xac minh THANH CONG sau 1 giay (Phat hien nav-profile/upload/messages).
INFO:TikTokUpdateProfileUseCase:[+] [Defensive Save] \u0110ã sao l\u01b0u phòng th\u1ee7 Cookies thành công cho ji18_vai
INFO:TikTokUpdateProfileUseCase:[+] \u0110ã ch\u1ecdn Bio ng\u1eabu nhiên: 'Full stack life | Living out loud | Enjoy the ride.'
INFO:PlaywrightAdapter:[+] Da dong phien trinh duyet va giai phong tai nguyen.
INFO:PlaywrightAdapter:[*] Dang don dep ho so tam thoi: C:\Users\Admin\AppData\Local\Temp\tiktok_auto_profiles\temp_2863154b-df39-4074-8a41-ae2abb39c319
INFO:TaskDispatcher:[+] Phân b\u1ed5 \u1ea3nh \u0111\u1ea1i di\u1ec7n: npoy7v3h5s6w.jpg cho lu\u1ed3ng s\u1ed1 73
INFO:TaskDispatcher:[*] Kh\u1edfi ch\u1ea1y trình duy\u1ec7t cho tài kho\u1ea3n: yorley8806031996@hotmail.com | Tác v\u1ee5: UPDATE_PROFILE
INFO:PlaywrightAdapter:[*] Da tao profile moi va gan 1 extension: omocaptcha@gmail.com@1.7.7
INFO:httpx:HTTP Request: POST https://login.microsoftonline.com/consumers/oauth2/v2.0/token "HTTP/1.1 400 Bad Request"
INFO:httpx:HTTP Request: POST https://login.microsoftonline.com/consumers/oauth2/v2.0/token "HTTP/1.1 200 OK"
INFO:EmailServiceFactory:[Email] Da luu refresh_token MOI cho tekiafiras09071991@hotmail.com (Microsoft xoay token).
INFO:MSGraphEmailService:[Graph] Lay access_token OK cho tekiafiras09071991@hotmail.com (scope='https://graph.microsoft.com/.default').
INFO:httpx:HTTP Request: GET https://graph.microsoft.com/v1.0/me/mailFolders/inbox/messages?%24top=15&%24select=subject%2CbodyPreview%2CreceivedDateTime%2Cfrom&%24orderby=receivedDateTime+desc "HTTP/1.1 200 OK"
INFO:httpx:HTTP Request: GET https://graph.microsoft.com/v1.0/me/mailFolders/junkemail/messages?%24top=15&%24select=subject%2CbodyPreview%2CreceivedDateTime%2Cfrom&%24orderby=receivedDateTime+desc "HTTP/1.1 200 OK"
INFO:MSGraphEmailService:[Graph] Chua thay ma moi cho tekiafiras09071991@hotmail.com (lan 1/15) - doi mail...
INFO:PlaywrightAdapter:[LAUNCH] OK sau 24.2s (lan 1/2).
INFO:PlaywrightAdapter:[HWND] Detected token-owned window HWND=17305504 for this session.
INFO:PlaywrightAdapter:[WINDOW] HWND=17305504 dang CLOAK/OFF-SCREEN.
INFO:PlaywrightAdapter:[EXTENSION] Active: omocaptcha@gmail.com@1.7.7 (signed/configuration verified).
INFO:PlaywrightAdapter:[HWND] Stream recovered token-owned HWND=73469304.
INFO:PlaywrightAdapter:[*] Khoi tao tab moi sach.
INFO:PlaywrightAdapter:[+] Khoi tao browser session (headed-cloaked). Seed: 2074127131 | Proxy: Direct NET
INFO:PlaywrightAdapter:[*] Dieu huong toi https://www.tiktok.com/foryou?lang=en (lan 1, wait=commit)...
INFO:httpx:HTTP Request: GET https://graph.microsoft.com/v1.0/me/mailFolders/inbox/messages?%24top=15&%24select=subject%2CbodyPreview%2CreceivedDateTime%2Cfrom&%24orderby=receivedDateTime+desc "HTTP/1.1 200 OK"
INFO:httpx:HTTP Request: GET https://graph.microsoft.com/v1.0/me/mailFolders/junkemail/messages?%24top=15&%24select=subject%2CbodyPreview%2CreceivedDateTime%2Cfrom&%24orderby=receivedDateTime+desc "HTTP/1.1 200 OK"
INFO:MSGraphEmailService:[Graph] Chua thay ma moi cho tekiafiras09071991@hotmail.com (lan 2/15) - doi mail...
INFO:PlaywrightAdapter:[+] Da gan file avatar bang native chooser an.
INFO:PlaywrightAdapter:[+] Tim thay nut xac nhan hop le: 'button:has-text("Apply")'
INFO:httpx:HTTP Request: GET https://graph.microsoft.com/v1.0/me/mailFolders/inbox/messages?%24top=15&%24select=subject%2CbodyPreview%2CreceivedDateTime%2Cfrom&%24orderby=receivedDateTime+desc "HTTP/1.1 200 OK"
INFO:httpx:HTTP Request: POST https://login.microsoftonline.com/consumers/oauth2/v2.0/token "HTTP/1.1 400 Bad Request"
INFO:httpx:HTTP Request: GET https://graph.microsoft.com/v1.0/me/mailFolders/junkemail/messages?%24top=15&%24select=subject%2CbodyPreview%2CreceivedDateTime%2Cfrom&%24orderby=receivedDateTime+desc "HTTP/1.1 200 OK"
INFO:MSGraphEmailService:[Graph] Chua thay ma moi cho tekiafiras09071991@hotmail.com (lan 3/15) - doi mail...
INFO:httpx:HTTP Request: POST https://login.microsoftonline.com/consumers/oauth2/v2.0/token "HTTP/1.1 200 OK"
INFO:EmailServiceFactory:[Email] Da luu refresh_token MOI cho elkin3311121994@hotmail.com (Microsoft xoay token).
INFO:MSGraphEmailService:[Graph] Lay access_token OK cho elkin3311121994@hotmail.com (scope='https://graph.microsoft.com/.default').
WARNING:PlaywrightAdapter:[-] Click gia lap that bai o lan thu 1: Locator.click: Element is not visible
Call log:
  - waiting for locator("button:has-text(\"Apply\")").first
    - locator resolved to <button type="button" class="ef1kawg9 css-s03j95-7937d88b--Button-7937d88b--StyledBtn ebef5j00">Apply</button>
  - attempting click action
    - scrolling into view if needed
. Dang thu Dispatch Event...
INFO:PlaywrightAdapter:[+] Da nhan Apply thanh cong o lan thu 1 bang Dispatch Event.
INFO:httpx:HTTP Request: GET https://graph.microsoft.com/v1.0/me/mailFolders/inbox/messages?%24top=15&%24select=subject%2CbodyPreview%2CreceivedDateTime%2Cfrom&%24orderby=receivedDateTime+desc "HTTP/1.1 200 OK"
INFO:httpx:HTTP Request: GET https://graph.microsoft.com/v1.0/me/mailFolders/junkemail/messages?%24top=15&%24select=subject%2CbodyPreview%2CreceivedDateTime%2Cfrom&%24orderby=receivedDateTime+desc "HTTP/1.1 200 OK"
INFO:MSGraphEmailService:[Graph] Lay OTP MOI thanh cong: 838238 (mail luc 2026-08-28T08:14:25+00:00).
INFO:PlaywrightAdapter:[+] Cap nhat avatar vao form thanh cong.
INFO:httpx:HTTP Request: GET https://graph.microsoft.com/v1.0/me/mailFolders/inbox/messages?%24top=15&%24select=subject%2CbodyPreview%2CreceivedDateTime%2Cfrom&%24orderby=receivedDateTime+desc "HTTP/1.1 200 OK"
INFO:PlaywrightAdapter:[Username] web='ji18_vai' | db='ji18_vai'
INFO:httpx:HTTP Request: GET https://graph.microsoft.com/v1.0/me/mailFolders/junkemail/messages?%24top=15&%24select=subject%2CbodyPreview%2CreceivedDateTime%2Cfrom&%24orderby=receivedDateTime+desc "HTTP/1.1 200 OK"
INFO:MSGraphEmailService:[Graph] Chua thay ma moi cho tekiafiras09071991@hotmail.com (lan 4/15) - doi mail...
INFO:httpx:HTTP Request: GET https://graph.microsoft.com/v1.0/me/mailFolders/inbox/messages?%24top=15&%24select=subject%2CbodyPreview%2CreceivedDateTime%2Cfrom&%24orderby=receivedDateTime+desc "HTTP/1.1 200 OK"
INFO:httpx:HTTP Request: GET https://graph.microsoft.com/v1.0/me/mailFolders/junkemail/messages?%24top=15&%24select=subject%2CbodyPreview%2CreceivedDateTime%2Cfrom&%24orderby=receivedDateTime+desc "HTTP/1.1 200 OK"
INFO:MSGraphEmailService:[Graph] Chua thay ma moi cho tekiafiras09071991@hotmail.com (lan 5/15) - doi mail...
INFO:httpx:HTTP Request: GET https://graph.microsoft.com/v1.0/me/mailFolders/inbox/messages?%24top=15&%24select=subject%2CbodyPreview%2CreceivedDateTime%2Cfrom&%24orderby=receivedDateTime+desc "HTTP/1.1 200 OK"
INFO:httpx:HTTP Request: GET https://graph.microsoft.com/v1.0/me/mailFolders/junkemail/messages?%24top=15&%24select=subject%2CbodyPreview%2CreceivedDateTime%2Cfrom&%24orderby=receivedDateTime+desc "HTTP/1.1 200 OK"
INFO:MSGraphEmailService:[Graph] Chua thay ma moi cho tekiafiras09071991@hotmail.com (lan 6/15) - doi mail...
INFO:PlaywrightAdapter:[*] Dang doi trang chu TikTok on dinh phien dang nhap...
INFO:httpx:HTTP Request: GET https://graph.microsoft.com/v1.0/me/mailFolders/inbox/messages?%24top=15&%24select=subject%2CbodyPreview%2CreceivedDateTime%2Cfrom&%24orderby=receivedDateTime+desc "HTTP/1.1 200 OK"
INFO:PlaywrightAdapter:[+] Da nhan Save thanh cong bang dispatch_event.
INFO:httpx:HTTP Request: GET https://graph.microsoft.com/v1.0/me/mailFolders/junkemail/messages?%24top=15&%24select=subject%2CbodyPreview%2CreceivedDateTime%2Cfrom&%24orderby=receivedDateTime+desc "HTTP/1.1 200 OK"
INFO:MSGraphEmailService:[Graph] Chua thay ma moi cho tekiafiras09071991@hotmail.com (lan 7/15) - doi mail...
INFO:PlaywrightAdapter:[+] Xac minh THANH CONG sau 2 giay (Phat hien nav-profile/upload/messages).
INFO:TikTokUpdateProfileUseCase:[+] [Defensive Save] \u0110ã sao l\u01b0u phòng th\u1ee7 Cookies thành công cho cra_slie9scie
INFO:TikTokUpdateProfileUseCase:[+] \u0110ã ch\u1ecdn Bio ng\u1eabu nhiên: 'Mind over muscles | \U0001f525 Unstoppable | Link below \U0001f447'
INFO:httpx:HTTP Request: GET https://graph.microsoft.com/v1.0/me/mailFolders/inbox/messages?%24top=15&%24select=subject%2CbodyPreview%2CreceivedDateTime%2Cfrom&%24orderby=receivedDateTime+desc "HTTP/1.1 200 OK"
INFO:httpx:HTTP Request: GET https://graph.microsoft.com/v1.0/me/mailFolders/junkemail/messages?%24top=15&%24select=subject%2CbodyPreview%2CreceivedDateTime%2Cfrom&%24orderby=receivedDateTime+desc "HTTP/1.1 200 OK"
INFO:MSGraphEmailService:[Graph] Chua thay ma moi cho tekiafiras09071991@hotmail.com (lan 8/15) - doi mail...
INFO:PlaywrightAdapter:[+] Da dong phien trinh duyet va giai phong tai nguyen.
INFO:PlaywrightAdapter:[*] Dang don dep ho so tam thoi: C:\Users\Admin\AppData\Local\Temp\tiktok_auto_profiles\temp_30c9079b-5dd4-48d1-a21e-d8264c86fc53
INFO:TaskDispatcher:[+] Phân b\u1ed5 \u1ea3nh \u0111\u1ea1i di\u1ec7n: qomomc3pt99d.jpg cho lu\u1ed3ng s\u1ed1 74
INFO:TaskDispatcher:[*] Kh\u1edfi ch\u1ea1y trình duy\u1ec7t cho tài kho\u1ea3n: aishetuberlianv@hotmail.com | Tác v\u1ee5: UPDATE_PROFILE
INFO:PlaywrightAdapter:[*] Da tao profile moi va gan 1 extension: omocaptcha@gmail.com@1.7.7
INFO:httpx:HTTP Request: GET https://graph.microsoft.com/v1.0/me/mailFolders/inbox/messages?%24top=15&%24select=subject%2CbodyPreview%2CreceivedDateTime%2Cfrom&%24orderby=receivedDateTime+desc "HTTP/1.1 200 OK"
INFO:httpx:HTTP Request: GET https://graph.microsoft.com/v1.0/me/mailFolders/junkemail/messages?%24top=15&%24select=subject%2CbodyPreview%2CreceivedDateTime%2Cfrom&%24orderby=receivedDateTime+desc "HTTP/1.1 200 OK"
INFO:MSGraphEmailService:[Graph] Chua thay ma moi cho tekiafiras09071991@hotmail.com (lan 9/15) - doi mail...
INFO:httpx:HTTP Request: GET https://graph.microsoft.com/v1.0/me/mailFolders/inbox/messages?%24top=15&%24select=subject%2CbodyPreview%2CreceivedDateTime%2Cfrom&%24orderby=receivedDateTime+desc "HTTP/1.1 200 OK"
INFO:PlaywrightAdapter:[+] Da gan file avatar bang native chooser an.
INFO:httpx:HTTP Request: GET https://graph.microsoft.com/v1.0/me/mailFolders/junkemail/messages?%24top=15&%24select=subject%2CbodyPreview%2CreceivedDateTime%2Cfrom&%24orderby=receivedDateTime+desc "HTTP/1.1 200 OK"
INFO:MSGraphEmailService:[Graph] Chua thay ma moi cho tekiafiras09071991@hotmail.com (lan 10/15) - doi mail...
INFO:PlaywrightAdapter:[LAUNCH] OK sau 24.8s (lan 1/2).
INFO:PlaywrightAdapter:[+] Tim thay nut xac nhan hop le: 'button:has-text("Apply")'
INFO:PlaywrightAdapter:[HWND] Detected token-owned window HWND=49745584 for this session.
INFO:PlaywrightAdapter:[WINDOW] HWND=49745584 dang CLOAK/OFF-SCREEN.
INFO:PlaywrightAdapter:[EXTENSION] Active: omocaptcha@gmail.com@1.7.7 (signed/configuration verified).
INFO:PlaywrightAdapter:[HWND] Stream recovered token-owned HWND=856694.
INFO:PlaywrightAdapter:[*] Khoi tao tab moi sach.
INFO:PlaywrightAdapter:[+] Khoi tao browser session (headed-cloaked). Seed: 828459961 | Proxy: Direct NET
INFO:PlaywrightAdapter:[*] Dieu huong toi https://www.tiktok.com/foryou?lang=en (lan 1, wait=commit)...
INFO:httpx:HTTP Request: GET https://graph.microsoft.com/v1.0/me/mailFolders/inbox/messages?%24top=15&%24select=subject%2CbodyPreview%2CreceivedDateTime%2Cfrom&%24orderby=receivedDateTime+desc "HTTP/1.1 200 OK"
WARNING:PlaywrightAdapter:[-] Click gia lap that bai o lan thu 1: Locator.click: Element is not visible
Call log:
  - waiting for locator("button:has-text(\"Apply\")").first
    - locator resolved to <button type="button" class="ef1kawg9 css-s03j95-7937d88b--Button-7937d88b--StyledBtn ebef5j00">Apply</button>
  - attempting click action
    - scrolling into view if needed
. Dang thu Dispatch Event...
INFO:PlaywrightAdapter:[+] Da nhan Apply thanh cong o lan thu 1 bang Dispatch Event.
INFO:httpx:HTTP Request: GET https://graph.microsoft.com/v1.0/me/mailFolders/junkemail/messages?%24top=15&%24select=subject%2CbodyPreview%2CreceivedDateTime%2Cfrom&%24orderby=receivedDateTime+desc "HTTP/1.1 200 OK"
INFO:MSGraphEmailService:[Graph] Chua thay ma moi cho tekiafiras09071991@hotmail.com (lan 11/15) - doi mail...
INFO:PlaywrightAdapter:[+] Cap nhat avatar vao form thanh cong.
INFO:PlaywrightAdapter:[Username] web='cra_slie9scie' | db='cra_slie9scie'
INFO:httpx:HTTP Request: GET https://graph.microsoft.com/v1.0/me/mailFolders/inbox/messages?%24top=15&%24select=subject%2CbodyPreview%2CreceivedDateTime%2Cfrom&%24orderby=receivedDateTime+desc "HTTP/1.1 200 OK"
INFO:httpx:HTTP Request: GET https://graph.microsoft.com/v1.0/me/mailFolders/junkemail/messages?%24top=15&%24select=subject%2CbodyPreview%2CreceivedDateTime%2Cfrom&%24orderby=receivedDateTime+desc "HTTP/1.1 200 OK"
INFO:MSGraphEmailService:[Graph] Chua thay ma moi cho tekiafiras09071991@hotmail.com (lan 12/15) - doi mail...
INFO:httpx:HTTP Request: POST https://login.microsoftonline.com/consumers/oauth2/v2.0/token "HTTP/1.1 400 Bad Request"
INFO:httpx:HTTP Request: POST https://login.microsoftonline.com/consumers/oauth2/v2.0/token "HTTP/1.1 200 OK"
INFO:EmailServiceFactory:[Email] Da luu refresh_token MOI cho yorley8806031996@hotmail.com (Microsoft xoay token).
INFO:MSGraphEmailService:[Graph] Lay access_token OK cho yorley8806031996@hotmail.com (scope='https://graph.microsoft.com/.default').
INFO:httpx:HTTP Request: GET https://graph.microsoft.com/v1.0/me/mailFolders/inbox/messages?%24top=15&%24select=subject%2CbodyPreview%2CreceivedDateTime%2Cfrom&%24orderby=receivedDateTime+desc "HTTP/1.1 200 OK"
INFO:httpx:HTTP Request: GET https://graph.microsoft.com/v1.0/me/mailFolders/junkemail/messages?%24top=15&%24select=subject%2CbodyPreview%2CreceivedDateTime%2Cfrom&%24orderby=receivedDateTime+desc "HTTP/1.1 200 OK"
INFO:MSGraphEmailService:[Graph] Lay OTP MOI thanh cong: 576769 (mail luc 2026-08-28T08:15:29+00:00).
INFO:httpx:HTTP Request: GET https://graph.microsoft.com/v1.0/me/mailFolders/inbox/messages?%24top=15&%24select=subject%2CbodyPreview%2CreceivedDateTime%2Cfrom&%24orderby=receivedDateTime+desc "HTTP/1.1 200 OK"
INFO:httpx:HTTP Request: GET https://graph.microsoft.com/v1.0/me/mailFolders/junkemail/messages?%24top=15&%24select=subject%2CbodyPreview%2CreceivedDateTime%2Cfrom&%24orderby=receivedDateTime+desc "HTTP/1.1 200 OK"
INFO:MSGraphEmailService:[Graph] Chua thay ma moi cho tekiafiras09071991@hotmail.com (lan 13/15) - doi mail...
INFO:httpx:HTTP Request: GET https://graph.microsoft.com/v1.0/me/mailFolders/inbox/messages?%24top=15&%24select=subject%2CbodyPreview%2CreceivedDateTime%2Cfrom&%24orderby=receivedDateTime+desc "HTTP/1.1 200 OK"
INFO:httpx:HTTP Request: GET https://graph.microsoft.com/v1.0/me/mailFolders/junkemail/messages?%24top=15&%24select=subject%2CbodyPreview%2CreceivedDateTime%2Cfrom&%24orderby=receivedDateTime+desc "HTTP/1.1 200 OK"
INFO:MSGraphEmailService:[Graph] Chua thay ma moi cho tekiafiras09071991@hotmail.com (lan 14/15) - doi mail...
INFO:PlaywrightAdapter:[+] Da nhan Save thanh cong bang dispatch_event.
INFO:httpx:HTTP Request: GET https://graph.microsoft.com/v1.0/me/mailFolders/inbox/messages?%24top=15&%24select=subject%2CbodyPreview%2CreceivedDateTime%2Cfrom&%24orderby=receivedDateTime+desc "HTTP/1.1 200 OK"
INFO:httpx:HTTP Request: GET https://graph.microsoft.com/v1.0/me/mailFolders/junkemail/messages?%24top=15&%24select=subject%2CbodyPreview%2CreceivedDateTime%2Cfrom&%24orderby=receivedDateTime+desc "HTTP/1.1 200 OK"
INFO:MSGraphEmailService:[Graph] Chua thay ma moi cho tekiafiras09071991@hotmail.com (lan 15/15) - doi mail...
INFO:PlaywrightAdapter:[*] Dang doi trang chu TikTok on dinh phien dang nhap...
WARNING:MSGraphEmailService:[Graph] Het 15 lan thu nhung khong co OTP MOI cho tekiafiras09071991@hotmail.com.
INFO:PlaywrightAdapter:[+] Da dong phien trinh duyet va giai phong tai nguyen.
INFO:PlaywrightAdapter:[*] Dang don dep ho so tam thoi: C:\Users\Admin\AppData\Local\Temp\tiktok_auto_profiles\temp_3bf5ff61-7621-48ee-aaa0-225693016501
INFO:PlaywrightAdapter:[+] Da dong phien trinh duyet va giai phong tai nguyen.
INFO:PlaywrightAdapter:[*] Dang don dep ho so tam thoi: C:\Users\Admin\AppData\Local\Temp\tiktok_auto_profiles\temp_ac38b5b6-8b39-4061-afaa-7db90056e9f0
INFO:PlaywrightAdapter:[+] Xac minh THANH CONG sau 2 giay (Phat hien nav-profile/upload/messages).
INFO:TikTokUpdateProfileUseCase:[+] [Defensive Save] \u0110ã sao l\u01b0u phòng th\u1ee7 Cookies thành công cho dawl8_ru88
INFO:TikTokUpdateProfileUseCase:[+] \u0110ã ch\u1ecdn Bio ng\u1eabu nhiên: 'Methodology matters | \u26a1 High energy | Welcome to my world.'
INFO:TaskDispatcher:[+] Phân b\u1ed5 \u1ea3nh \u0111\u1ea1i di\u1ec7n: wh0kg21gts2d.jpg cho lu\u1ed3ng s\u1ed1 75
INFO:TaskDispatcher:[*] Kh\u1edfi ch\u1ea1y trình duy\u1ec7t cho tài kho\u1ea3n: jatnielshirin601@hotmail.com | Tác v\u1ee5: UPDATE_PROFILE
INFO:PlaywrightAdapter:[*] Da tao profile moi va gan 1 extension: omocaptcha@gmail.com@1.7.7
INFO:TaskDispatcher:[+] Phân b\u1ed5 \u1ea3nh \u0111\u1ea1i di\u1ec7n: 02ruok53kibv.jpg cho lu\u1ed3ng s\u1ed1 76
INFO:TaskDispatcher:[*] Kh\u1edfi ch\u1ea1y trình duy\u1ec7t cho tài kho\u1ea3n: allyciajerni06032002@hotmail.com | Tác v\u1ee5: UPDATE_PROFILE
INFO:PlaywrightAdapter:[*] Da tao profile moi va gan 1 extension: omocaptcha@gmail.com@1.7.7
INFO:WebSocketManager:[-] M\u1ed9t k\u1ebft n\u1ed1i WebSocket \u0111ã \u0111óng. T\u1ed5ng k\u1ebft n\u1ed1i: 0
INFO:     connection closed
INFO:     connection closed
INFO:     127.0.0.1:60444 - "WebSocket /ws" [accepted]
INFO:WebSocketManager:[+] K\u1ebft n\u1ed1i WebSocket m\u1edbi thi\u1ebft l\u1eadp. T\u1ed5ng k\u1ebft n\u1ed1i: 1
INFO:     connection closed
INFO:WebSocketManager:[-] M\u1ed9t k\u1ebft n\u1ed1i WebSocket \u0111ã \u0111óng. T\u1ed5ng k\u1ebft n\u1ed1i: 0
INFO:     127.0.0.1:60484 - "WebSocket /ws" [accepted]
INFO:WebSocketManager:[+] K\u1ebft n\u1ed1i WebSocket m\u1edbi thi\u1ebft l\u1eadp. T\u1ed5ng k\u1ebft n\u1ed1i: 1
INFO:     connection open
INFO:PlaywrightAdapter:[LAUNCH] OK sau 24.5s (lan 1/2).
INFO:     127.0.0.1:60501 - "WebSocket /ws/screens" [accepted]
INFO:WebSocketManager:[+] K\u1ebft n\u1ed1i WebSocket m\u1edbi thi\u1ebft l\u1eadp. T\u1ed5ng k\u1ebft n\u1ed1i: 1
INFO:     connection closed
INFO:     127.0.0.1:61084 - "WebSocket /ws/screens" [accepted]
INFO:WebSocketManager:[+] K\u1ebft n\u1ed1i WebSocket m\u1edbi thi\u1ebft l\u1eadp. T\u1ed5ng k\u1ebft n\u1ed1i: 2
INFO:WebSocketManager:[-] M\u1ed9t k\u1ebft n\u1ed1i WebSocket \u0111ã \u0111óng. T\u1ed5ng k\u1ebft n\u1ed1i: 1
INFO:     127.0.0.1:61085 - "WebSocket /ws/screens" [accepted]
INFO:WebSocketManager:[+] K\u1ebft n\u1ed1i WebSocket m\u1edbi thi\u1ebft l\u1eadp. T\u1ed5ng k\u1ebft n\u1ed1i: 2
INFO:     connection closed
INFO:WebSocketManager:[-] M\u1ed9t k\u1ebft n\u1ed1i WebSocket \u0111ã \u0111óng. T\u1ed5ng k\u1ebft n\u1ed1i: 1
INFO:     connection open
INFO:PlaywrightAdapter:[HWND] Detected token-owned window HWND=10096386 for this session.
INFO:PlaywrightAdapter:[WINDOW] HWND=10096386 dang CLOAK/OFF-SCREEN.
INFO:PlaywrightAdapter:[EXTENSION] Active: omocaptcha@gmail.com@1.7.7 (signed/configuration verified).
INFO:PlaywrightAdapter:[HWND] Stream recovered token-owned HWND=30148340.
INFO:PlaywrightAdapter:[*] Khoi tao tab moi sach.
INFO:PlaywrightAdapter:[+] Khoi tao browser session (headed-cloaked). Seed: 350544880 | Proxy: Direct NET
INFO:PlaywrightAdapter:[*] Dieu huong toi https://www.tiktok.com/foryou?lang=en (lan 1, wait=commit)...
INFO:PlaywrightAdapter:[+] Da gan file avatar bang native chooser an.
INFO:PlaywrightAdapter:[LAUNCH] OK sau 38.7s (lan 1/2).
INFO:     connection closed
INFO:WebSocketManager:[-] M\u1ed9t k\u1ebft n\u1ed1i WebSocket \u0111ã \u0111óng. T\u1ed5ng k\u1ebft n\u1ed1i: 0
WARNING:WebSocketManager:L\u1ed7i g\u1eedi WebSocket, \u0111ang d\u1ecdn d\u1eb9p k\u1ebft n\u1ed1i l\u1ed7i: 
WARNING:WebSocketManager:L\u1ed7i g\u1eedi WebSocket, \u0111ang d\u1ecdn d\u1eb9p k\u1ebft n\u1ed1i l\u1ed7i: 
WARNING:WebSocketManager:L\u1ed7i g\u1eedi WebSocket, \u0111ang d\u1ecdn d\u1eb9p k\u1ebft n\u1ed1i l\u1ed7i: 
INFO:     127.0.0.1:61556 - "WebSocket /ws/screens" [accepted]
INFO:WebSocketManager:[+] K\u1ebft n\u1ed1i WebSocket m\u1edbi thi\u1ebft l\u1eadp. T\u1ed5ng k\u1ebft n\u1ed1i: 1
INFO:     connection closed
INFO:WebSocketManager:[-] M\u1ed9t k\u1ebft n\u1ed1i WebSocket \u0111ã \u0111óng. T\u1ed5ng k\u1ebft n\u1ed1i: 0
INFO:     127.0.0.1:61558 - "WebSocket /ws/screens" [accepted]
INFO:WebSocketManager:[+] K\u1ebft n\u1ed1i WebSocket m\u1edbi thi\u1ebft l\u1eadp. T\u1ed5ng k\u1ebft n\u1ed1i: 1
INFO:     connection open
INFO:TaskDispatcher:[!] [EMERGENCY STOP] Da huy 4 task dang chay va xoa 8 task con trong hang doi.
INFO:TaskDispatcher:[!] [EMERGENCY STOP] Da huy 4 task dang chay va xoa 0 task con trong hang doi.
WARNING:TaskDispatcher:[!] Task cua tai khoan yorley8806031996@hotmail.com da bi HUY (Emergency Stop / Shutdown).
WARNING:TaskDispatcher:[!] Task cua tai khoan jatnielshirin601@hotmail.com da bi HUY (Emergency Stop / Shutdown).
WARNING:TaskDispatcher:[!] Task cua tai khoan allyciajerni06032002@hotmail.com da bi HUY (Emergency Stop / Shutdown).
WARNING:TaskDispatcher:[!] Task cua tai khoan aishetuberlianv@hotmail.com da bi HUY (Emergency Stop / Shutdown).
INFO:TaskDispatcher:[!] [EMERGENCY STOP] Da huy 4 task dang chay va xoa 0 task con trong hang doi.
INFO:PlaywrightAdapter:[+] Da dong phien trinh duyet va giai phong tai nguyen.
INFO:PlaywrightAdapter:[*] Dang don dep ho so tam thoi: C:\Users\Admin\AppData\Local\Temp\tiktok_auto_profiles\temp_dfa3a617-d473-492a-8a65-e0dff378c35d
INFO:WebSocketManager:[-] M\u1ed9t k\u1ebft n\u1ed1i WebSocket \u0111ã \u0111óng. T\u1ed5ng k\u1ebft n\u1ed1i: 0
INFO:     connection closed
INFO:TaskDispatcher:[*] Kh\u1edfi ch\u1ea1y trình duy\u1ec7t cho tài kho\u1ea3n: arienneshianne16102001@hotmail.com | Tác v\u1ee5: UPDATE_PROFILE
INFO:PlaywrightAdapter:[*] Da tao profile moi va gan 1 extension: omocaptcha@gmail.com@1.7.7
INFO:PlaywrightAdapter:[LAUNCH] OK sau 24.2s (lan 1/2).
INFO:     127.0.0.1:62624 - "WebSocket /ws/screens" [accepted]
INFO:WebSocketManager:[+] K\u1ebft n\u1ed1i WebSocket m\u1edbi thi\u1ebft l\u1eadp. T\u1ed5ng k\u1ebft n\u1ed1i: 1
INFO:     127.0.0.1:62625 - "WebSocket /ws/screens" [accepted]
INFO:WebSocketManager:[+] K\u1ebft n\u1ed1i WebSocket m\u1edbi thi\u1ebft l\u1eadp. T\u1ed5ng k\u1ebft n\u1ed1i: 2
INFO:     connection closed
INFO:WebSocketManager:[-] M\u1ed9t k\u1ebft n\u1ed1i WebSocket \u0111ã \u0111óng. T\u1ed5ng k\u1ebft n\u1ed1i: 1
INFO:     connection open
INFO:TaskDispatcher:[!] [EMERGENCY STOP] Da huy 1 task dang chay va xoa 0 task con trong hang doi.
INFO:TaskDispatcher:[!] [EMERGENCY STOP] Da huy 1 task dang chay va xoa 0 task con trong hang doi.
WARNING:TaskDispatcher:[!] Task cua tai khoan arienneshianne16102001@hotmail.com da bi HUY (Emergency Stop / Shutdown).
INFO:PlaywrightAdapter:[+] Da dong phien trinh duyet va giai phong tai nguyen.
INFO:PlaywrightAdapter:[*] Dang don dep ho so tam thoi: C:\Users\Admin\AppData\Local\Temp\tiktok_auto_profiles\temp_957a39a5-2c07-468a-af0e-a34c324a7381
INFO:WebSocketManager:[-] M\u1ed9t k\u1ebft n\u1ed1i WebSocket \u0111ã \u0111óng. T\u1ed5ng k\u1ebft n\u1ed1i: 0
INFO:     connection closed
INFO:TaskDispatcher:[+] \u0110ã c\u1eadp nh\u1eadt gi\u1edbi h\u1ea1n lu\u1ed3ng ch\u1ea1y \u0111\u1ed3ng th\u1eddi / 1 proxy thành: 8
INFO:TaskDispatcher:[+] Tài kho\u1ea3n alshirestrattep@hotmail.com | Tác v\u1ee5 UPLOAD_MEDIA_BATCH \u0111ã \u0111\u01b0\u1ee3c \u0111\u01b0a vào hàng \u0111\u1ee3i.
INFO:TaskDispatcher:[+] Tài kho\u1ea3n judythscheevel67743@hotmail.com | Tác v\u1ee5 UPLOAD_MEDIA_BATCH \u0111ã \u0111\u01b0\u1ee3c \u0111\u01b0a vào hàng \u0111\u1ee3i.
INFO:TaskDispatcher:[+] Tài kho\u1ea3n treasurerobertazzi078658@hotmail.com | Tác v\u1ee5 UPLOAD_MEDIA_BATCH \u0111ã \u0111\u01b0\u1ee3c \u0111\u01b0a vào hàng \u0111\u1ee3i.
INFO:TaskDispatcher:[+] Tài kho\u1ea3n fumikofussell8345@hotmail.com | Tác v\u1ee5 UPLOAD_MEDIA_BATCH \u0111ã \u0111\u01b0\u1ee3c \u0111\u01b0a vào hàng \u0111\u1ee3i.
INFO:TaskDispatcher:[+] Tài kho\u1ea3n emberlyndewaine900@hotmail.com | Tác v\u1ee5 UPLOAD_MEDIA_BATCH \u0111ã \u0111\u01b0\u1ee3c \u0111\u01b0a vào hàng \u0111\u1ee3i.
INFO:TaskDispatcher:[+] Tài kho\u1ea3n emmettplegge6681@outlook.com | Tác v\u1ee5 UPLOAD_MEDIA_BATCH \u0111ã \u0111\u01b0\u1ee3c \u0111\u01b0a vào hàng \u0111\u1ee3i.
INFO:TaskDispatcher:[+] Tài kho\u1ea3n tristenboteo38546@hotmail.com | Tác v\u1ee5 UPLOAD_MEDIA_BATCH \u0111ã \u0111\u01b0\u1ee3c \u0111\u01b0a vào hàng \u0111\u1ee3i.
INFO:TaskDispatcher:[+] Tài kho\u1ea3n ottlesmeister2091@hotmail.com | Tác v\u1ee5 UPLOAD_MEDIA_BATCH \u0111ã \u0111\u01b0\u1ee3c \u0111\u01b0a vào hàng \u0111\u1ee3i.
INFO:TaskDispatcher:[+] Tài kho\u1ea3n orsonhalsey546623@hotmail.com | Tác v\u1ee5 UPLOAD_MEDIA_BATCH \u0111ã \u0111\u01b0\u1ee3c \u0111\u01b0a vào hàng \u0111\u1ee3i.
INFO:TaskDispatcher:[+] Tài kho\u1ea3n paolahagendorf7205@hotmail.com | Tác v\u1ee5 UPLOAD_MEDIA_BATCH \u0111ã \u0111\u01b0\u1ee3c \u0111\u01b0a vào hàng \u0111\u1ee3i.
INFO:TaskDispatcher:[*] Kh\u1edfi ch\u1ea1y trình duy\u1ec7t cho tài kho\u1ea3n: alshirestrattep@hotmail.com | Tác v\u1ee5: UPLOAD_MEDIA_BATCH
INFO:     127.0.0.1:54874 - "WebSocket /ws/screens" [accepted]
INFO:WebSocketManager:[+] K\u1ebft n\u1ed1i WebSocket m\u1edbi thi\u1ebft l\u1eadp. T\u1ed5ng k\u1ebft n\u1ed1i: 1
INFO:     connection open
INFO:WebSocketManager:[-] M\u1ed9t k\u1ebft n\u1ed1i WebSocket \u0111ã \u0111óng. T\u1ed5ng k\u1ebft n\u1ed1i: 0
INFO:     connection closed
INFO:     127.0.0.1:54879 - "WebSocket /ws/screens" [accepted]
INFO:WebSocketManager:[+] K\u1ebft n\u1ed1i WebSocket m\u1edbi thi\u1ebft l\u1eadp. T\u1ed5ng k\u1ebft n\u1ed1i: 1
INFO:     connection open
INFO:TaskDispatcher:[+] \u0110ã c\u1eadp nh\u1eadt gi\u1edbi h\u1ea1n lu\u1ed3ng ch\u1ea1y \u0111\u1ed3ng th\u1eddi / 1 proxy thành: 1
