INFO:     Started server process [30316]
INFO:     Waiting for application startup.
INFO:Application:[*] H\u1ec7 th\u1ed1ng \u0111ang kh\u1edfi \u0111\u1ed9ng...
INFO:Application:[+] Kh\u1edfi t\u1ea1o C\u01a1 s\u1edf d\u1eef li\u1ec7u thành công.
INFO:TaskDispatcher:[*] Task Dispatcher ch\u1ea1y ng\u1ea7m \u0111ã kh\u1edfi \u0111\u1ed9ng.
INFO:Application:[+] Kh\u1edfi t\u1ea1o ConcurrentTaskDispatcher thành công.
INFO:apscheduler.scheduler:Scheduler started
INFO:InteractionScheduler:[+] InteractionScheduler \u0111ã kh\u1edfi \u0111\u1ed9ng.
INFO:Application:[+] Kh\u1edfi t\u1ea1o InteractionScheduler thành công.
INFO:apscheduler.scheduler:Scheduler started
INFO:ScheduledUpload:[+] ScheduledUploadService \u0111ã kh\u1edfi \u0111\u1ed9ng.
INFO:Application:[+] Kh\u1edfi t\u1ea1o ScheduledUploadService thành công.
INFO:     Application startup complete.
INFO:     Uvicorn running on http://127.0.0.1:9000 (Press CTRL+C to quit)
INFO:     127.0.0.1:49653 - "WebSocket /ws" [accepted]
INFO:WebSocketManager:[+] K\u1ebft n\u1ed1i WebSocket m\u1edbi thi\u1ebft l\u1eadp. T\u1ed5ng k\u1ebft n\u1ed1i: 1
INFO:     connection open
INFO:     Shutting down
INFO:WebSocketManager:[-] M\u1ed9t k\u1ebft n\u1ed1i WebSocket \u0111ã \u0111óng. T\u1ed5ng k\u1ebft n\u1ed1i: 0
INFO:     connection closed
INFO:     Waiting for application shutdown.
INFO:Application:[-] H\u1ec7 th\u1ed1ng \u0111ang t\u1eaft...
INFO:InteractionScheduler:[-] InteractionScheduler \u0111ã t\u1eaft.
INFO:TaskDispatcher:[-] \u0110ã d\u1eebng Task Dispatcher.
INFO:Application:[-] \u0110ã t\u1eaft ConcurrentTaskDispatcher an toàn.
INFO:apscheduler.scheduler:Scheduler has been shut down
INFO:apscheduler.scheduler:Scheduler has been shut down
INFO:     Application shutdown complete.
INFO:     Finished server process [30316]
INFO:     Started server process [35076]
INFO:     Waiting for application startup.
INFO:Application:[*] H\u1ec7 th\u1ed1ng \u0111ang kh\u1edfi \u0111\u1ed9ng...
INFO:Application:[+] Kh\u1edfi t\u1ea1o C\u01a1 s\u1edf d\u1eef li\u1ec7u thành công.
INFO:TaskDispatcher:[*] Task Dispatcher ch\u1ea1y ng\u1ea7m \u0111ã kh\u1edfi \u0111\u1ed9ng.
INFO:Application:[+] Kh\u1edfi t\u1ea1o ConcurrentTaskDispatcher thành công.
INFO:apscheduler.scheduler:Scheduler started
INFO:InteractionScheduler:[+] InteractionScheduler \u0111ã kh\u1edfi \u0111\u1ed9ng.
INFO:Application:[+] Kh\u1edfi t\u1ea1o InteractionScheduler thành công.
INFO:apscheduler.scheduler:Scheduler started
INFO:ScheduledUpload:[+] ScheduledUploadService \u0111ã kh\u1edfi \u0111\u1ed9ng.
INFO:Application:[+] Kh\u1edfi t\u1ea1o ScheduledUploadService thành công.
INFO:     Application startup complete.
INFO:     Uvicorn running on http://127.0.0.1:9000 (Press CTRL+C to quit)
INFO:     127.0.0.1:50708 - "WebSocket /ws" [accepted]
INFO:WebSocketManager:[+] K\u1ebft n\u1ed1i WebSocket m\u1edbi thi\u1ebft l\u1eadp. T\u1ed5ng k\u1ebft n\u1ed1i: 1
INFO:     connection open
INFO:     Shutting down
INFO:WebSocketManager:[-] M\u1ed9t k\u1ebft n\u1ed1i WebSocket \u0111ã \u0111óng. T\u1ed5ng k\u1ebft n\u1ed1i: 0
INFO:     connection closed
INFO:     Waiting for application shutdown.
INFO:Application:[-] H\u1ec7 th\u1ed1ng \u0111ang t\u1eaft...
INFO:InteractionScheduler:[-] InteractionScheduler \u0111ã t\u1eaft.
INFO:TaskDispatcher:[-] \u0110ã d\u1eebng Task Dispatcher.
INFO:Application:[-] \u0110ã t\u1eaft ConcurrentTaskDispatcher an toàn.
INFO:apscheduler.scheduler:Scheduler has been shut down
INFO:apscheduler.scheduler:Scheduler has been shut down
INFO:     Application shutdown complete.
INFO:     Finished server process [35076]
INFO:     Started server process [31536]
INFO:     Waiting for application startup.
INFO:Application:[*] H\u1ec7 th\u1ed1ng \u0111ang kh\u1edfi \u0111\u1ed9ng...
INFO:Application:[+] Kh\u1edfi t\u1ea1o C\u01a1 s\u1edf d\u1eef li\u1ec7u thành công.
INFO:TaskDispatcher:[*] Task Dispatcher ch\u1ea1y ng\u1ea7m \u0111ã kh\u1edfi \u0111\u1ed9ng.
INFO:Application:[+] Kh\u1edfi t\u1ea1o ConcurrentTaskDispatcher thành công.
INFO:apscheduler.scheduler:Scheduler started
INFO:InteractionScheduler:[+] InteractionScheduler \u0111ã kh\u1edfi \u0111\u1ed9ng.
INFO:Application:[+] Kh\u1edfi t\u1ea1o InteractionScheduler thành công.
INFO:apscheduler.scheduler:Scheduler started
INFO:ScheduledUpload:[+] ScheduledUploadService \u0111ã kh\u1edfi \u0111\u1ed9ng.
INFO:Application:[+] Kh\u1edfi t\u1ea1o ScheduledUploadService thành công.
INFO:     Application startup complete.
INFO:     Uvicorn running on http://127.0.0.1:9000 (Press CTRL+C to quit)
INFO:     127.0.0.1:51140 - "WebSocket /ws" [accepted]
INFO:WebSocketManager:[+] K\u1ebft n\u1ed1i WebSocket m\u1edbi thi\u1ebft l\u1eadp. T\u1ed5ng k\u1ebft n\u1ed1i: 1
INFO:     connection open
INFO:TaskDispatcher:[+] \u0110ã c\u1eadp nh\u1eadt gi\u1edbi h\u1ea1n lu\u1ed3ng ch\u1ea1y \u0111\u1ed3ng th\u1eddi / 1 proxy thành: 8
INFO:TaskDispatcher:[+] Tài kho\u1ea3n szocssutantox@hotmail.com | Tác v\u1ee5 LOGIN_COOKIE \u0111ã \u0111\u01b0\u1ee3c \u0111\u01b0a vào hàng \u0111\u1ee3i.
INFO:TaskDispatcher:[+] Tài kho\u1ea3n richarddemmin623037@outlook.com | Tác v\u1ee5 LOGIN_COOKIE \u0111ã \u0111\u01b0\u1ee3c \u0111\u01b0a vào hàng \u0111\u1ee3i.
INFO:TaskDispatcher:[+] Tài kho\u1ea3n zainesker046118@outlook.com | Tác v\u1ee5 LOGIN_COOKIE \u0111ã \u0111\u01b0\u1ee3c \u0111\u01b0a vào hàng \u0111\u1ee3i.
INFO:TaskDispatcher:[+] Tài kho\u1ea3n irumajonesy86@hotmail.com | Tác v\u1ee5 LOGIN_COOKIE \u0111ã \u0111\u01b0\u1ee3c \u0111\u01b0a vào hàng \u0111\u1ee3i.
INFO:TaskDispatcher:[+] Tài kho\u1ea3n bodahatulobio@hotmail.com | Tác v\u1ee5 LOGIN_COOKIE \u0111ã \u0111\u01b0\u1ee3c \u0111\u01b0a vào hàng \u0111\u1ee3i.
INFO:TaskDispatcher:[+] Tài kho\u1ea3n ducaynelcida66@hotmail.com | Tác v\u1ee5 LOGIN_COOKIE \u0111ã \u0111\u01b0\u1ee3c \u0111\u01b0a vào hàng \u0111\u1ee3i.
INFO:TaskDispatcher:[+] Tài kho\u1ea3n chumungly3@hotmail.com | Tác v\u1ee5 LOGIN_COOKIE \u0111ã \u0111\u01b0\u1ee3c \u0111\u01b0a vào hàng \u0111\u1ee3i.
INFO:TaskDispatcher:[+] Tài kho\u1ea3n arenivasjalisa207@hotmail.com | Tác v\u1ee5 LOGIN_COOKIE \u0111ã \u0111\u01b0\u1ee3c \u0111\u01b0a vào hàng \u0111\u1ee3i.
INFO:TaskDispatcher:[+] Tài kho\u1ea3n fenlaylathoyax@hotmail.com | Tác v\u1ee5 LOGIN_COOKIE \u0111ã \u0111\u01b0\u1ee3c \u0111\u01b0a vào hàng \u0111\u1ee3i.
INFO:TaskDispatcher:[+] Tài kho\u1ea3n nothstineschoon58@hotmail.com | Tác v\u1ee5 LOGIN_COOKIE \u0111ã \u0111\u01b0\u1ee3c \u0111\u01b0a vào hàng \u0111\u1ee3i.
INFO:TaskDispatcher:[+] Tài kho\u1ea3n odiernotipner419@hotmail.com | Tác v\u1ee5 LOGIN_COOKIE \u0111ã \u0111\u01b0\u1ee3c \u0111\u01b0a vào hàng \u0111\u1ee3i.
INFO:TaskDispatcher:[+] Tài kho\u1ea3n welshansmusquiz4436@hotmail.com | Tác v\u1ee5 LOGIN_COOKIE \u0111ã \u0111\u01b0\u1ee3c \u0111\u01b0a vào hàng \u0111\u1ee3i.
INFO:TaskDispatcher:[+] Tài kho\u1ea3n kineavyshataej@hotmail.com | Tác v\u1ee5 LOGIN_COOKIE \u0111ã \u0111\u01b0\u1ee3c \u0111\u01b0a vào hàng \u0111\u1ee3i.
INFO:TaskDispatcher:[+] Tài kho\u1ea3n alyonipedrosov9555@hotmail.com | Tác v\u1ee5 LOGIN_COOKIE \u0111ã \u0111\u01b0\u1ee3c \u0111\u01b0a vào hàng \u0111\u1ee3i.
INFO:TaskDispatcher:[+] Tài kho\u1ea3n baltaxepajorekg@hotmail.com | Tác v\u1ee5 LOGIN_COOKIE \u0111ã \u0111\u01b0\u1ee3c \u0111\u01b0a vào hàng \u0111\u1ee3i.
INFO:TaskDispatcher:[+] Tài kho\u1ea3n mezickrbugaiskik3505@hotmail.com | Tác v\u1ee5 LOGIN_COOKIE \u0111ã \u0111\u01b0\u1ee3c \u0111\u01b0a vào hàng \u0111\u1ee3i.
INFO:TaskDispatcher:[+] Tài kho\u1ea3n crawerstrakonu@hotmail.com | Tác v\u1ee5 LOGIN_COOKIE \u0111ã \u0111\u01b0\u1ee3c \u0111\u01b0a vào hàng \u0111\u1ee3i.
INFO:TaskDispatcher:[+] Tài kho\u1ea3n trinhthongphat2@hotmail.com | Tác v\u1ee5 LOGIN_COOKIE \u0111ã \u0111\u01b0\u1ee3c \u0111\u01b0a vào hàng \u0111\u1ee3i.
INFO:TaskDispatcher:[+] Tài kho\u1ea3n leemnhut18@hotmail.com | Tác v\u1ee5 LOGIN_COOKIE \u0111ã \u0111\u01b0\u1ee3c \u0111\u01b0a vào hàng \u0111\u1ee3i.
INFO:TaskDispatcher:[+] Tài kho\u1ea3n arcidelisun43@hotmail.com | Tác v\u1ee5 LOGIN_COOKIE \u0111ã \u0111\u01b0\u1ee3c \u0111\u01b0a vào hàng \u0111\u1ee3i.
INFO:TaskDispatcher:[*] Kh\u1edfi ch\u1ea1y trình duy\u1ec7t cho tài kho\u1ea3n: szocssutantox@hotmail.com | Tác v\u1ee5: LOGIN_COOKIE
INFO:TaskDispatcher:[*] Kh\u1edfi ch\u1ea1y trình duy\u1ec7t cho tài kho\u1ea3n: richarddemmin623037@outlook.com | Tác v\u1ee5: LOGIN_COOKIE
INFO:TaskDispatcher:[*] Kh\u1edfi ch\u1ea1y trình duy\u1ec7t cho tài kho\u1ea3n: zainesker046118@outlook.com | Tác v\u1ee5: LOGIN_COOKIE
INFO:TaskDispatcher:[*] Kh\u1edfi ch\u1ea1y trình duy\u1ec7t cho tài kho\u1ea3n: irumajonesy86@hotmail.com | Tác v\u1ee5: LOGIN_COOKIE
INFO:TaskDispatcher:[*] Kh\u1edfi ch\u1ea1y trình duy\u1ec7t cho tài kho\u1ea3n: bodahatulobio@hotmail.com | Tác v\u1ee5: LOGIN_COOKIE
INFO:TaskDispatcher:[*] Kh\u1edfi ch\u1ea1y trình duy\u1ec7t cho tài kho\u1ea3n: ducaynelcida66@hotmail.com | Tác v\u1ee5: LOGIN_COOKIE
INFO:TaskDispatcher:[*] Kh\u1edfi ch\u1ea1y trình duy\u1ec7t cho tài kho\u1ea3n: chumungly3@hotmail.com | Tác v\u1ee5: LOGIN_COOKIE
INFO:TaskDispatcher:[*] Kh\u1edfi ch\u1ea1y trình duy\u1ec7t cho tài kho\u1ea3n: arenivasjalisa207@hotmail.com | Tác v\u1ee5: LOGIN_COOKIE
INFO:PlaywrightAdapter:[*] Da tao profile moi va gan 1 extension: omocaptcha@gmail.com@1.7.7
INFO:     127.0.0.1:54133 - "WebSocket /ws/screens" [accepted]
INFO:WebSocketManager:[+] K\u1ebft n\u1ed1i WebSocket m\u1edbi thi\u1ebft l\u1eadp. T\u1ed5ng k\u1ebft n\u1ed1i: 1
INFO:     connection closed
INFO:WebSocketManager:[-] M\u1ed9t k\u1ebft n\u1ed1i WebSocket \u0111ã \u0111óng. T\u1ed5ng k\u1ebft n\u1ed1i: 0
INFO:     127.0.0.1:54141 - "WebSocket /ws/screens" [accepted]
INFO:WebSocketManager:[+] K\u1ebft n\u1ed1i WebSocket m\u1edbi thi\u1ebft l\u1eadp. T\u1ed5ng k\u1ebft n\u1ed1i: 1
INFO:     connection open
INFO:WebSocketManager:[-] M\u1ed9t k\u1ebft n\u1ed1i WebSocket \u0111ã \u0111óng. T\u1ed5ng k\u1ebft n\u1ed1i: 0
INFO:     connection closed
INFO:PlaywrightAdapter:[*] Da tao profile moi va gan 1 extension: omocaptcha@gmail.com@1.7.7
INFO:PlaywrightAdapter:[LAUNCH] OK sau 10.8s (lan 1/2).
INFO:     127.0.0.1:54521 - "WebSocket /ws/screens" [accepted]
INFO:WebSocketManager:[+] K\u1ebft n\u1ed1i WebSocket m\u1edbi thi\u1ebft l\u1eadp. T\u1ed5ng k\u1ebft n\u1ed1i: 1
INFO:     127.0.0.1:54522 - "WebSocket /ws/screens" [accepted]
INFO:WebSocketManager:[+] K\u1ebft n\u1ed1i WebSocket m\u1edbi thi\u1ebft l\u1eadp. T\u1ed5ng k\u1ebft n\u1ed1i: 2
INFO:     connection closed
INFO:WebSocketManager:[-] M\u1ed9t k\u1ebft n\u1ed1i WebSocket \u0111ã \u0111óng. T\u1ed5ng k\u1ebft n\u1ed1i: 1
INFO:     connection open
INFO:PlaywrightAdapter:[HWND] Detected window HWND=198962 for this session.
INFO:PlaywrightAdapter:[WINDOW] HWND=198962 dang CLOAK/OFF-SCREEN.
INFO:PlaywrightAdapter:[*] Khoi tao tab moi sach.
INFO:PlaywrightAdapter:[+] Khoi tao browser session (headed-cloaked). Seed: 2072928330 | Proxy: Direct NET
INFO:PlaywrightAdapter:[*] Dieu huong toi https://www.tiktok.com/foryou?lang=en (lan 1, wait=commit)...
INFO:PlaywrightAdapter:[*] Da tao profile moi va gan 1 extension: omocaptcha@gmail.com@1.7.7
INFO:PlaywrightAdapter:[*] Dieu huong toi https://www.tiktok.com/foryou?lang=en (lan 1, wait=commit)...
INFO:PlaywrightAdapter:[*] Dang doi trang chu TikTok on dinh phien dang nhap...
INFO:PlaywrightAdapter:[LAUNCH] OK sau 18.0s (lan 1/2).
INFO:PlaywrightAdapter:[LAUNCH] OK sau 16.8s (lan 1/2).
INFO:PlaywrightAdapter:[HWND] Detected window HWND=1180088 for this session.
INFO:PlaywrightAdapter:[WINDOW] HWND=1180088 dang CLOAK/OFF-SCREEN.
INFO:PlaywrightAdapter:[+] Xac minh THANH CONG sau 2 giay (Phat hien nav-profile/upload/messages).
INFO:PlaywrightAdapter:[HWND] Detected window HWND=985622 for this session.
INFO:PlaywrightAdapter:[WINDOW] HWND=985622 dang CLOAK/OFF-SCREEN.
INFO:PlaywrightAdapter:[*] Khoi tao tab moi sach.
INFO:PlaywrightAdapter:[+] Khoi tao browser session (headed-cloaked). Seed: 565079340 | Proxy: Direct NET
INFO:PlaywrightAdapter:[*] Dieu huong toi https://www.tiktok.com/foryou?lang=en (lan 1, wait=commit)...
INFO:PlaywrightAdapter:[*] Da tao profile moi va gan 1 extension: omocaptcha@gmail.com@1.7.7
INFO:PlaywrightAdapter:[*] Khoi tao tab moi sach.
INFO:PlaywrightAdapter:[+] Khoi tao browser session (headed-cloaked). Seed: 223630096 | Proxy: Direct NET
INFO:PlaywrightAdapter:[*] Dieu huong toi https://www.tiktok.com/foryou?lang=en (lan 1, wait=commit)...
INFO:PlaywrightAdapter:[*] Da tao profile moi va gan 1 extension: omocaptcha@gmail.com@1.7.7
INFO:PlaywrightAdapter:[*] Dieu huong toi https://www.tiktok.com/foryou?lang=en (lan 1, wait=commit)...
INFO:PlaywrightAdapter:[*] Dieu huong toi https://www.tiktok.com/foryou?lang=en (lan 1, wait=commit)...
INFO:PlaywrightAdapter:[*] Dang doi trang chu TikTok on dinh phien dang nhap...
INFO:PlaywrightAdapter:[*] Dang doi trang chu TikTok on dinh phien dang nhap...
INFO:PlaywrightAdapter:[LAUNCH] OK sau 14.2s (lan 1/2).
INFO:PlaywrightAdapter:[LAUNCH] OK sau 19.6s (lan 1/2).
INFO:PlaywrightAdapter:[HWND] Detected window HWND=2230272 for this session.
INFO:PlaywrightAdapter:[WINDOW] HWND=2230272 dang CLOAK/OFF-SCREEN.
INFO:PlaywrightAdapter:[+] Xac minh THANH CONG sau 4 giay (Phat hien nav-profile/upload/messages).
INFO:PlaywrightAdapter:[+] Xac minh THANH CONG sau 4 giay (Phat hien nav-profile/upload/messages).
INFO:PlaywrightAdapter:[HWND] Detected window HWND=592712 for this session.
INFO:PlaywrightAdapter:[WINDOW] HWND=592712 dang CLOAK/OFF-SCREEN.
INFO:PlaywrightAdapter:[*] Khoi tao tab moi sach.
INFO:PlaywrightAdapter:[+] Khoi tao browser session (headed-cloaked). Seed: 570960689 | Proxy: Direct NET
INFO:PlaywrightAdapter:[*] Dieu huong toi https://www.tiktok.com/foryou?lang=en (lan 1, wait=commit)...
INFO:PlaywrightAdapter:[*] Khoi tao tab moi sach.
INFO:PlaywrightAdapter:[+] Khoi tao browser session (headed-cloaked). Seed: 1658339471 | Proxy: Direct NET
INFO:PlaywrightAdapter:[*] Dieu huong toi https://www.tiktok.com/foryou?lang=en (lan 1, wait=commit)...
INFO:PlaywrightAdapter:[*] Da tao profile moi va gan 1 extension: omocaptcha@gmail.com@1.7.7
INFO:PlaywrightAdapter:[*] Da tao profile moi va gan 1 extension: omocaptcha@gmail.com@1.7.7
INFO:PlaywrightAdapter:[*] Dieu huong toi https://www.tiktok.com/foryou?lang=en (lan 1, wait=commit)...
INFO:PlaywrightAdapter:[*] Dieu huong toi https://www.tiktok.com/foryou?lang=en (lan 1, wait=commit)...
INFO:PlaywrightAdapter:[*] Dang doi trang chu TikTok on dinh phien dang nhap...
INFO:PlaywrightAdapter:[*] Dang doi trang chu TikTok on dinh phien dang nhap...
ERROR:PlaywrightAdapter:[-] Gap loi khi thao tac cap nhat thong tin ho so: Locator.wait_for: Timeout 20000ms exceeded.
Call log:
  - waiting for locator("[data-e2e=\"edit-profile-entrance\"], button:has-text(\"Edit profile\")").first to be visible

INFO:PlaywrightAdapter:[+] Da dong phien trinh duyet va giai phong tai nguyen.
INFO:PlaywrightAdapter:[*] Dang don dep ho so tam thoi: C:\Users\Admin\AppData\Local\Temp\tiktok_auto_profiles\temp_b97e6b3d-952e-42c6-a8da-cbaf39f63f01
INFO:PlaywrightAdapter:[LAUNCH] OK sau 23.1s (lan 1/2).
INFO:PlaywrightAdapter:[LAUNCH] OK sau 23.0s (lan 1/2).
INFO:TaskDispatcher:[*] Kh\u1edfi ch\u1ea1y trình duy\u1ec7t cho tài kho\u1ea3n: fenlaylathoyax@hotmail.com | Tác v\u1ee5: LOGIN_COOKIE
D:\tiktok_auto\.venv\Lib\site-packages\playwright\_impl\_locator.py:163: RuntimeWarning: invisible_playwright: an off-centre landing point was not actionable (TimeoutError); the action was retried with its own arguments. Set INVPW_CURSOR_LANDING=off to disable off-centre landing.
  return await self._frame._click(self._selector, strict=True, **params)
INFO:WebSocketManager:[-] M\u1ed9t k\u1ebft n\u1ed1i WebSocket \u0111ã \u0111óng. T\u1ed5ng k\u1ebft n\u1ed1i: 0
INFO:     connection closed
INFO:PlaywrightAdapter:[+] Xac minh THANH CONG sau 3 giay (Phat hien nav-profile/upload/messages).
INFO:PlaywrightAdapter:[+] Xac minh THANH CONG sau 4 giay (Phat hien nav-profile/upload/messages).
INFO:PlaywrightAdapter:[HWND] Detected window HWND=2361344 for this session.
INFO:PlaywrightAdapter:[WINDOW] HWND=2361344 dang CLOAK/OFF-SCREEN.
INFO:PlaywrightAdapter:[HWND] Detected window HWND=461322 for this session.
INFO:PlaywrightAdapter:[WINDOW] HWND=461322 dang CLOAK/OFF-SCREEN.
INFO:PlaywrightAdapter:[*] Khoi tao tab moi sach.
INFO:PlaywrightAdapter:[+] Khoi tao browser session (headed-cloaked). Seed: 89074928 | Proxy: Direct NET
INFO:PlaywrightAdapter:[*] Dieu huong toi https://www.tiktok.com/foryou?lang=en (lan 1, wait=commit)...
INFO:PlaywrightAdapter:[*] Khoi tao tab moi sach.
INFO:PlaywrightAdapter:[+] Khoi tao browser session (headed-cloaked). Seed: 1928891136 | Proxy: Direct NET
INFO:PlaywrightAdapter:[*] Dieu huong toi https://www.tiktok.com/foryou?lang=en (lan 1, wait=commit)...
INFO:PlaywrightAdapter:[*] Da tao profile moi va gan 1 extension: omocaptcha@gmail.com@1.7.7
INFO:PlaywrightAdapter:[*] Da tao profile moi va gan 1 extension: omocaptcha@gmail.com@1.7.7
INFO:PlaywrightAdapter:[Username] web='lum3bie6_fr0cli' | db='pl6_bu47'
INFO:PlaywrightAdapter:[*] Dieu huong toi https://www.tiktok.com/foryou?lang=en (lan 1, wait=commit)...
ERROR:PlaywrightAdapter:[-] Gap loi khi thao tac cap nhat thong tin ho so: Locator.wait_for: Timeout 20000ms exceeded.
Call log:
  - waiting for locator("[data-e2e=\"edit-profile-entrance\"], button:has-text(\"Edit profile\")").first to be visible

INFO:PlaywrightAdapter:[*] Dieu huong toi https://www.tiktok.com/foryou?lang=en (lan 1, wait=commit)...
INFO:PlaywrightAdapter:[+] Da nhan Save thanh cong bang dispatch_event.
INFO:PlaywrightAdapter:[+] Da dong phien trinh duyet va giai phong tai nguyen.
INFO:PlaywrightAdapter:[*] Dang don dep ho so tam thoi: C:\Users\Admin\AppData\Local\Temp\tiktok_auto_profiles\temp_d218701f-87e2-498a-95ed-64bec5502bdf
INFO:PlaywrightAdapter:[*] Dang doi trang chu TikTok on dinh phien dang nhap...
INFO:PlaywrightAdapter:[*] Dang doi trang chu TikTok on dinh phien dang nhap...
INFO:TaskDispatcher:[*] Kh\u1edfi ch\u1ea1y trình duy\u1ec7t cho tài kho\u1ea3n: nothstineschoon58@hotmail.com | Tác v\u1ee5: LOGIN_COOKIE
INFO:TikTokLoginUseCase:[Username Sync] pl6_bu47 -> lum3bie6_fr0cli
ERROR:TaskDispatcher:[-] Th\u1ea5t b\u1ea1i chung cu\u1ed9c cho tài kho\u1ea3n richarddemmin623037@outlook.com
Traceback (most recent call last):
  File "D:\tiktok_auto\.venv\Lib\site-packages\sqlalchemy\engine\base.py", line 1969, in _exec_single_context
    self.dialect.do_execute(
  File "D:\tiktok_auto\.venv\Lib\site-packages\sqlalchemy\engine\default.py", line 952, in do_execute
    cursor.execute(statement, parameters)
sqlite3.IntegrityError: UNIQUE constraint failed: accounts.username

The above exception was the direct cause of the following exception:

Traceback (most recent call last):
  File "D:\tiktok_auto\backend\app\use_cases\orchestration\task_dispatcher.py", line 731, in _execute_worker_with_semaphore
    success = await use_case.execute(account_id, method)
              ^^^^^^^^^^^^^^^^^^^^^^^^^^^^^^^^^^^^^^^^^^
  File "D:\tiktok_auto\backend\app\use_cases\auth\tiktok_login.py", line 96, in execute
    self.account_repo.save(account)
  File "D:\tiktok_auto\backend\app\infrastructure\database\sqlite_repository.py", line 134, in save
    self.session.commit()
  File "D:\tiktok_auto\.venv\Lib\site-packages\sqlalchemy\orm\session.py", line 2035, in commit
    trans.commit(_to_root=True)
  File "<string>", line 2, in commit
  File "D:\tiktok_auto\.venv\Lib\site-packages\sqlalchemy\orm\state_changes.py", line 137, in _go
    ret_value = fn(self, *arg, **kw)
                ^^^^^^^^^^^^^^^^^^^^
  File "D:\tiktok_auto\.venv\Lib\site-packages\sqlalchemy\orm\session.py", line 1316, in commit
    self._prepare_impl()
  File "<string>", line 2, in _prepare_impl
  File "D:\tiktok_auto\.venv\Lib\site-packages\sqlalchemy\orm\state_changes.py", line 137, in _go
    ret_value = fn(self, *arg, **kw)
                ^^^^^^^^^^^^^^^^^^^^
  File "D:\tiktok_auto\.venv\Lib\site-packages\sqlalchemy\orm\session.py", line 1290, in _prepare_impl
    self.session.flush()
  File "D:\tiktok_auto\.venv\Lib\site-packages\sqlalchemy\orm\session.py", line 4353, in flush
    self._flush(objects)
  File "D:\tiktok_auto\.venv\Lib\site-packages\sqlalchemy\orm\session.py", line 4488, in _flush
    with util.safe_reraise():
  File "D:\tiktok_auto\.venv\Lib\site-packages\sqlalchemy\util\langhelpers.py", line 122, in __exit__
    raise exc_value.with_traceback(exc_tb)
  File "D:\tiktok_auto\.venv\Lib\site-packages\sqlalchemy\orm\session.py", line 4449, in _flush
    flush_context.execute()
  File "D:\tiktok_auto\.venv\Lib\site-packages\sqlalchemy\orm\unitofwork.py", line 465, in execute
    rec.execute(self)
  File "D:\tiktok_auto\.venv\Lib\site-packages\sqlalchemy\orm\unitofwork.py", line 641, in execute
    util.preloaded.orm_persistence.save_obj(
  File "D:\tiktok_auto\.venv\Lib\site-packages\sqlalchemy\orm\persistence.py", line 86, in save_obj
    _emit_update_statements(
  File "D:\tiktok_auto\.venv\Lib\site-packages\sqlalchemy\orm\persistence.py", line 913, in _emit_update_statements
    c = connection.execute(
        ^^^^^^^^^^^^^^^^^^^
  File "D:\tiktok_auto\.venv\Lib\site-packages\sqlalchemy\engine\base.py", line 1421, in execute
    return meth(
           ^^^^^
  File "D:\tiktok_auto\.venv\Lib\site-packages\sqlalchemy\sql\elements.py", line 526, in _execute_on_connection
    return connection._execute_clauseelement(
           ^^^^^^^^^^^^^^^^^^^^^^^^^^^^^^^^^^
  File "D:\tiktok_auto\.venv\Lib\site-packages\sqlalchemy\engine\base.py", line 1643, in _execute_clauseelement
    ret = self._execute_context(
          ^^^^^^^^^^^^^^^^^^^^^^
  File "D:\tiktok_auto\.venv\Lib\site-packages\sqlalchemy\engine\base.py", line 1848, in _execute_context
    return self._exec_single_context(
           ^^^^^^^^^^^^^^^^^^^^^^^^^^
  File "D:\tiktok_auto\.venv\Lib\site-packages\sqlalchemy\engine\base.py", line 1988, in _exec_single_context
    self._handle_dbapi_exception(
  File "D:\tiktok_auto\.venv\Lib\site-packages\sqlalchemy\engine\base.py", line 2365, in _handle_dbapi_exception
    raise sqlalchemy_exception.with_traceback(exc_info[2]) from e
  File "D:\tiktok_auto\.venv\Lib\site-packages\sqlalchemy\engine\base.py", line 1969, in _exec_single_context
    self.dialect.do_execute(
  File "D:\tiktok_auto\.venv\Lib\site-packages\sqlalchemy\engine\default.py", line 952, in do_execute
    cursor.execute(statement, parameters)
sqlalchemy.exc.IntegrityError: (sqlite3.IntegrityError) UNIQUE constraint failed: accounts.username
[SQL: UPDATE accounts SET username=?, cookies_json=?, status=?, current_step=? WHERE accounts.email = ?]
[parameters: ('lum3bie6_fr0cli', '[{"name": "msToken", "value": "k44OGUXrMHJh6_wC9lL_aaksu-RQrJ5zXG1ox1cPIuiBVYJUX8cQEeZHKdEiVsLk-QCTrCkvNu5DGRKrCjEANJfvCHdKJHq4fKcDgauRP-TT-pRstPwRvT ... (8210 characters truncated) ... U3h7bT3ZlqNTh7PW7HhyX4YER4", "domain": "www.tiktok.com", "path": "/", "expires": 1795533036, "httpOnly": false, "secure": false, "sameSite": "None"}]', 'SUCCESS', '\u0110\u0103ng nh\u1eadp thành công', 'richarddemmin623037@outlook.com')]
(Background on this error at: https://sqlalche.me/e/20/gkpj)
INFO:PlaywrightAdapter:[+] Xac minh THANH CONG sau 3 giay (Phat hien nav-profile/upload/messages).
INFO:PlaywrightAdapter:[+] Da dong phien trinh duyet va giai phong tai nguyen.
INFO:PlaywrightAdapter:[*] Dang don dep ho so tam thoi: C:\Users\Admin\AppData\Local\Temp\tiktok_auto_profiles\temp_70b3c2ae-5ed8-4ca7-85d5-4caf622b277d
INFO:     127.0.0.1:58003 - "WebSocket /ws/screens" [accepted]
INFO:WebSocketManager:[+] K\u1ebft n\u1ed1i WebSocket m\u1edbi thi\u1ebft l\u1eadp. T\u1ed5ng k\u1ebft n\u1ed1i: 1
INFO:     connection closed
INFO:WebSocketManager:[-] M\u1ed9t k\u1ebft n\u1ed1i WebSocket \u0111ã \u0111óng. T\u1ed5ng k\u1ebft n\u1ed1i: 0
INFO:     127.0.0.1:58005 - "WebSocket /ws/screens" [accepted]
INFO:WebSocketManager:[+] K\u1ebft n\u1ed1i WebSocket m\u1edbi thi\u1ebft l\u1eadp. T\u1ed5ng k\u1ebft n\u1ed1i: 1
INFO:     connection open
INFO:PlaywrightAdapter:[LAUNCH] OK sau 17.8s (lan 1/2).
INFO:TaskDispatcher:[*] Kh\u1edfi ch\u1ea1y trình duy\u1ec7t cho tài kho\u1ea3n: odiernotipner419@hotmail.com | Tác v\u1ee5: LOGIN_COOKIE
INFO:PlaywrightAdapter:[LAUNCH] OK sau 23.8s (lan 1/2).
INFO:PlaywrightAdapter:[HWND] Detected window HWND=1706510 for this session.
INFO:PlaywrightAdapter:[WINDOW] HWND=1706510 dang CLOAK/OFF-SCREEN.
INFO:PlaywrightAdapter:[+] Xac minh THANH CONG sau 5 giay (Phat hien nav-profile/upload/messages).
INFO:PlaywrightAdapter:[Username] web='fru_sli9dr' | db='fru_sli9dr'
INFO:PlaywrightAdapter:[HWND] Detected window HWND=3148018 for this session.
INFO:PlaywrightAdapter:[WINDOW] HWND=3148018 dang CLOAK/OFF-SCREEN.
INFO:PlaywrightAdapter:[*] Khoi tao tab moi sach.
INFO:PlaywrightAdapter:[+] Khoi tao browser session (headed-cloaked). Seed: 1779554913 | Proxy: Direct NET
INFO:PlaywrightAdapter:[*] Dieu huong toi https://www.tiktok.com/foryou?lang=en (lan 1, wait=commit)...
INFO:PlaywrightAdapter:[*] Da tao profile moi va gan 1 extension: omocaptcha@gmail.com@1.7.7
INFO:PlaywrightAdapter:[*] Khoi tao tab moi sach.
INFO:PlaywrightAdapter:[+] Khoi tao browser session (headed-cloaked). Seed: 470567563 | Proxy: Direct NET
INFO:PlaywrightAdapter:[*] Dieu huong toi https://www.tiktok.com/foryou?lang=en (lan 1, wait=commit)...
INFO:PlaywrightAdapter:[*] Da tao profile moi va gan 1 extension: omocaptcha@gmail.com@1.7.7
INFO:PlaywrightAdapter:[+] Da nhan Save thanh cong bang dispatch_event.
ERROR:PlaywrightAdapter:[-] Gap loi khi thao tac cap nhat thong tin ho so: Locator.wait_for: Timeout 20000ms exceeded.
Call log:
  - waiting for locator("[data-e2e=\"edit-profile-entrance\"], button:has-text(\"Edit profile\")").first to be visible

INFO:PlaywrightAdapter:[+] Da dong phien trinh duyet va giai phong tai nguyen.
INFO:PlaywrightAdapter:[*] Dang don dep ho so tam thoi: C:\Users\Admin\AppData\Local\Temp\tiktok_auto_profiles\temp_1cdecac1-da77-4799-91dc-61f24e828b24
INFO:PlaywrightAdapter:[*] Dieu huong toi https://www.tiktok.com/foryou?lang=en (lan 1, wait=commit)...
INFO:PlaywrightAdapter:[*] Dieu huong toi https://www.tiktok.com/foryou?lang=en (lan 1, wait=commit)...
INFO:TaskDispatcher:[*] Kh\u1edfi ch\u1ea1y trình duy\u1ec7t cho tài kho\u1ea3n: welshansmusquiz4436@hotmail.com | Tác v\u1ee5: LOGIN_COOKIE
INFO:PlaywrightAdapter:[*] Dang doi trang chu TikTok on dinh phien dang nhap...
INFO:PlaywrightAdapter:[*] Dang doi trang chu TikTok on dinh phien dang nhap...
ERROR:asyncio:Task exception was never retrieved
future: <Task finished name='Task-41' coro=<ConcurrentTaskDispatcher._execute_worker_with_semaphore() done, defined at D:\tiktok_auto\backend\app\use_cases\orchestration\task_dispatcher.py:567> exception=PendingRollbackError('This Session\'s transaction has been rolled back due to a previous exception during flush. To begin a new transaction with this Session, first issue Session.rollback(). Original exception was: (sqlite3.IntegrityError) UNIQUE constraint failed: accounts.username\n[SQL: UPDATE accounts SET username=?, cookies_json=?, status=?, current_step=? WHERE accounts.email = ?]\n[parameters: (\'lum3bie6_fr0cli\', \'[{"name": "msToken", "value": "k44OGUXrMHJh6_wC9lL_aaksu-RQrJ5zXG1ox1cPIuiBVYJUX8cQEeZHKdEiVsLk-QCTrCkvNu5DGRKrCjEANJfvCHdKJHq4fKcDgauRP-TT-pRstPwRvT ... (8210 characters truncated) ... U3h7bT3ZlqNTh7PW7HhyX4YER4", "domain": "www.tiktok.com", "path": "/", "expires": 1795533036, "httpOnly": false, "secure": false, "sameSite": "None"}]\', \'SUCCESS\', \'\u0110\u0103ng nh\u1eadp thành công\', \'richarddemmin623037@outlook.com\')]\n(Background on this error at: https://sqlalche.me/e/20/gkpj)')>
Traceback (most recent call last):
  File "D:\tiktok_auto\.venv\Lib\site-packages\sqlalchemy\engine\base.py", line 1969, in _exec_single_context
    self.dialect.do_execute(
  File "D:\tiktok_auto\.venv\Lib\site-packages\sqlalchemy\engine\default.py", line 952, in do_execute
    cursor.execute(statement, parameters)
sqlite3.IntegrityError: UNIQUE constraint failed: accounts.username

The above exception was the direct cause of the following exception:

Traceback (most recent call last):
  File "D:\tiktok_auto\backend\app\use_cases\orchestration\task_dispatcher.py", line 731, in _execute_worker_with_semaphore
    success = await use_case.execute(account_id, method)
              ^^^^^^^^^^^^^^^^^^^^^^^^^^^^^^^^^^^^^^^^^^
  File "D:\tiktok_auto\backend\app\use_cases\auth\tiktok_login.py", line 96, in execute
    self.account_repo.save(account)
  File "D:\tiktok_auto\backend\app\infrastructure\database\sqlite_repository.py", line 134, in save
    self.session.commit()
  File "D:\tiktok_auto\.venv\Lib\site-packages\sqlalchemy\orm\session.py", line 2035, in commit
    trans.commit(_to_root=True)
  File "<string>", line 2, in commit
  File "D:\tiktok_auto\.venv\Lib\site-packages\sqlalchemy\orm\state_changes.py", line 137, in _go
    ret_value = fn(self, *arg, **kw)
                ^^^^^^^^^^^^^^^^^^^^
  File "D:\tiktok_auto\.venv\Lib\site-packages\sqlalchemy\orm\session.py", line 1316, in commit
    self._prepare_impl()
  File "<string>", line 2, in _prepare_impl
  File "D:\tiktok_auto\.venv\Lib\site-packages\sqlalchemy\orm\state_changes.py", line 137, in _go
    ret_value = fn(self, *arg, **kw)
                ^^^^^^^^^^^^^^^^^^^^
  File "D:\tiktok_auto\.venv\Lib\site-packages\sqlalchemy\orm\session.py", line 1290, in _prepare_impl
    self.session.flush()
  File "D:\tiktok_auto\.venv\Lib\site-packages\sqlalchemy\orm\session.py", line 4353, in flush
    self._flush(objects)
  File "D:\tiktok_auto\.venv\Lib\site-packages\sqlalchemy\orm\session.py", line 4488, in _flush
    with util.safe_reraise():
  File "D:\tiktok_auto\.venv\Lib\site-packages\sqlalchemy\util\langhelpers.py", line 122, in __exit__
    raise exc_value.with_traceback(exc_tb)
  File "D:\tiktok_auto\.venv\Lib\site-packages\sqlalchemy\orm\session.py", line 4449, in _flush
    flush_context.execute()
  File "D:\tiktok_auto\.venv\Lib\site-packages\sqlalchemy\orm\unitofwork.py", line 465, in execute
    rec.execute(self)
  File "D:\tiktok_auto\.venv\Lib\site-packages\sqlalchemy\orm\unitofwork.py", line 641, in execute
    util.preloaded.orm_persistence.save_obj(
  File "D:\tiktok_auto\.venv\Lib\site-packages\sqlalchemy\orm\persistence.py", line 86, in save_obj
    _emit_update_statements(
  File "D:\tiktok_auto\.venv\Lib\site-packages\sqlalchemy\orm\persistence.py", line 913, in _emit_update_statements
    c = connection.execute(
        ^^^^^^^^^^^^^^^^^^^
  File "D:\tiktok_auto\.venv\Lib\site-packages\sqlalchemy\engine\base.py", line 1421, in execute
    return meth(
           ^^^^^
  File "D:\tiktok_auto\.venv\Lib\site-packages\sqlalchemy\sql\elements.py", line 526, in _execute_on_connection
    return connection._execute_clauseelement(
           ^^^^^^^^^^^^^^^^^^^^^^^^^^^^^^^^^^
  File "D:\tiktok_auto\.venv\Lib\site-packages\sqlalchemy\engine\base.py", line 1643, in _execute_clauseelement
    ret = self._execute_context(
          ^^^^^^^^^^^^^^^^^^^^^^
  File "D:\tiktok_auto\.venv\Lib\site-packages\sqlalchemy\engine\base.py", line 1848, in _execute_context
    return self._exec_single_context(
           ^^^^^^^^^^^^^^^^^^^^^^^^^^
  File "D:\tiktok_auto\.venv\Lib\site-packages\sqlalchemy\engine\base.py", line 1988, in _exec_single_context
    self._handle_dbapi_exception(
  File "D:\tiktok_auto\.venv\Lib\site-packages\sqlalchemy\engine\base.py", line 2365, in _handle_dbapi_exception
    raise sqlalchemy_exception.with_traceback(exc_info[2]) from e
  File "D:\tiktok_auto\.venv\Lib\site-packages\sqlalchemy\engine\base.py", line 1969, in _exec_single_context
    self.dialect.do_execute(
  File "D:\tiktok_auto\.venv\Lib\site-packages\sqlalchemy\engine\default.py", line 952, in do_execute
    cursor.execute(statement, parameters)
sqlalchemy.exc.IntegrityError: (sqlite3.IntegrityError) UNIQUE constraint failed: accounts.username
[SQL: UPDATE accounts SET username=?, cookies_json=?, status=?, current_step=? WHERE accounts.email = ?]
[parameters: ('lum3bie6_fr0cli', '[{"name": "msToken", "value": "k44OGUXrMHJh6_wC9lL_aaksu-RQrJ5zXG1ox1cPIuiBVYJUX8cQEeZHKdEiVsLk-QCTrCkvNu5DGRKrCjEANJfvCHdKJHq4fKcDgauRP-TT-pRstPwRvT ... (8210 characters truncated) ... U3h7bT3ZlqNTh7PW7HhyX4YER4", "domain": "www.tiktok.com", "path": "/", "expires": 1795533036, "httpOnly": false, "secure": false, "sameSite": "None"}]', 'SUCCESS', '\u0110\u0103ng nh\u1eadp thành công', 'richarddemmin623037@outlook.com')]
(Background on this error at: https://sqlalche.me/e/20/gkpj)

During handling of the above exception, another exception occurred:

Traceback (most recent call last):
  File "D:\tiktok_auto\backend\app\use_cases\orchestration\task_dispatcher.py", line 953, in _execute_worker_with_semaphore
    await self._update_account_status(
  File "D:\tiktok_auto\backend\app\use_cases\orchestration\task_dispatcher.py", line 1019, in _update_account_status
    repo.update_status(account_id, status)
  File "D:\tiktok_auto\backend\app\infrastructure\database\sqlite_repository.py", line 142, in update_status
    db_row = self.session.get(AccountDbTable, account_id)
             ^^^^^^^^^^^^^^^^^^^^^^^^^^^^^^^^^^^^^^^^^^^^
  File "D:\tiktok_auto\.venv\Lib\site-packages\sqlalchemy\orm\session.py", line 3702, in get
    return self._get_impl(
           ^^^^^^^^^^^^^^^
  File "D:\tiktok_auto\.venv\Lib\site-packages\sqlalchemy\orm\session.py", line 3847, in _get_impl
    instance = self._identity_lookup(
               ^^^^^^^^^^^^^^^^^^^^^^
  File "D:\tiktok_auto\.venv\Lib\site-packages\sqlalchemy\orm\session.py", line 3021, in _identity_lookup
    return_value = loading.get_from_identity(self, mapper, key, passive)
                   ^^^^^^^^^^^^^^^^^^^^^^^^^^^^^^^^^^^^^^^^^^^^^^^^^^^^^
  File "D:\tiktok_auto\.venv\Lib\site-packages\sqlalchemy\orm\loading.py", line 479, in get_from_identity
    state._load_expired(state, passive)
  File "D:\tiktok_auto\.venv\Lib\site-packages\sqlalchemy\orm\state.py", line 828, in _load_expired
    self.manager.expired_attribute_loader(self, toload, passive)
  File "D:\tiktok_auto\.venv\Lib\site-packages\sqlalchemy\orm\loading.py", line 1674, in load_scalar_attributes
    result = load_on_ident(
             ^^^^^^^^^^^^^^
  File "D:\tiktok_auto\.venv\Lib\site-packages\sqlalchemy\orm\loading.py", line 510, in load_on_ident
    return load_on_pk_identity(
           ^^^^^^^^^^^^^^^^^^^^
  File "D:\tiktok_auto\.venv\Lib\site-packages\sqlalchemy\orm\loading.py", line 695, in load_on_pk_identity
    session.execute(
  File "D:\tiktok_auto\.venv\Lib\site-packages\sqlmodel\orm\session.py", line 136, in execute
    return super().execute(
           ^^^^^^^^^^^^^^^^
  File "D:\tiktok_auto\.venv\Lib\site-packages\sqlalchemy\orm\session.py", line 2373, in execute
    return self._execute_internal(
           ^^^^^^^^^^^^^^^^^^^^^^^
  File "D:\tiktok_auto\.venv\Lib\site-packages\sqlalchemy\orm\session.py", line 2261, in _execute_internal
    conn = self._connection_for_bind(bind)
           ^^^^^^^^^^^^^^^^^^^^^^^^^^^^^^^
  File "D:\tiktok_auto\.venv\Lib\site-packages\sqlalchemy\orm\session.py", line 2113, in _connection_for_bind
    return trans._connection_for_bind(engine, execution_options)
           ^^^^^^^^^^^^^^^^^^^^^^^^^^^^^^^^^^^^^^^^^^^^^^^^^^^^^
  File "<string>", line 2, in _connection_for_bind
  File "D:\tiktok_auto\.venv\Lib\site-packages\sqlalchemy\orm\state_changes.py", line 101, in _go
    self._raise_for_prerequisite_state(fn.__name__, current_state)
  File "D:\tiktok_auto\.venv\Lib\site-packages\sqlalchemy\orm\session.py", line 975, in _raise_for_prerequisite_state
    raise sa_exc.PendingRollbackError(
sqlalchemy.exc.PendingRollbackError: This Session's transaction has been rolled back due to a previous exception during flush. To begin a new transaction with this Session, first issue Session.rollback(). Original exception was: (sqlite3.IntegrityError) UNIQUE constraint failed: accounts.username
[SQL: UPDATE accounts SET username=?, cookies_json=?, status=?, current_step=? WHERE accounts.email = ?]
[parameters: ('lum3bie6_fr0cli', '[{"name": "msToken", "value": "k44OGUXrMHJh6_wC9lL_aaksu-RQrJ5zXG1ox1cPIuiBVYJUX8cQEeZHKdEiVsLk-QCTrCkvNu5DGRKrCjEANJfvCHdKJHq4fKcDgauRP-TT-pRstPwRvT ... (8210 characters truncated) ... U3h7bT3ZlqNTh7PW7HhyX4YER4", "domain": "www.tiktok.com", "path": "/", "expires": 1795533036, "httpOnly": false, "secure": false, "sameSite": "None"}]', 'SUCCESS', '\u0110\u0103ng nh\u1eadp thành công', 'richarddemmin623037@outlook.com')]
(Background on this error at: https://sqlalche.me/e/20/gkpj) (Background on this error at: https://sqlalche.me/e/20/7s2a)
INFO:PlaywrightAdapter:[+] Da dong phien trinh duyet va giai phong tai nguyen.
INFO:PlaywrightAdapter:[*] Dang don dep ho so tam thoi: C:\Users\Admin\AppData\Local\Temp\tiktok_auto_profiles\temp_98e19009-547d-4dce-9e1e-363a85096c44
INFO:PlaywrightAdapter:[LAUNCH] OK sau 24.9s (lan 1/2).
INFO:PlaywrightAdapter:[LAUNCH] OK sau 25.1s (lan 1/2).
INFO:TaskDispatcher:[*] Kh\u1edfi ch\u1ea1y trình duy\u1ec7t cho tài kho\u1ea3n: kineavyshataej@hotmail.com | Tác v\u1ee5: LOGIN_COOKIE
INFO:PlaywrightAdapter:[+] Xac minh THANH CONG sau 2 giay (Phat hien nav-profile/upload/messages).
INFO:PlaywrightAdapter:[+] Xac minh THANH CONG sau 2 giay (Phat hien nav-profile/upload/messages).
INFO:PlaywrightAdapter:[HWND] Detected window HWND=1378972 for this session.
INFO:PlaywrightAdapter:[WINDOW] HWND=1378972 dang CLOAK/OFF-SCREEN.
INFO:PlaywrightAdapter:[HWND] Detected window HWND=1182226 for this session.
INFO:PlaywrightAdapter:[WINDOW] HWND=1182226 dang CLOAK/OFF-SCREEN.
INFO:PlaywrightAdapter:[*] Khoi tao tab moi sach.
INFO:PlaywrightAdapter:[+] Khoi tao browser session (headed-cloaked). Seed: 642200356 | Proxy: Direct NET
INFO:PlaywrightAdapter:[*] Dieu huong toi https://www.tiktok.com/foryou?lang=en (lan 1, wait=commit)...
INFO:PlaywrightAdapter:[*] Khoi tao tab moi sach.
INFO:PlaywrightAdapter:[+] Khoi tao browser session (headed-cloaked). Seed: 17407450 | Proxy: Direct NET
INFO:PlaywrightAdapter:[*] Dieu huong toi https://www.tiktok.com/foryou?lang=en (lan 1, wait=commit)...
INFO:PlaywrightAdapter:[*] Da tao profile moi va gan 1 extension: omocaptcha@gmail.com@1.7.7
INFO:PlaywrightAdapter:[*] Da tao profile moi va gan 1 extension: omocaptcha@gmail.com@1.7.7
INFO:PlaywrightAdapter:[*] Dieu huong toi https://www.tiktok.com/foryou?lang=en (lan 1, wait=commit)...
INFO:PlaywrightAdapter:[*] Dieu huong toi https://www.tiktok.com/foryou?lang=en (lan 1, wait=commit)...
INFO:PlaywrightAdapter:[Username] web='sien8cla_ner1sw' | db='sien8cla_ner1sw'
INFO:PlaywrightAdapter:[+] Da nhan Save thanh cong bang dispatch_event.
INFO:PlaywrightAdapter:[*] Dang doi trang chu TikTok on dinh phien dang nhap...
INFO:PlaywrightAdapter:[*] Dang doi trang chu TikTok on dinh phien dang nhap...
ERROR:PlaywrightAdapter:[-] Gap loi khi thao tac cap nhat thong tin ho so: Locator.click: Timeout 30000ms exceeded.
Call log:
  - waiting for locator("[data-e2e=\"nav-profile\"], a[href^=\"/@\"]").first
    - locator resolved to <a href="/@user251727889" aria-label="\U0001f483’s profile" class="css-177cy02-7937d88b--StyledLink e4738hn20">\U0001f483</a>
  - attempting click action
    2 × waiting for element to be visible, enabled and stable
      - element is not visible
    - retrying click action
    - waiting 20ms
    2 × waiting for element to be visible, enabled and stable
      - element is not visible
    - retrying click action
      - waiting 100ms
    43 × waiting for element to be visible, enabled and stable
       - element is not visible
     - retrying click action
       - waiting 500ms

INFO:PlaywrightAdapter:[+] Da dong phien trinh duyet va giai phong tai nguyen.
INFO:PlaywrightAdapter:[*] Dang don dep ho so tam thoi: C:\Users\Admin\AppData\Local\Temp\tiktok_auto_profiles\temp_b9971ef3-e28b-42db-b837-c7cfad460016
INFO:PlaywrightAdapter:[LAUNCH] OK sau 23.0s (lan 1/2).
INFO:PlaywrightAdapter:[LAUNCH] OK sau 23.0s (lan 1/2).
INFO:TaskDispatcher:[*] Kh\u1edfi ch\u1ea1y trình duy\u1ec7t cho tài kho\u1ea3n: alyonipedrosov9555@hotmail.com | Tác v\u1ee5: LOGIN_COOKIE
INFO:PlaywrightAdapter:[+] Da dong phien trinh duyet va giai phong tai nguyen.
INFO:PlaywrightAdapter:[*] Dang don dep ho so tam thoi: C:\Users\Admin\AppData\Local\Temp\tiktok_auto_profiles\temp_657762d0-d0ec-42db-bd67-150b2f40defe
INFO:PlaywrightAdapter:[HWND] Detected window HWND=788884 for this session.
INFO:PlaywrightAdapter:[WINDOW] HWND=788884 dang CLOAK/OFF-SCREEN.
INFO:PlaywrightAdapter:[HWND] Detected window HWND=723522 for this session.
INFO:PlaywrightAdapter:[WINDOW] HWND=723522 dang CLOAK/OFF-SCREEN.
INFO:PlaywrightAdapter:[+] Xac minh THANH CONG sau 3 giay (Phat hien nav-profile/upload/messages).
INFO:PlaywrightAdapter:[+] Xac minh THANH CONG sau 3 giay (Phat hien nav-profile/upload/messages).
INFO:TaskDispatcher:[*] Kh\u1edfi ch\u1ea1y trình duy\u1ec7t cho tài kho\u1ea3n: baltaxepajorekg@hotmail.com | Tác v\u1ee5: LOGIN_COOKIE
INFO:PlaywrightAdapter:[*] Khoi tao tab moi sach.
INFO:PlaywrightAdapter:[+] Khoi tao browser session (headed-cloaked). Seed: 1175472898 | Proxy: Direct NET
INFO:PlaywrightAdapter:[*] Dieu huong toi https://www.tiktok.com/foryou?lang=en (lan 1, wait=commit)...
INFO:PlaywrightAdapter:[*] Khoi tao tab moi sach.
INFO:PlaywrightAdapter:[+] Khoi tao browser session (headed-cloaked). Seed: 1541310193 | Proxy: Direct NET
INFO:PlaywrightAdapter:[*] Dieu huong toi https://www.tiktok.com/foryou?lang=en (lan 1, wait=commit)...
INFO:PlaywrightAdapter:[*] Da tao profile moi va gan 1 extension: omocaptcha@gmail.com@1.7.7
INFO:PlaywrightAdapter:[*] Dieu huong toi https://www.tiktok.com/foryou?lang=en (lan 1, wait=commit)...
INFO:PlaywrightAdapter:[Username] web='pank8sc0_st0' | db='pank8sc0_st0'
INFO:PlaywrightAdapter:[Username] web='dr55clos20_pa2t' | db='dr55clos20_pa2t'
INFO:PlaywrightAdapter:[*] Dang doi trang chu TikTok on dinh phien dang nhap...
INFO:PlaywrightAdapter:[*] Dieu huong toi https://www.tiktok.com/foryou?lang=en (lan 1, wait=commit)...
INFO:PlaywrightAdapter:[+] Da nhan Save thanh cong bang dispatch_event.
INFO:PlaywrightAdapter:[*] Da tao profile moi va gan 1 extension: omocaptcha@gmail.com@1.7.7
INFO:PlaywrightAdapter:[+] Da nhan Save thanh cong bang dispatch_event.
INFO:PlaywrightAdapter:[*] Dang doi trang chu TikTok on dinh phien dang nhap...
INFO:PlaywrightAdapter:[LAUNCH] OK sau 13.3s (lan 1/2).
INFO:PlaywrightAdapter:[Username] web='sla71mu29_tres9' | db='sla71mu29_tres9'
INFO:PlaywrightAdapter:[Username] web='st5_stro' | db='st5_stro'
INFO:PlaywrightAdapter:[HWND] Detected window HWND=1116764 for this session.
INFO:PlaywrightAdapter:[WINDOW] HWND=1116764 dang CLOAK/OFF-SCREEN.
INFO:PlaywrightAdapter:[+] Xac minh THANH CONG sau 4 giay (Phat hien nav-profile/upload/messages).
INFO:PlaywrightAdapter:[*] Khoi tao tab moi sach.
INFO:PlaywrightAdapter:[+] Khoi tao browser session (headed-cloaked). Seed: 2035334083 | Proxy: Direct NET
INFO:PlaywrightAdapter:[*] Dieu huong toi https://www.tiktok.com/foryou?lang=en (lan 1, wait=commit)...
INFO:PlaywrightAdapter:[+] Xac minh THANH CONG sau 6 giay (Phat hien nav-profile/upload/messages).
INFO:PlaywrightAdapter:[+] Da dong phien trinh duyet va giai phong tai nguyen.
INFO:PlaywrightAdapter:[*] Dang don dep ho so tam thoi: C:\Users\Admin\AppData\Local\Temp\tiktok_auto_profiles\temp_d6af357d-3b21-4924-9980-55fad19409fe
INFO:PlaywrightAdapter:[+] Da nhan Save thanh cong bang dispatch_event.
INFO:PlaywrightAdapter:[+] Da dong phien trinh duyet va giai phong tai nguyen.
INFO:PlaywrightAdapter:[*] Dang don dep ho so tam thoi: C:\Users\Admin\AppData\Local\Temp\tiktok_auto_profiles\temp_5827819f-2b22-49e4-b63f-82e42b4dd683
INFO:PlaywrightAdapter:[*] Dieu huong toi https://www.tiktok.com/foryou?lang=en (lan 1, wait=commit)...
INFO:PlaywrightAdapter:[+] Da nhan Save thanh cong bang dispatch_event.
INFO:PlaywrightAdapter:[LAUNCH] OK sau 19.5s (lan 1/2).
INFO:TaskDispatcher:[*] Kh\u1edfi ch\u1ea1y trình duy\u1ec7t cho tài kho\u1ea3n: mezickrbugaiskik3505@hotmail.com | Tác v\u1ee5: LOGIN_COOKIE
INFO:TaskDispatcher:[*] Kh\u1edfi ch\u1ea1y trình duy\u1ec7t cho tài kho\u1ea3n: crawerstrakonu@hotmail.com | Tác v\u1ee5: LOGIN_COOKIE
INFO:PlaywrightAdapter:[*] Dang doi trang chu TikTok on dinh phien dang nhap...
INFO:PlaywrightAdapter:[*] Da tao profile moi va gan 1 extension: omocaptcha@gmail.com@1.7.7
INFO:PlaywrightAdapter:[HWND] Detected window HWND=2099210 for this session.
INFO:PlaywrightAdapter:[WINDOW] HWND=2099210 dang CLOAK/OFF-SCREEN.
INFO:PlaywrightAdapter:[*] Khoi tao tab moi sach.
INFO:PlaywrightAdapter:[+] Khoi tao browser session (headed-cloaked). Seed: 326312718 | Proxy: Direct NET
INFO:PlaywrightAdapter:[*] Dieu huong toi https://www.tiktok.com/foryou?lang=en (lan 1, wait=commit)...
INFO:PlaywrightAdapter:[+] Da dong phien trinh duyet va giai phong tai nguyen.
INFO:PlaywrightAdapter:[*] Dang don dep ho so tam thoi: C:\Users\Admin\AppData\Local\Temp\tiktok_auto_profiles\temp_f8a427bc-b401-4a04-bfc2-8e5bd985962a
INFO:PlaywrightAdapter:[+] Da dong phien trinh duyet va giai phong tai nguyen.
INFO:PlaywrightAdapter:[*] Dang don dep ho so tam thoi: C:\Users\Admin\AppData\Local\Temp\tiktok_auto_profiles\temp_5251b1d4-f222-4050-bd92-a5ee9d895820
INFO:PlaywrightAdapter:[+] Xac minh THANH CONG sau 1 giay (Phat hien nav-profile/upload/messages).
INFO:PlaywrightAdapter:[*] Dieu huong toi https://www.tiktok.com/foryou?lang=en (lan 1, wait=commit)...
INFO:TaskDispatcher:[*] Kh\u1edfi ch\u1ea1y trình duy\u1ec7t cho tài kho\u1ea3n: trinhthongphat2@hotmail.com | Tác v\u1ee5: LOGIN_COOKIE
INFO:TaskDispatcher:[*] Kh\u1edfi ch\u1ea1y trình duy\u1ec7t cho tài kho\u1ea3n: leemnhut18@hotmail.com | Tác v\u1ee5: LOGIN_COOKIE
INFO:PlaywrightAdapter:[*] Dang doi trang chu TikTok on dinh phien dang nhap...
INFO:PlaywrightAdapter:[*] Da tao profile moi va gan 1 extension: omocaptcha@gmail.com@1.7.7
INFO:PlaywrightAdapter:[Username] web='meny84_soy' | db='meny84_soy'
INFO:PlaywrightAdapter:[Username] web='de61_swe97fru' | db='de61_swe97fru'
INFO:PlaywrightAdapter:[LAUNCH] OK sau 12.8s (lan 1/2).
INFO:PlaywrightAdapter:[+] Da nhan Save thanh cong bang dispatch_event.
INFO:PlaywrightAdapter:[+] Xac minh THANH CONG sau 4 giay (Phat hien nav-profile/upload/messages).
INFO:PlaywrightAdapter:[HWND] Detected window HWND=5441704 for this session.
INFO:PlaywrightAdapter:[WINDOW] HWND=5441704 dang CLOAK/OFF-SCREEN.
INFO:PlaywrightAdapter:[*] Khoi tao tab moi sach.
INFO:PlaywrightAdapter:[+] Khoi tao browser session (headed-cloaked). Seed: 1478543591 | Proxy: Direct NET
INFO:PlaywrightAdapter:[*] Dieu huong toi https://www.tiktok.com/foryou?lang=en (lan 1, wait=commit)...
INFO:PlaywrightAdapter:[+] Da nhan Save thanh cong bang dispatch_event.
INFO:PlaywrightAdapter:[*] Da tao profile moi va gan 1 extension: omocaptcha@gmail.com@1.7.7
INFO:PlaywrightAdapter:[*] Dieu huong toi https://www.tiktok.com/foryou?lang=en (lan 1, wait=commit)...
INFO:PlaywrightAdapter:[*] Dang doi trang chu TikTok on dinh phien dang nhap...
INFO:PlaywrightAdapter:[LAUNCH] OK sau 15.8s (lan 1/2).
INFO:PlaywrightAdapter:[LAUNCH] OK sau 13.8s (lan 1/2).
INFO:PlaywrightAdapter:[HWND] Detected window HWND=1181368 for this session.
INFO:PlaywrightAdapter:[WINDOW] HWND=1181368 dang CLOAK/OFF-SCREEN.
WARNING:PlaywrightAdapter:[Username] Bo qua xu ly username do loi: Locator.wait_for: Timeout 8000ms exceeded.
Call log:
  - waiting for locator("div[role=\"dialog\"] input[placeholder=\"Username\" i], div[role=\"dialog\"] input[name=\"username\"], input[placeholder=\"Username\" i]").first to be visible

ERROR:asyncio:Future exception was never retrieved
future: <Future finished exception=TargetClosedError('Target page, context or browser has been closed\nBrowser logs:\n\n[pid=33984][out]     - NO_MODIFICATION_ALLOWED_ERR = 7\n[pid=33984][out]     - QUOTA_EXCEEDED_ERR = 22\n[pid=33984][out]     - SECURITY_ERR = 18\n[pid=33984][out]     - SYNTAX_ERR = 12\n[pid=33984][out]     - TIMEOUT_ERR = 23\n[pid=33984][out]     - TYPE_MISMATCH_ERR = 17\n[pid=33984][out]     - URL_MISMATCH_ERR = 21\n[pid=33984][out]     - VALIDATION_ERR = 16\n[pid=33984][out]     - WRONG_DOCUMENT_ERR = 4\n[pid=33984][out]     - code = 12\n[pid=33984][out]     - columnNumber = 11\n[pid=33984][out]     - data = null\n[pid=33984][out]     - filename = resource://gre/modules/ServiceRequest.sys.mjs\n[pid=33984][out]     - lineNumber = 126\n[pid=33984][out]     - location = {"name":"open","filename":"resource://gre/modules/ServiceRequest.sys.mjs","sourceId":27,"lineNumber":126,"columnNumber":11,"asyncCause":null,"asyncCaller":null,"caller":{"filename":"resource://services-settings/Utils.sys.mjs","name":"fetch/<","sourceId":26,"lineNumber":284,"columnNumber":15,"asyncCause":null,"asyncCaller":null,"caller":{"filename":"resource://services-settings/Utils.sys.mjs","name":"fetch","sourceId":26,"lineNumber":235,"columnNumber":12,"asyncCause":null,"asyncCaller":null,"caller":{"filename":"resource://services-settings/Utils.sys.mjs","name":"fetchLatestChanges","sourceId":26,"lineNumber":446,"columnNumber":34,"asyncCause":null,"asyncCaller":null,"caller":{"filename":"resource://services-settings/RemoteSettingsClient.sys.mjs","name":"sync","sourceId":24,"lineNumber":664,"columnNumber":42,"asyncCause":null,"asyncCaller":null,"caller":{"filename":"resource://services-settings/RemoteSettingsClient.sys.mjs","name":"get/this._importingPromise<","sourceId":24,"lineNumber":502,"columnNumber":28,"asyncCause":null,"asyncCaller":null,"caller":null,"formattedStack":"get/this._importingPromise<@resource://services-settings/RemoteSettingsClient.sys.mjs:502:28\\n","nativeSavedFrame":{}},"formattedStack":"sync@resource://services-settings/RemoteSettingsClient.sys.mjs:664:42\\nget/this._importingPromise<@resource://services-settings/RemoteSettingsClient.sys.mjs:502:28\\n","nativeSavedFrame":{}},"formattedStack":"fetchLatestChanges@resource://services-settings/Utils.sys.mjs:446:34\\nsync@resource://services-settings/RemoteSettingsClient.sys.mjs:664:42\\nget/this._importingPromise<@resource://services-settings/RemoteSettingsClient.sys.mjs:502:28\\n","nativeSavedFrame":{}},"formattedStack":"fetch@resource://services-settings/Utils.sys.mjs:235:12\\nfetchLatestChanges@resource://services-settings/Utils.sys.mjs:446:34\\nsync@resource://services-settings/RemoteSettingsClient.sys.mjs:664:42\\nget/this._importingPromise<@resource://services-settings/RemoteSettingsClient.sys.mjs:502:28\\n","nativeSavedFrame":{}},"formattedStack":"fetch/<@resource://services-settings/Utils.sys.mjs:284:15\\nfetch@resource://services-settings/Utils.sys.mjs:235:12\\nfetchLatestChanges@resource://services-settings/Utils.sys.mjs:446:34\\nsync@resource://services-settings/RemoteSettingsClient.sys.mjs:664:42\\nget/this._importingPromise<@resource://services-settings/RemoteSettingsClient.sys.mjs:502:28\\n","nativeSavedFrame":{}},"formattedStack":"open@resource://gre/modules/ServiceRequest.sys.mjs:126:11\\nfetch/<@resource://services-settings/Utils.sys.mjs:284:15\\nfetch@resource://services-settings/Utils.sys.mjs:235:12\\nfetchLatestChanges@resource://services-settings/Utils.sys.mjs:446:34\\nsync@resource://services-settings/RemoteSettingsClient.sys.mjs:664:42\\nget/this._importingPromise<@resource://services-settings/RemoteSettingsClient.sys.mjs:502:28\\n","nativeSavedFrame":{}}\n[pid=33984][out]     - message = XMLHttpRequest.open: \'/buckets/monitor/collections/changes/changeset?collection=mfcdm-origins-list&bucket=main&_expected=0\' is not a valid URL.\n[pid=33984][out]     - name = SyntaxError\n[pid=33984][out]     - result = 2152923148\n[pid=33984][out]     - stack = open@resource://gre/modules/ServiceRequest.sys.mjs:126:11|fetch/<@resource://services-settings/Utils.sys.mjs:284:15|fetch@resource://services-settings/Utils.sys.mjs:235:12|fetchLatestChanges@resource://services-settings/Utils.sys.mjs:446:34|sync@resource://services-settings/RemoteSettingsClient.sys.mjs:664:42|get/this._importingPromise<@resource://services-settings/RemoteSettingsClient.sys.mjs:502:28|\n[pid=33984][out]   - prototype Error\n[pid=33984][out]   - prototype Object\n[pid=33984][out] console.error: services.settings: \n[pid=33984][out] DOMException\n[pid=33984][out]   - prototype DOMException\n[pid=33984][out]     - ABORT_ERR = 20\n[pid=33984][out]     - DATA_CLONE_ERR = 25\n[pid=33984][out]     - DOMSTRING_SIZE_ERR = 2\n[pid=33984][out]     - HIERARCHY_REQUEST_ERR = 3\n[pid=33984][out]     - INDEX_SIZE_ERR = 1\n[pid=33984][out]     - INUSE_ATTRIBUTE_ERR = 10\n[pid=33984][out]     - INVALID_ACCESS_ERR = 15\n[pid=33984][out]     - INVALID_CHARACTER_ERR = 5\n[pid=33984][out]     - INVALID_MODIFICATION_ERR = 13\n[pid=33984][out]     - INVALID_NODE_TYPE_ERR = 24\n[pid=33984][out]     - INVALID_STATE_ERR = 11\n[pid=33984][out]     - NAMESPACE_ERR = 14\n[pid=33984][out]     - NETWORK_ERR = 19\n[pid=33984][out]     - NOT_FOUND_ERR = 8\n[pid=33984][out]     - NOT_SUPPORTED_ERR = 9\n[pid=33984][out]     - NO_DATA_ALLOWED_ERR = 6\n[pid=33984][out]     - NO_MODIFICATION_ALLOWED_ERR = 7\n[pid=33984][out]     - QUOTA_EXCEEDED_ERR = 22\n[pid=33984][out]     - SECURITY_ERR = 18\n[pid=33984][out]     - SYNTAX_ERR = 12\n[pid=33984][out]     - TIMEOUT_ERR = 23\n[pid=33984][out]     - TYPE_MISMATCH_ERR = 17\n[pid=33984][out]     - URL_MISMATCH_ERR = 21\n[pid=33984][out]     - VALIDATION_ERR = 16\n[pid=33984][out]     - WRONG_DOCUMENT_ERR = 4\n[pid=33984][out]     - code = 12\n[pid=33984][out]     - columnNumber = 11\n[pid=33984][out]     - data = null\n[pid=33984][out]     - filename = resource://gre/modules/ServiceRequest.sys.mjs\n[pid=33984][out]     - lineNumber = 126\n[pid=33984][out]     - location = {"name":"open","filename":"resource://gre/modules/ServiceRequest.sys.mjs","sourceId":27,"lineNumber":126,"columnNumber":11,"asyncCause":null,"asyncCaller":null,"caller":{"filename":"resource://services-settings/Utils.sys.mjs","name":"fetch/<","sourceId":26,"lineNumber":284,"columnNumber":15,"asyncCause":null,"asyncCaller":null,"caller":{"filename":"resource://services-settings/Utils.sys.mjs","name":"fetch","sourceId":26,"lineNumber":235,"columnNumber":12,"asyncCause":null,"asyncCaller":null,"caller":{"filename":"resource://services-settings/Utils.sys.mjs","name":"fetchLatestChanges","sourceId":26,"lineNumber":446,"columnNumber":34,"asyncCause":null,"asyncCaller":null,"caller":{"filename":"resource://services-settings/RemoteSettingsClient.sys.mjs","name":"sync","sourceId":24,"lineNumber":664,"columnNumber":42,"asyncCause":null,"asyncCaller":null,"caller":{"filename":"resource://services-settings/RemoteSettingsClient.sys.mjs","name":"get/this._importingPromise<","sourceId":24,"lineNumber":502,"columnNumber":28,"asyncCause":null,"asyncCaller":null,"caller":null,"formattedStack":"get/this._importingPromise<@resource://services-settings/RemoteSettingsClient.sys.mjs:502:28\\n","nativeSavedFrame":{}},"formattedStack":"sync@resource://services-settings/RemoteSettingsClient.sys.mjs:664:42\\nget/this._importingPromise<@resource://services-settings/RemoteSettingsClient.sys.mjs:502:28\\n","nativeSavedFrame":{}},"formattedStack":"fetchLatestChanges@resource://services-settings/Utils.sys.mjs:446:34\\nsync@resource://services-settings/RemoteSettingsClient.sys.mjs:664:42\\nget/this._importingPromise<@resource://services-settings/RemoteSettingsClient.sys.mjs:502:28\\n","nativeSavedFrame":{}},"formattedStack":"fetch@resource://services-settings/Utils.sys.mjs:235:12\\nfetchLatestChanges@resource://services-settings/Utils.sys.mjs:446:34\\nsync@resource://services-settings/RemoteSettingsClient.sys.mjs:664:42\\nget/this._importingPromise<@resource://services-settings/RemoteSettingsClient.sys.mjs:502:28\\n","nativeSavedFrame":{}},"formattedStack":"fetch/<@resource://services-settings/Utils.sys.mjs:284:15\\nfetch@resource://services-settings/Utils.sys.mjs:235:12\\nfetchLatestChanges@resource://services-settings/Utils.sys.mjs:446:34\\nsync@resource://services-settings/RemoteSettingsClient.sys.mjs:664:42\\nget/this._importingPromise<@resource://services-settings/RemoteSettingsClient.sys.mjs:502:28\\n","nativeSavedFrame":{}},"formattedStack":"open@resource://gre/modules/ServiceRequest.sys.mjs:126:11\\nfetch/<@resource://services-settings/Utils.sys.mjs:284:15\\nfetch@resource://services-settings/Utils.sys.mjs:235:12\\nfetchLatestChanges@resource://services-settings/Utils.sys.mjs:446:34\\nsync@resource://services-settings/RemoteSettingsClient.sys.mjs:664:42\\nget/this._importingPromise<@resource://services-settings/RemoteSettingsClient.sys.mjs:502:28\\n","nativeSavedFrame":{}}\n[pid=33984][out]     - message = XMLHttpRequest.open: \'/buckets/monitor/collections/changes/changeset?collection=mfcdm-origins-list&bucket=main&_expected=0\' is not a valid URL.\n[pid=33984][out]     - name = SyntaxError\n[pid=33984][out]     - result = 2152923148\n[pid=33984][out]     - stack = open@resource://gre/modules/ServiceRequest.sys.mjs:126:11|fetch/<@resource://services-settings/Utils.sys.mjs:284:15|fetch@resource://services-settings/Utils.sys.mjs:235:12|fetchLatestChanges@resource://services-settings/Utils.sys.mjs:446:34|sync@resource://services-settings/RemoteSettingsClient.sys.mjs:664:42|get/this._importingPromise<@resource://services-settings/RemoteSettingsClient.sys.mjs:502:28|\n[pid=33984][out]   - prototype Error\n[pid=33984][out]   - prototype Object\n[pid=33984][out] console.warn: RSLoader: Recipe train-hop-co-enroll-pilot-to-beta-co-enrollment-1 not returned from collection nimbus-secure-experiments because it does not contain at least one required feature ID.\n[pid=33984][out] console.warn: RSLoader: Recipe train-hop-co-enroll-pilot-to-beta-co-enrollment-2 not returned from collection nimbus-secure-experiments because it does not contain at least one required feature ID.\n[pid=33984][out] console.error: SearchTelemetry: "Could not download file:" (new ServerInfoError("Server response is invalid SyntaxError: XMLHttpRequest.open: \'/\' is not a valid URL.", "resource://services-settings/Attachments.sys.mjs", 40))\n[pid=33984][out] console.warn: RSLoader: Recipe train-hop-co-enroll-pilot-to-beta-co-enrollment-1 not returned from collection nimbus-secure-experiments because it does not contain at least one required feature ID.\n[pid=33984][out] console.warn: RSLoader: Recipe train-hop-co-enroll-pilot-to-beta-co-enrollment-2 not returned from collection nimbus-secure-experiments because it does not contain at least one required feature ID.\n[pid=33984][out] console.error: (new ServerInfoError("Server response is invalid SyntaxError: XMLHttpRequest.open: \'/\' is not a valid URL.", "resource://services-settings/Attachments.sys.mjs", 40))\n[pid=33984][out] console.warn: BackupService: "Path failed existence check :" null\n[pid=33984][out] console.error: services.settings: \n[pid=33984][out] DOMException\n[pid=33984][out]   - prototype DOMException\n[pid=33984][out]     - ABORT_ERR = 20\n[pid=33984][out]     - DATA_CLONE_ERR = 25\n[pid=33984][out]     - DOMSTRING_SIZE_ERR = 2\n[pid=33984][out]     - HIERARCHY_REQUEST_ERR = 3\n[pid=33984][out]     - INDEX_SIZE_ERR = 1\n[pid=33984][out]     - INUSE_ATTRIBUTE_ERR = 10\n[pid=33984][out]     - INVALID_ACCESS_ERR = 15\n[pid=33984][out]     - INVALID_CHARACTER_ERR = 5\n[pid=33984][out]     - INVALID_MODIFICATION_ERR = 13\n[pid=33984][out]     - INVALID_NODE_TYPE_ERR = 24\n[pid=33984][out]     - INVALID_STATE_ERR = 11\n[pid=33984][out]     - NAMESPACE_ERR = 14\n[pid=33984][out]     - NETWORK_ERR = 19\n[pid=33984][out]     - NOT_FOUND_ERR = 8\n[pid=33984][out]     - NOT_SUPPORTED_ERR = 9\n[pid=33984][out]     - NO_DATA_ALLOWED_ERR = 6\n[pid=33984][out]     - NO_MODIFICATION_ALLOWED_ERR = 7\n[pid=33984][out]     - QUOTA_EXCEEDED_ERR = 22\n[pid=33984][out]     - SECURITY_ERR = 18\n[pid=33984][out]     - SYNTAX_ERR = 12\n[pid=33984][out]     - TIMEOUT_ERR = 23\n[pid=33984][out]     - TYPE_MISMATCH_ERR = 17\n[pid=33984][out]     - URL_MISMATCH_ERR = 21\n[pid=33984][out]     - VALIDATION_ERR = 16\n[pid=33984][out]     - WRONG_DOCUMENT_ERR = 4\n[pid=33984][out]     - code = 12\n[pid=33984][out]     - columnNumber = 11\n[pid=33984][out]     - data = null\n[pid=33984][out]     - filename = resource://gre/modules/ServiceRequest.sys.mjs\n[pid=33984][out]     - lineNumber = 126\n[pid=33984][out]     - location = {"name":"open","filename":"resource://gre/modules/ServiceRequest.sys.mjs","sourceId":27,"lineNumber":126,"columnNumber":11,"asyncCause":null,"asyncCaller":null,"caller":{"filename":"resource://services-settings/Utils.sys.mjs","name":"fetch/<","sourceId":26,"lineNumber":284,"columnNumber":15,"asyncCause":null,"asyncCaller":null,"caller":{"filename":"resource://services-settings/Utils.sys.mjs","name":"fetch","sourceId":26,"lineNumber":235,"columnNumber":12,"asyncCause":null,"asyncCaller":null,"caller":{"filename":"resource://services-settings/Utils.sys.mjs","name":"fetchLatestChanges","sourceId":26,"lineNumber":446,"columnNumber":34,"asyncCause":null,"asyncCaller":null,"caller":{"filename":"resource://services-settings/RemoteSettingsClient.sys.mjs","name":"sync","sourceId":24,"lineNumber":664,"columnNumber":42,"asyncCause":null,"asyncCaller":null,"caller":{"filename":"resource://services-settings/RemoteSettingsClient.sys.mjs","name":"get/this._importingPromise<","sourceId":24,"lineNumber":502,"columnNumber":28,"asyncCause":null,"asyncCaller":null,"caller":null,"formattedStack":"get/this._importingPromise<@resource://services-settings/RemoteSettingsClient.sys.mjs:502:28\\n","nativeSavedFrame":{}},"formattedStack":"sync@resource://services-settings/RemoteSettingsClient.sys.mjs:664:42\\nget/this._importingPromise<@resource://services-settings/RemoteSettingsClient.sys.mjs:502:28\\n","nativeSavedFrame":{}},"formattedStack":"fetchLatestChanges@resource://services-settings/Utils.sys.mjs:446:34\\nsync@resource://services-settings/RemoteSettingsClient.sys.mjs:664:42\\nget/this._importingPromise<@resource://services-settings/RemoteSettingsClient.sys.mjs:502:28\\n","nativeSavedFrame":{}},"formattedStack":"fetch@resource://services-settings/Utils.sys.mjs:235:12\\nfetchLatestChanges@resource://services-settings/Utils.sys.mjs:446:34\\nsync@resource://services-settings/RemoteSettingsClient.sys.mjs:664:42\\nget/this._importingPromise<@resource://services-settings/RemoteSettingsClient.sys.mjs:502:28\\n","nativeSavedFrame":{}},"formattedStack":"fetch/<@resource://services-settings/Utils.sys.mjs:284:15\\nfetch@resource://services-settings/Utils.sys.mjs:235:12\\nfetchLatestChanges@resource://services-settings/Utils.sys.mjs:446:34\\nsync@resource://services-settings/RemoteSettingsClient.sys.mjs:664:42\\nget/this._importingPromise<@resource://services-settings/RemoteSettingsClient.sys.mjs:502:28\\n","nativeSavedFrame":{}},"formattedStack":"open@resource://gre/modules/ServiceRequest.sys.mjs:126:11\\nfetch/<@resource://services-settings/Utils.sys.mjs:284:15\\nfetch@resource://services-settings/Utils.sys.mjs:235:12\\nfetchLatestChanges@resource://services-settings/Utils.sys.mjs:446:34\\nsync@resource://services-settings/RemoteSettingsClient.sys.mjs:664:42\\nget/this._importingPromise<@resource://services-settings/RemoteSettingsClient.sys.mjs:502:28\\n","nativeSavedFrame":{}}\n[pid=33984][out]     - message = XMLHttpRequest.open: \'/buckets/monitor/collections/changes/changeset?collection=search-config-icons&bucket=main&_expected=0\' is not a valid URL.\n[pid=33984][out]     - name = SyntaxError\n[pid=33984][out]     - result = 2152923148\n[pid=33984][out]     - stack = open@resource://gre/modules/ServiceRequest.sys.mjs:126:11|fetch/<@resource://services-settings/Utils.sys.mjs:284:15|fetch@resource://services-settings/Utils.sys.mjs:235:12|fetchLatestChanges@resource://services-settings/Utils.sys.mjs:446:34|sync@resource://services-settings/RemoteSettingsClient.sys.mjs:664:42|get/this._importingPromise<@resource://services-settings/RemoteSettingsClient.sys.mjs:502:28|\n[pid=33984][out]   - prototype Error\n[pid=33984][out]   - prototype Object\n[pid=33984][out] console.warn: services.settings: #fetchAttachment: Forcing fallbackToDump to false due to Utils.LOAD_DUMPS being false\n[pid=33984][out] console.error: (new NotFoundError("Could not find fa0fc42c-d91d-fca7-34eb-806ff46062dc in cache or dump", "resource://services-settings/Attachments.sys.mjs", 48))\n[pid=33984][out] console.warn: "Unable to find the attachment for" "fa0fc42c-d91d-fca7-34eb-806ff46062dc"\n[pid=33984][out] [PARENT-ACTOR] actorCreated browserId=13 isCG=true parent=false\n[pid=33984][out] [PARENT-ACTOR] registered pending actor for browserId=13\n[pid=33984][out] [PARENT-ACTOR] target=false for browserId=13\n[pid=33984][out] [PARENT-ACTOR] wireToTarget: bound to target 19d1a7bb-70c1-47ea-8d4b-e296566c260d for browserId=13\n[pid=33984][out] [FrameTree] removeListeners(_eventListeners) failed (half-destroyed webProgress): Component returned failure code: 0x80004005 (NS_ERROR_FAILURE) [nsIWebProgress.removeProgressListener]\n[pid=33984][out] [PARENT-ACTOR] actorCreated browserId=13 isCG=true parent=false\n[pid=33984][out] [PARENT-ACTOR] target=true for browserId=13\n[pid=33984][out] [PARENT-ACTOR] calling setActor for target 19d1a7bb-70c1-47ea-8d4b-e296566c260d\n[pid=33984][out] [PARENT-ACTOR] setActor done\n[pid=33984][err] JavaScript warning: https://lf16-tiktok-web.tiktokcdn-us.com/obj/tiktok-web-tx/tiktok/webapp/main/react-v18/webapp-desktop/static/js/player.init.b7908976.js, line 4552: WEBGL_debug_renderer_info is deprecated in Firefox and will be removed. Please use RENDERER.\n[pid=33984][err] JavaScript error: https://lf16-tiktok-web.tiktokcdn-us.com/obj/tiktok-web-tx/tiktok/webapp/main/react-v18/webapp-desktop/static/js/builder-runtime.b7f3b5d2.js, line 1: ChunkLoadError: Loading chunk 82403 failed.\n[pid=33984][err] (error: https://lf16-tiktok-web.tiktokcdn-us.com/obj/tiktok-web-tx/tiktok/webapp/main/react-v18/webapp-desktop/static/js/async/item-list-cache.081d6008.js)\n[pid=33984][err] [Child 34436, MediaDecoderStateMachine #1] WARNING: Decoder=231fa986b00 Decode error: NS_ERROR_DOM_MEDIA_NOT_SUPPORTED_ERR (0x806e0003) - Utility MF Media Engine CDM only support for media engine playback: file ./../../../dom/media/MediaDecoderStateMachineBase.cpp:168\n[pid=33984][err] JavaScript warning: https://lf16-tiktok-web.tiktokcdn-us.com/obj/tiktok-web-tx/tiktok/webapp/main/react-v18/webapp-desktop/static/js/27663.1e93b95a.js, line 6: This error message will be blank when privacy.resistFingerprinting = true.  If it is really necessary, please add it to the whitelist in MediaError::GetMessage: Failed to decode media\n[pid=33984][out] [PARENT-ACTOR] actorCreated browserId=13 isCG=true parent=false\n[pid=33984][out] [PARENT-ACTOR] target=true for browserId=13\n[pid=33984][out] [PARENT-ACTOR] calling setActor for target 19d1a7bb-70c1-47ea-8d4b-e296566c260d\n[pid=33984][out] [PARENT-ACTOR] setActor done\n[pid=33984][err] [Child 34436, MediaDecoderStateMachine #1] WARNING: Decoder=23180fe2100 Decode error: NS_ERROR_DOM_MEDIA_NOT_SUPPORTED_ERR (0x806e0003) - Utility MF Media Engine CDM only support for media engine playback: file ./../../../dom/media/MediaDecoderStateMachineBase.cpp:168\n[pid=33984][err] JavaScript warning: https://lf16-tiktok-web.tiktokcdn-us.com/obj/tiktok-web-tx/tiktok/webapp/main/react-v18/webapp-desktop/static/js/27663.1e93b95a.js, line 6: This error message will be blank when privacy.resistFingerprinting = true.  If it is really necessary, please add it to the whitelist in MediaError::GetMessage: Failed to decode media\n[pid=33984][err] JavaScript warning: https://lf16-tiktok-web.tiktokcdn-us.com/obj/tiktok-web-tx/webmssdk/2.0.0.514/webmssdk.js, line 1: WEBGL_debug_renderer_info is deprecated in Firefox and will be removed. Please use RENDERER.\n[pid=33984][out] console.error: (new Error("Polling for changes failed: XMLHttpRequest.open: \'/buckets/monitor/collections/changes/changeset?_expected=0\' is not a valid URL..", "resource://services-settings/remote-settings.sys.mjs", 482))\n[pid=33984][err] JavaScript warning: https://lf16-tiktok-web.tiktokcdn-us.com/obj/tiktok-web-tx/webmssdk_ex/2.0.0.1632/webmssdk_ex.js, line 1: WEBGL_debug_renderer_info is deprecated in Firefox and will be removed. Please use RENDERER.\n[pid=33984][out] \n[pid=33984][out]         ERROR: error in channel "content::13/15/3": exception while running method "scrollIntoViewIfNeeded" in namespace "page": Node does not have a layout object  \n[pid=33984][out]       \n[pid=33984][out]         ERROR: error in channel "content::13/15/3": exception while running method "scrollIntoViewIfNeeded" in namespace "page": Node does not have a layout object  \n[pid=33984][out]       \n[pid=33984][out]         ERROR: error in channel "content::13/15/3": exception while running method "scrollIntoViewIfNeeded" in namespace "page": Node does not have a layout object  \n[pid=33984] <gracefully close start>\n[pid=33984][out]       console.error: (new TypeError("can\'t access property \\"store\\", lazy.AboutNewTab.activityStream is null", "resource:///modules/AboutHomeStartupCache.sys.mjs", 407))\n[pid=33984][out] [FrameTree] removeListeners(_eventListeners) failed (half-destroyed webProgress): Component returned failure code: 0x80004005 (NS_ERROR_FAILURE) [nsIWebProgress.removeProgressListener]\n[pid=33984][err] JavaScript error: chrome://juggler/content/NetworkObserver.js, line 353: NS_ERROR_NOT_AVAILABLE: Component returned failure code: 0x80040111 (NS_ERROR_NOT_AVAILABLE) [nsINetworkInterceptController.channelIntercepted]\n[pid=33984][out] console.error: "error_support::handling: remote-settings-unexpected: Error sending request: [no-sentry] Backend error: Failed to get response status (0x80040111)"\n[pid=33984][out] console.error: "app-services-error-reporter::error: Error sending request: [no-sentry] Backend error: Failed to get response status (0x80040111)"\n[pid=33984][out] console.error: "error_support::handling: suggest-unexpected: Error from Remote Settings: Remote settings error: Error sending request: [no-sentry] Backend error: Failed to get response status (0x80040111)"\n[pid=33984][out] console.error: "app-services-error-reporter::error: Error from Remote Settings: Remote settings error: Error sending request: [no-sentry] Backend error: Failed to get response status (0x80040111)"\n[pid=33984][out] console.error: URLBar - QuickSuggest.SuggestBackendRust: "Ingest error" ({type:"Amp", error:(new Error("reason: Error from Remote Settings: Remote settings error: Error sending request: [no-sentry] Backend error: Failed to get response status (0x80040111)", "moz-src:///toolkit/components/uniffi-bindgen-gecko-js/components/generated/RustSuggest.sys.mjs", 3616)), reason:"Error from Remote Settings: Remote settings error: Error sending request: [no-sentry] Backend error: Failed to get response status (0x80040111)"})\n[pid=33984][out] console.error: URLBar - QuickSuggest.SuggestBackendRust: "Ingest error" ({type:"Mdn", error:(new Error("reason: Error from Remote Settings: Remote settings error: Error sending request: [no-sentry] Backend error: Request destroyed without completion (0x80004004)", "moz-src:///toolkit/components/uniffi-bindgen-gecko-js/components/generated/RustSuggest.sys.mjs", 3616)), reason:"Error from Remote Settings: Remote settings error: Error sending request: [no-sentry] Backend error: Request destroyed without completion (0x80004004)"})\nCall log:\n  - taking page screenshot\n  - waiting for fonts to load...\n  - fonts loaded\n')>
playwright._impl._errors.TargetClosedError: Target page, context or browser has been closed
Browser logs:

[pid=33984][out]     - NO_MODIFICATION_ALLOWED_ERR = 7
[pid=33984][out]     - QUOTA_EXCEEDED_ERR = 22
[pid=33984][out]     - SECURITY_ERR = 18
[pid=33984][out]     - SYNTAX_ERR = 12
[pid=33984][out]     - TIMEOUT_ERR = 23
[pid=33984][out]     - TYPE_MISMATCH_ERR = 17
[pid=33984][out]     - URL_MISMATCH_ERR = 21
[pid=33984][out]     - VALIDATION_ERR = 16
[pid=33984][out]     - WRONG_DOCUMENT_ERR = 4
[pid=33984][out]     - code = 12
[pid=33984][out]     - columnNumber = 11
[pid=33984][out]     - data = null
[pid=33984][out]     - filename = resource://gre/modules/ServiceRequest.sys.mjs
[pid=33984][out]     - lineNumber = 126
[pid=33984][out]     - location = {"name":"open","filename":"resource://gre/modules/ServiceRequest.sys.mjs","sourceId":27,"lineNumber":126,"columnNumber":11,"asyncCause":null,"asyncCaller":null,"caller":{"filename":"resource://services-settings/Utils.sys.mjs","name":"fetch/<","sourceId":26,"lineNumber":284,"columnNumber":15,"asyncCause":null,"asyncCaller":null,"caller":{"filename":"resource://services-settings/Utils.sys.mjs","name":"fetch","sourceId":26,"lineNumber":235,"columnNumber":12,"asyncCause":null,"asyncCaller":null,"caller":{"filename":"resource://services-settings/Utils.sys.mjs","name":"fetchLatestChanges","sourceId":26,"lineNumber":446,"columnNumber":34,"asyncCause":null,"asyncCaller":null,"caller":{"filename":"resource://services-settings/RemoteSettingsClient.sys.mjs","name":"sync","sourceId":24,"lineNumber":664,"columnNumber":42,"asyncCause":null,"asyncCaller":null,"caller":{"filename":"resource://services-settings/RemoteSettingsClient.sys.mjs","name":"get/this._importingPromise<","sourceId":24,"lineNumber":502,"columnNumber":28,"asyncCause":null,"asyncCaller":null,"caller":null,"formattedStack":"get/this._importingPromise<@resource://services-settings/RemoteSettingsClient.sys.mjs:502:28\n","nativeSavedFrame":{}},"formattedStack":"sync@resource://services-settings/RemoteSettingsClient.sys.mjs:664:42\nget/this._importingPromise<@resource://services-settings/RemoteSettingsClient.sys.mjs:502:28\n","nativeSavedFrame":{}},"formattedStack":"fetchLatestChanges@resource://services-settings/Utils.sys.mjs:446:34\nsync@resource://services-settings/RemoteSettingsClient.sys.mjs:664:42\nget/this._importingPromise<@resource://services-settings/RemoteSettingsClient.sys.mjs:502:28\n","nativeSavedFrame":{}},"formattedStack":"fetch@resource://services-settings/Utils.sys.mjs:235:12\nfetchLatestChanges@resource://services-settings/Utils.sys.mjs:446:34\nsync@resource://services-settings/RemoteSettingsClient.sys.mjs:664:42\nget/this._importingPromise<@resource://services-settings/RemoteSettingsClient.sys.mjs:502:28\n","nativeSavedFrame":{}},"formattedStack":"fetch/<@resource://services-settings/Utils.sys.mjs:284:15\nfetch@resource://services-settings/Utils.sys.mjs:235:12\nfetchLatestChanges@resource://services-settings/Utils.sys.mjs:446:34\nsync@resource://services-settings/RemoteSettingsClient.sys.mjs:664:42\nget/this._importingPromise<@resource://services-settings/RemoteSettingsClient.sys.mjs:502:28\n","nativeSavedFrame":{}},"formattedStack":"open@resource://gre/modules/ServiceRequest.sys.mjs:126:11\nfetch/<@resource://services-settings/Utils.sys.mjs:284:15\nfetch@resource://services-settings/Utils.sys.mjs:235:12\nfetchLatestChanges@resource://services-settings/Utils.sys.mjs:446:34\nsync@resource://services-settings/RemoteSettingsClient.sys.mjs:664:42\nget/this._importingPromise<@resource://services-settings/RemoteSettingsClient.sys.mjs:502:28\n","nativeSavedFrame":{}}
[pid=33984][out]     - message = XMLHttpRequest.open: '/buckets/monitor/collections/changes/changeset?collection=mfcdm-origins-list&bucket=main&_expected=0' is not a valid URL.
[pid=33984][out]     - name = SyntaxError
[pid=33984][out]     - result = 2152923148
[pid=33984][out]     - stack = open@resource://gre/modules/ServiceRequest.sys.mjs:126:11|fetch/<@resource://services-settings/Utils.sys.mjs:284:15|fetch@resource://services-settings/Utils.sys.mjs:235:12|fetchLatestChanges@resource://services-settings/Utils.sys.mjs:446:34|sync@resource://services-settings/RemoteSettingsClient.sys.mjs:664:42|get/this._importingPromise<@resource://services-settings/RemoteSettingsClient.sys.mjs:502:28|
[pid=33984][out]   - prototype Error
[pid=33984][out]   - prototype Object
[pid=33984][out] console.error: services.settings: 
[pid=33984][out] DOMException
[pid=33984][out]   - prototype DOMException
[pid=33984][out]     - ABORT_ERR = 20
[pid=33984][out]     - DATA_CLONE_ERR = 25
[pid=33984][out]     - DOMSTRING_SIZE_ERR = 2
[pid=33984][out]     - HIERARCHY_REQUEST_ERR = 3
[pid=33984][out]     - INDEX_SIZE_ERR = 1
[pid=33984][out]     - INUSE_ATTRIBUTE_ERR = 10
[pid=33984][out]     - INVALID_ACCESS_ERR = 15
[pid=33984][out]     - INVALID_CHARACTER_ERR = 5
[pid=33984][out]     - INVALID_MODIFICATION_ERR = 13
[pid=33984][out]     - INVALID_NODE_TYPE_ERR = 24
[pid=33984][out]     - INVALID_STATE_ERR = 11
[pid=33984][out]     - NAMESPACE_ERR = 14
[pid=33984][out]     - NETWORK_ERR = 19
[pid=33984][out]     - NOT_FOUND_ERR = 8
[pid=33984][out]     - NOT_SUPPORTED_ERR = 9
[pid=33984][out]     - NO_DATA_ALLOWED_ERR = 6
[pid=33984][out]     - NO_MODIFICATION_ALLOWED_ERR = 7
[pid=33984][out]     - QUOTA_EXCEEDED_ERR = 22
[pid=33984][out]     - SECURITY_ERR = 18
[pid=33984][out]     - SYNTAX_ERR = 12
[pid=33984][out]     - TIMEOUT_ERR = 23
[pid=33984][out]     - TYPE_MISMATCH_ERR = 17
[pid=33984][out]     - URL_MISMATCH_ERR = 21
[pid=33984][out]     - VALIDATION_ERR = 16
[pid=33984][out]     - WRONG_DOCUMENT_ERR = 4
[pid=33984][out]     - code = 12
[pid=33984][out]     - columnNumber = 11
[pid=33984][out]     - data = null
[pid=33984][out]     - filename = resource://gre/modules/ServiceRequest.sys.mjs
[pid=33984][out]     - lineNumber = 126
[pid=33984][out]     - location = {"name":"open","filename":"resource://gre/modules/ServiceRequest.sys.mjs","sourceId":27,"lineNumber":126,"columnNumber":11,"asyncCause":null,"asyncCaller":null,"caller":{"filename":"resource://services-settings/Utils.sys.mjs","name":"fetch/<","sourceId":26,"lineNumber":284,"columnNumber":15,"asyncCause":null,"asyncCaller":null,"caller":{"filename":"resource://services-settings/Utils.sys.mjs","name":"fetch","sourceId":26,"lineNumber":235,"columnNumber":12,"asyncCause":null,"asyncCaller":null,"caller":{"filename":"resource://services-settings/Utils.sys.mjs","name":"fetchLatestChanges","sourceId":26,"lineNumber":446,"columnNumber":34,"asyncCause":null,"asyncCaller":null,"caller":{"filename":"resource://services-settings/RemoteSettingsClient.sys.mjs","name":"sync","sourceId":24,"lineNumber":664,"columnNumber":42,"asyncCause":null,"asyncCaller":null,"caller":{"filename":"resource://services-settings/RemoteSettingsClient.sys.mjs","name":"get/this._importingPromise<","sourceId":24,"lineNumber":502,"columnNumber":28,"asyncCause":null,"asyncCaller":null,"caller":null,"formattedStack":"get/this._importingPromise<@resource://services-settings/RemoteSettingsClient.sys.mjs:502:28\n","nativeSavedFrame":{}},"formattedStack":"sync@resource://services-settings/RemoteSettingsClient.sys.mjs:664:42\nget/this._importingPromise<@resource://services-settings/RemoteSettingsClient.sys.mjs:502:28\n","nativeSavedFrame":{}},"formattedStack":"fetchLatestChanges@resource://services-settings/Utils.sys.mjs:446:34\nsync@resource://services-settings/RemoteSettingsClient.sys.mjs:664:42\nget/this._importingPromise<@resource://services-settings/RemoteSettingsClient.sys.mjs:502:28\n","nativeSavedFrame":{}},"formattedStack":"fetch@resource://services-settings/Utils.sys.mjs:235:12\nfetchLatestChanges@resource://services-settings/Utils.sys.mjs:446:34\nsync@resource://services-settings/RemoteSettingsClient.sys.mjs:664:42\nget/this._importingPromise<@resource://services-settings/RemoteSettingsClient.sys.mjs:502:28\n","nativeSavedFrame":{}},"formattedStack":"fetch/<@resource://services-settings/Utils.sys.mjs:284:15\nfetch@resource://services-settings/Utils.sys.mjs:235:12\nfetchLatestChanges@resource://services-settings/Utils.sys.mjs:446:34\nsync@resource://services-settings/RemoteSettingsClient.sys.mjs:664:42\nget/this._importingPromise<@resource://services-settings/RemoteSettingsClient.sys.mjs:502:28\n","nativeSavedFrame":{}},"formattedStack":"open@resource://gre/modules/ServiceRequest.sys.mjs:126:11\nfetch/<@resource://services-settings/Utils.sys.mjs:284:15\nfetch@resource://services-settings/Utils.sys.mjs:235:12\nfetchLatestChanges@resource://services-settings/Utils.sys.mjs:446:34\nsync@resource://services-settings/RemoteSettingsClient.sys.mjs:664:42\nget/this._importingPromise<@resource://services-settings/RemoteSettingsClient.sys.mjs:502:28\n","nativeSavedFrame":{}}
[pid=33984][out]     - message = XMLHttpRequest.open: '/buckets/monitor/collections/changes/changeset?collection=mfcdm-origins-list&bucket=main&_expected=0' is not a valid URL.
[pid=33984][out]     - name = SyntaxError
[pid=33984][out]     - result = 2152923148
[pid=33984][out]     - stack = open@resource://gre/modules/ServiceRequest.sys.mjs:126:11|fetch/<@resource://services-settings/Utils.sys.mjs:284:15|fetch@resource://services-settings/Utils.sys.mjs:235:12|fetchLatestChanges@resource://services-settings/Utils.sys.mjs:446:34|sync@resource://services-settings/RemoteSettingsClient.sys.mjs:664:42|get/this._importingPromise<@resource://services-settings/RemoteSettingsClient.sys.mjs:502:28|
[pid=33984][out]   - prototype Error
[pid=33984][out]   - prototype Object
[pid=33984][out] console.warn: RSLoader: Recipe train-hop-co-enroll-pilot-to-beta-co-enrollment-1 not returned from collection nimbus-secure-experiments because it does not contain at least one required feature ID.
[pid=33984][out] console.warn: RSLoader: Recipe train-hop-co-enroll-pilot-to-beta-co-enrollment-2 not returned from collection nimbus-secure-experiments because it does not contain at least one required feature ID.
[pid=33984][out] console.error: SearchTelemetry: "Could not download file:" (new ServerInfoError("Server response is invalid SyntaxError: XMLHttpRequest.open: '/' is not a valid URL.", "resource://services-settings/Attachments.sys.mjs", 40))
[pid=33984][out] console.warn: RSLoader: Recipe train-hop-co-enroll-pilot-to-beta-co-enrollment-1 not returned from collection nimbus-secure-experiments because it does not contain at least one required feature ID.
[pid=33984][out] console.warn: RSLoader: Recipe train-hop-co-enroll-pilot-to-beta-co-enrollment-2 not returned from collection nimbus-secure-experiments because it does not contain at least one required feature ID.
[pid=33984][out] console.error: (new ServerInfoError("Server response is invalid SyntaxError: XMLHttpRequest.open: '/' is not a valid URL.", "resource://services-settings/Attachments.sys.mjs", 40))
[pid=33984][out] console.warn: BackupService: "Path failed existence check :" null
[pid=33984][out] console.error: services.settings: 
[pid=33984][out] DOMException
[pid=33984][out]   - prototype DOMException
[pid=33984][out]     - ABORT_ERR = 20
[pid=33984][out]     - DATA_CLONE_ERR = 25
[pid=33984][out]     - DOMSTRING_SIZE_ERR = 2
[pid=33984][out]     - HIERARCHY_REQUEST_ERR = 3
[pid=33984][out]     - INDEX_SIZE_ERR = 1
[pid=33984][out]     - INUSE_ATTRIBUTE_ERR = 10
[pid=33984][out]     - INVALID_ACCESS_ERR = 15
[pid=33984][out]     - INVALID_CHARACTER_ERR = 5
[pid=33984][out]     - INVALID_MODIFICATION_ERR = 13
[pid=33984][out]     - INVALID_NODE_TYPE_ERR = 24
[pid=33984][out]     - INVALID_STATE_ERR = 11
[pid=33984][out]     - NAMESPACE_ERR = 14
[pid=33984][out]     - NETWORK_ERR = 19
[pid=33984][out]     - NOT_FOUND_ERR = 8
[pid=33984][out]     - NOT_SUPPORTED_ERR = 9
[pid=33984][out]     - NO_DATA_ALLOWED_ERR = 6
[pid=33984][out]     - NO_MODIFICATION_ALLOWED_ERR = 7
[pid=33984][out]     - QUOTA_EXCEEDED_ERR = 22
[pid=33984][out]     - SECURITY_ERR = 18
[pid=33984][out]     - SYNTAX_ERR = 12
[pid=33984][out]     - TIMEOUT_ERR = 23
[pid=33984][out]     - TYPE_MISMATCH_ERR = 17
[pid=33984][out]     - URL_MISMATCH_ERR = 21
[pid=33984][out]     - VALIDATION_ERR = 16
[pid=33984][out]     - WRONG_DOCUMENT_ERR = 4
[pid=33984][out]     - code = 12
[pid=33984][out]     - columnNumber = 11
[pid=33984][out]     - data = null
[pid=33984][out]     - filename = resource://gre/modules/ServiceRequest.sys.mjs
[pid=33984][out]     - lineNumber = 126
[pid=33984][out]     - location = {"name":"open","filename":"resource://gre/modules/ServiceRequest.sys.mjs","sourceId":27,"lineNumber":126,"columnNumber":11,"asyncCause":null,"asyncCaller":null,"caller":{"filename":"resource://services-settings/Utils.sys.mjs","name":"fetch/<","sourceId":26,"lineNumber":284,"columnNumber":15,"asyncCause":null,"asyncCaller":null,"caller":{"filename":"resource://services-settings/Utils.sys.mjs","name":"fetch","sourceId":26,"lineNumber":235,"columnNumber":12,"asyncCause":null,"asyncCaller":null,"caller":{"filename":"resource://services-settings/Utils.sys.mjs","name":"fetchLatestChanges","sourceId":26,"lineNumber":446,"columnNumber":34,"asyncCause":null,"asyncCaller":null,"caller":{"filename":"resource://services-settings/RemoteSettingsClient.sys.mjs","name":"sync","sourceId":24,"lineNumber":664,"columnNumber":42,"asyncCause":null,"asyncCaller":null,"caller":{"filename":"resource://services-settings/RemoteSettingsClient.sys.mjs","name":"get/this._importingPromise<","sourceId":24,"lineNumber":502,"columnNumber":28,"asyncCause":null,"asyncCaller":null,"caller":null,"formattedStack":"get/this._importingPromise<@resource://services-settings/RemoteSettingsClient.sys.mjs:502:28\n","nativeSavedFrame":{}},"formattedStack":"sync@resource://services-settings/RemoteSettingsClient.sys.mjs:664:42\nget/this._importingPromise<@resource://services-settings/RemoteSettingsClient.sys.mjs:502:28\n","nativeSavedFrame":{}},"formattedStack":"fetchLatestChanges@resource://services-settings/Utils.sys.mjs:446:34\nsync@resource://services-settings/RemoteSettingsClient.sys.mjs:664:42\nget/this._importingPromise<@resource://services-settings/RemoteSettingsClient.sys.mjs:502:28\n","nativeSavedFrame":{}},"formattedStack":"fetch@resource://services-settings/Utils.sys.mjs:235:12\nfetchLatestChanges@resource://services-settings/Utils.sys.mjs:446:34\nsync@resource://services-settings/RemoteSettingsClient.sys.mjs:664:42\nget/this._importingPromise<@resource://services-settings/RemoteSettingsClient.sys.mjs:502:28\n","nativeSavedFrame":{}},"formattedStack":"fetch/<@resource://services-settings/Utils.sys.mjs:284:15\nfetch@resource://services-settings/Utils.sys.mjs:235:12\nfetchLatestChanges@resource://services-settings/Utils.sys.mjs:446:34\nsync@resource://services-settings/RemoteSettingsClient.sys.mjs:664:42\nget/this._importingPromise<@resource://services-settings/RemoteSettingsClient.sys.mjs:502:28\n","nativeSavedFrame":{}},"formattedStack":"open@resource://gre/modules/ServiceRequest.sys.mjs:126:11\nfetch/<@resource://services-settings/Utils.sys.mjs:284:15\nfetch@resource://services-settings/Utils.sys.mjs:235:12\nfetchLatestChanges@resource://services-settings/Utils.sys.mjs:446:34\nsync@resource://services-settings/RemoteSettingsClient.sys.mjs:664:42\nget/this._importingPromise<@resource://services-settings/RemoteSettingsClient.sys.mjs:502:28\n","nativeSavedFrame":{}}
[pid=33984][out]     - message = XMLHttpRequest.open: '/buckets/monitor/collections/changes/changeset?collection=search-config-icons&bucket=main&_expected=0' is not a valid URL.
[pid=33984][out]     - name = SyntaxError
[pid=33984][out]     - result = 2152923148
[pid=33984][out]     - stack = open@resource://gre/modules/ServiceRequest.sys.mjs:126:11|fetch/<@resource://services-settings/Utils.sys.mjs:284:15|fetch@resource://services-settings/Utils.sys.mjs:235:12|fetchLatestChanges@resource://services-settings/Utils.sys.mjs:446:34|sync@resource://services-settings/RemoteSettingsClient.sys.mjs:664:42|get/this._importingPromise<@resource://services-settings/RemoteSettingsClient.sys.mjs:502:28|
[pid=33984][out]   - prototype Error
[pid=33984][out]   - prototype Object
[pid=33984][out] console.warn: services.settings: #fetchAttachment: Forcing fallbackToDump to false due to Utils.LOAD_DUMPS being false
[pid=33984][out] console.error: (new NotFoundError("Could not find fa0fc42c-d91d-fca7-34eb-806ff46062dc in cache or dump", "resource://services-settings/Attachments.sys.mjs", 48))
[pid=33984][out] console.warn: "Unable to find the attachment for" "fa0fc42c-d91d-fca7-34eb-806ff46062dc"
[pid=33984][out] [PARENT-ACTOR] actorCreated browserId=13 isCG=true parent=false
[pid=33984][out] [PARENT-ACTOR] registered pending actor for browserId=13
[pid=33984][out] [PARENT-ACTOR] target=false for browserId=13
[pid=33984][out] [PARENT-ACTOR] wireToTarget: bound to target 19d1a7bb-70c1-47ea-8d4b-e296566c260d for browserId=13
[pid=33984][out] [FrameTree] removeListeners(_eventListeners) failed (half-destroyed webProgress): Component returned failure code: 0x80004005 (NS_ERROR_FAILURE) [nsIWebProgress.removeProgressListener]
[pid=33984][out] [PARENT-ACTOR] actorCreated browserId=13 isCG=true parent=false
[pid=33984][out] [PARENT-ACTOR] target=true for browserId=13
[pid=33984][out] [PARENT-ACTOR] calling setActor for target 19d1a7bb-70c1-47ea-8d4b-e296566c260d
[pid=33984][out] [PARENT-ACTOR] setActor done
[pid=33984][err] JavaScript warning: https://lf16-tiktok-web.tiktokcdn-us.com/obj/tiktok-web-tx/tiktok/webapp/main/react-v18/webapp-desktop/static/js/player.init.b7908976.js, line 4552: WEBGL_debug_renderer_info is deprecated in Firefox and will be removed. Please use RENDERER.
[pid=33984][err] JavaScript error: https://lf16-tiktok-web.tiktokcdn-us.com/obj/tiktok-web-tx/tiktok/webapp/main/react-v18/webapp-desktop/static/js/builder-runtime.b7f3b5d2.js, line 1: ChunkLoadError: Loading chunk 82403 failed.
[pid=33984][err] (error: https://lf16-tiktok-web.tiktokcdn-us.com/obj/tiktok-web-tx/tiktok/webapp/main/react-v18/webapp-desktop/static/js/async/item-list-cache.081d6008.js)
[pid=33984][err] [Child 34436, MediaDecoderStateMachine #1] WARNING: Decoder=231fa986b00 Decode error: NS_ERROR_DOM_MEDIA_NOT_SUPPORTED_ERR (0x806e0003) - Utility MF Media Engine CDM only support for media engine playback: file ./../../../dom/media/MediaDecoderStateMachineBase.cpp:168
[pid=33984][err] JavaScript warning: https://lf16-tiktok-web.tiktokcdn-us.com/obj/tiktok-web-tx/tiktok/webapp/main/react-v18/webapp-desktop/static/js/27663.1e93b95a.js, line 6: This error message will be blank when privacy.resistFingerprinting = true.  If it is really necessary, please add it to the whitelist in MediaError::GetMessage: Failed to decode media
[pid=33984][out] [PARENT-ACTOR] actorCreated browserId=13 isCG=true parent=false
[pid=33984][out] [PARENT-ACTOR] target=true for browserId=13
[pid=33984][out] [PARENT-ACTOR] calling setActor for target 19d1a7bb-70c1-47ea-8d4b-e296566c260d
[pid=33984][out] [PARENT-ACTOR] setActor done
[pid=33984][err] [Child 34436, MediaDecoderStateMachine #1] WARNING: Decoder=23180fe2100 Decode error: NS_ERROR_DOM_MEDIA_NOT_SUPPORTED_ERR (0x806e0003) - Utility MF Media Engine CDM only support for media engine playback: file ./../../../dom/media/MediaDecoderStateMachineBase.cpp:168
[pid=33984][err] JavaScript warning: https://lf16-tiktok-web.tiktokcdn-us.com/obj/tiktok-web-tx/tiktok/webapp/main/react-v18/webapp-desktop/static/js/27663.1e93b95a.js, line 6: This error message will be blank when privacy.resistFingerprinting = true.  If it is really necessary, please add it to the whitelist in MediaError::GetMessage: Failed to decode media
[pid=33984][err] JavaScript warning: https://lf16-tiktok-web.tiktokcdn-us.com/obj/tiktok-web-tx/webmssdk/2.0.0.514/webmssdk.js, line 1: WEBGL_debug_renderer_info is deprecated in Firefox and will be removed. Please use RENDERER.
[pid=33984][out] console.error: (new Error("Polling for changes failed: XMLHttpRequest.open: '/buckets/monitor/collections/changes/changeset?_expected=0' is not a valid URL..", "resource://services-settings/remote-settings.sys.mjs", 482))
[pid=33984][err] JavaScript warning: https://lf16-tiktok-web.tiktokcdn-us.com/obj/tiktok-web-tx/webmssdk_ex/2.0.0.1632/webmssdk_ex.js, line 1: WEBGL_debug_renderer_info is deprecated in Firefox and will be removed. Please use RENDERER.
[pid=33984][out] 
[pid=33984][out]         ERROR: error in channel "content::13/15/3": exception while running method "scrollIntoViewIfNeeded" in namespace "page": Node does not have a layout object  
[pid=33984][out]       
[pid=33984][out]         ERROR: error in channel "content::13/15/3": exception while running method "scrollIntoViewIfNeeded" in namespace "page": Node does not have a layout object  
[pid=33984][out]       
[pid=33984][out]         ERROR: error in channel "content::13/15/3": exception while running method "scrollIntoViewIfNeeded" in namespace "page": Node does not have a layout object  
[pid=33984] <gracefully close start>
[pid=33984][out]       console.error: (new TypeError("can't access property \"store\", lazy.AboutNewTab.activityStream is null", "resource:///modules/AboutHomeStartupCache.sys.mjs", 407))
[pid=33984][out] [FrameTree] removeListeners(_eventListeners) failed (half-destroyed webProgress): Component returned failure code: 0x80004005 (NS_ERROR_FAILURE) [nsIWebProgress.removeProgressListener]
[pid=33984][err] JavaScript error: chrome://juggler/content/NetworkObserver.js, line 353: NS_ERROR_NOT_AVAILABLE: Component returned failure code: 0x80040111 (NS_ERROR_NOT_AVAILABLE) [nsINetworkInterceptController.channelIntercepted]
[pid=33984][out] console.error: "error_support::handling: remote-settings-unexpected: Error sending request: [no-sentry] Backend error: Failed to get response status (0x80040111)"
[pid=33984][out] console.error: "app-services-error-reporter::error: Error sending request: [no-sentry] Backend error: Failed to get response status (0x80040111)"
[pid=33984][out] console.error: "error_support::handling: suggest-unexpected: Error from Remote Settings: Remote settings error: Error sending request: [no-sentry] Backend error: Failed to get response status (0x80040111)"
[pid=33984][out] console.error: "app-services-error-reporter::error: Error from Remote Settings: Remote settings error: Error sending request: [no-sentry] Backend error: Failed to get response status (0x80040111)"
[pid=33984][out] console.error: URLBar - QuickSuggest.SuggestBackendRust: "Ingest error" ({type:"Amp", error:(new Error("reason: Error from Remote Settings: Remote settings error: Error sending request: [no-sentry] Backend error: Failed to get response status (0x80040111)", "moz-src:///toolkit/components/uniffi-bindgen-gecko-js/components/generated/RustSuggest.sys.mjs", 3616)), reason:"Error from Remote Settings: Remote settings error: Error sending request: [no-sentry] Backend error: Failed to get response status (0x80040111)"})
[pid=33984][out] console.error: URLBar - QuickSuggest.SuggestBackendRust: "Ingest error" ({type:"Mdn", error:(new Error("reason: Error from Remote Settings: Remote settings error: Error sending request: [no-sentry] Backend error: Request destroyed without completion (0x80004004)", "moz-src:///toolkit/components/uniffi-bindgen-gecko-js/components/generated/RustSuggest.sys.mjs", 3616)), reason:"Error from Remote Settings: Remote settings error: Error sending request: [no-sentry] Backend error: Request destroyed without completion (0x80004004)"})
Call log:
  - taking page screenshot
  - waiting for fonts to load...
  - fonts loaded

INFO:PlaywrightAdapter:[+] Da dong phien trinh duyet va giai phong tai nguyen.
INFO:PlaywrightAdapter:[*] Dang don dep ho so tam thoi: C:\Users\Admin\AppData\Local\Temp\tiktok_auto_profiles\temp_8921b840-68d3-4a23-8bfe-ef374da80e04
INFO:PlaywrightAdapter:[+] Da dong phien trinh duyet va giai phong tai nguyen.
INFO:PlaywrightAdapter:[*] Dang don dep ho so tam thoi: C:\Users\Admin\AppData\Local\Temp\tiktok_auto_profiles\temp_de249add-5448-484a-9d54-dab7ba17b850
INFO:PlaywrightAdapter:[HWND] Detected window HWND=1379218 for this session.
INFO:PlaywrightAdapter:[WINDOW] HWND=1379218 dang CLOAK/OFF-SCREEN.
INFO:PlaywrightAdapter:[+] Xac minh THANH CONG sau 2 giay (Phat hien nav-profile/upload/messages).
INFO:PlaywrightAdapter:[*] Khoi tao tab moi sach.
INFO:PlaywrightAdapter:[+] Khoi tao browser session (headed-cloaked). Seed: 568976193 | Proxy: Direct NET
INFO:PlaywrightAdapter:[*] Dieu huong toi https://www.tiktok.com/foryou?lang=en (lan 1, wait=commit)...
INFO:PlaywrightAdapter:[*] Da tao profile moi va gan 1 extension: omocaptcha@gmail.com@1.7.7
INFO:TaskDispatcher:[*] Kh\u1edfi ch\u1ea1y trình duy\u1ec7t cho tài kho\u1ea3n: arcidelisun43@hotmail.com | Tác v\u1ee5: LOGIN_COOKIE
INFO:PlaywrightAdapter:[*] Khoi tao tab moi sach.
INFO:PlaywrightAdapter:[+] Khoi tao browser session (headed-cloaked). Seed: 1105657077 | Proxy: Direct NET
INFO:PlaywrightAdapter:[*] Dieu huong toi https://www.tiktok.com/foryou?lang=en (lan 1, wait=commit)...
INFO:PlaywrightAdapter:[*] Da tao profile moi va gan 1 extension: omocaptcha@gmail.com@1.7.7
INFO:PlaywrightAdapter:[+] Da nhan Save thanh cong bang dispatch_event.
INFO:PlaywrightAdapter:[*] Dieu huong toi https://www.tiktok.com/foryou?lang=en (lan 1, wait=commit)...
INFO:PlaywrightAdapter:[Username] web='pri78_jo1raw' | db='pri78_jo1raw'
INFO:PlaywrightAdapter:[+] Da nhan Save thanh cong bang dispatch_event.
INFO:PlaywrightAdapter:[*] Dang doi trang chu TikTok on dinh phien dang nhap...
INFO:PlaywrightAdapter:[*] Dieu huong toi https://www.tiktok.com/foryou?lang=en (lan 1, wait=commit)...
INFO:PlaywrightAdapter:[+] Da dong phien trinh duyet va giai phong tai nguyen.
INFO:PlaywrightAdapter:[*] Dang don dep ho so tam thoi: C:\Users\Admin\AppData\Local\Temp\tiktok_auto_profiles\temp_501754b4-1bee-4bd2-bb5c-41463fee20b9
INFO:PlaywrightAdapter:[*] Dang doi trang chu TikTok on dinh phien dang nhap...
INFO:PlaywrightAdapter:[+] Da dong phien trinh duyet va giai phong tai nguyen.
INFO:PlaywrightAdapter:[*] Dang don dep ho so tam thoi: C:\Users\Admin\AppData\Local\Temp\tiktok_auto_profiles\temp_c0729bd7-ee2c-4b87-b341-3f41c63278f9
INFO:PlaywrightAdapter:[LAUNCH] OK sau 15.5s (lan 1/2).
INFO:PlaywrightAdapter:[Username] web='ween0_pr38wa1' | db='ween0_pr38wa1'
INFO:PlaywrightAdapter:[LAUNCH] OK sau 19.7s (lan 1/2).
INFO:PlaywrightAdapter:[HWND] Detected window HWND=2492776 for this session.
INFO:PlaywrightAdapter:[WINDOW] HWND=2492776 dang CLOAK/OFF-SCREEN.
INFO:PlaywrightAdapter:[+] Xac minh THANH CONG sau 3 giay (Phat hien nav-profile/upload/messages).
INFO:PlaywrightAdapter:[HWND] Detected window HWND=2099472 for this session.
INFO:PlaywrightAdapter:[WINDOW] HWND=2099472 dang CLOAK/OFF-SCREEN.
INFO:PlaywrightAdapter:[*] Khoi tao tab moi sach.
INFO:PlaywrightAdapter:[+] Khoi tao browser session (headed-cloaked). Seed: 1307364344 | Proxy: Direct NET
INFO:PlaywrightAdapter:[*] Dieu huong toi https://www.tiktok.com/foryou?lang=en (lan 1, wait=commit)...
INFO:PlaywrightAdapter:[*] Khoi tao tab moi sach.
INFO:PlaywrightAdapter:[+] Khoi tao browser session (headed-cloaked). Seed: 27035141 | Proxy: Direct NET
INFO:PlaywrightAdapter:[*] Dieu huong toi https://www.tiktok.com/foryou?lang=en (lan 1, wait=commit)...
INFO:PlaywrightAdapter:[+] Da nhan Save thanh cong bang dispatch_event.
INFO:PlaywrightAdapter:[*] Dieu huong toi https://www.tiktok.com/foryou?lang=en (lan 1, wait=commit)...
INFO:PlaywrightAdapter:[*] Dieu huong toi https://www.tiktok.com/foryou?lang=en (lan 1, wait=commit)...
INFO:PlaywrightAdapter:[+] Da dong phien trinh duyet va giai phong tai nguyen.
INFO:PlaywrightAdapter:[*] Dang don dep ho so tam thoi: C:\Users\Admin\AppData\Local\Temp\tiktok_auto_profiles\temp_67cc95e4-b603-432f-a684-3f76fe7725b4
INFO:PlaywrightAdapter:[*] Dang doi trang chu TikTok on dinh phien dang nhap...
INFO:PlaywrightAdapter:[*] Dang doi trang chu TikTok on dinh phien dang nhap...
INFO:PlaywrightAdapter:[Username] web='ple9_swui3glu9' | db='ple9_swui3glu9'
INFO:PlaywrightAdapter:[+] Da nhan Save thanh cong bang dispatch_event.
INFO:PlaywrightAdapter:[+] Xac minh THANH CONG sau 5 giay (Phat hien nav-profile/upload/messages).
WARNING:PlaywrightAdapter:[-] Qua thoi gian cho (Timeout) nhung khong the xac minh trang thai dang nhap.
INFO:PlaywrightAdapter:[*] Dieu huong toi https://www.tiktok.com/foryou?lang=en (lan 1, wait=commit)...
INFO:PlaywrightAdapter:[+] Da dong phien trinh duyet va giai phong tai nguyen.
INFO:PlaywrightAdapter:[*] Dang don dep ho so tam thoi: C:\Users\Admin\AppData\Local\Temp\tiktok_auto_profiles\temp_fc2cfed5-30f3-417d-9b90-52a66308fdaa
INFO:PlaywrightAdapter:[+] Xac minh THANH CONG sau 11 giay (Phat hien nav-profile/upload/messages).
INFO:PlaywrightAdapter:[Username] web='sn4_glau4sma' | db='sn4_glau4sma'
INFO:PlaywrightAdapter:[+] Da nhan Save thanh cong bang dispatch_event.
INFO:PlaywrightAdapter:[+] Da dong phien trinh duyet va giai phong tai nguyen.
INFO:PlaywrightAdapter:[*] Dang don dep ho so tam thoi: C:\Users\Admin\AppData\Local\Temp\tiktok_auto_profiles\temp_65803d3c-264a-4341-95a2-d4d8226fd849
INFO:PlaywrightAdapter:[Username] web='bau_clo2doa' | db='bau_clo2doa'
ERROR:LoginStrategies:[-] Loi dang nhap Form: Locator.wait_for: Timeout 15000ms exceeded.
Call log:
  - waiting for locator("div.TUXButton-content:has-text(\"Log in\"), div.TUXButton-label:has-text(\"Log in\")").first to be visible

INFO:PlaywrightAdapter:[+] Da nhan Save thanh cong bang dispatch_event.
INFO:WebSocketManager:[-] M\u1ed9t k\u1ebft n\u1ed1i WebSocket \u0111ã \u0111óng. T\u1ed5ng k\u1ebft n\u1ed1i: 0
INFO:     connection closed
INFO:PlaywrightAdapter:[+] Da dong phien trinh duyet va giai phong tai nguyen.
INFO:PlaywrightAdapter:[*] Dang don dep ho so tam thoi: C:\Users\Admin\AppData\Local\Temp\tiktok_auto_profiles\temp_b55d4d86-9d72-4b03-b0da-f7b780ff8868
INFO:PlaywrightAdapter:[+] Da dong phien trinh duyet va giai phong tai nguyen.
INFO:PlaywrightAdapter:[*] Dang don dep ho so tam thoi: C:\Users\Admin\AppData\Local\Temp\tiktok_auto_profiles\temp_54d9270e-5639-40dd-b8cf-cf0b9d5e060d
INFO:WebSocketManager:[-] M\u1ed9t k\u1ebft n\u1ed1i WebSocket \u0111ã \u0111óng. T\u1ed5ng k\u1ebft n\u1ed1i: 0
INFO:     connection closed
INFO:     127.0.0.1:50259 - "WebSocket /ws" [accepted]
INFO:WebSocketManager:[+] K\u1ebft n\u1ed1i WebSocket m\u1edbi thi\u1ebft l\u1eadp. T\u1ed5ng k\u1ebft n\u1ed1i: 1
INFO:     connection open
INFO:WebSocketManager:[-] M\u1ed9t k\u1ebft n\u1ed1i WebSocket \u0111ã \u0111óng. T\u1ed5ng k\u1ebft n\u1ed1i: 0
INFO:     127.0.0.1:50263 - "WebSocket /ws" [accepted]
INFO:WebSocketManager:[+] K\u1ebft n\u1ed1i WebSocket m\u1edbi thi\u1ebft l\u1eadp. T\u1ed5ng k\u1ebft n\u1ed1i: 1
INFO:     connection open
INFO:     connection closed
INFO:     127.0.0.1:51884 - "WebSocket /ws/screens" [accepted]
INFO:WebSocketManager:[+] K\u1ebft n\u1ed1i WebSocket m\u1edbi thi\u1ebft l\u1eadp. T\u1ed5ng k\u1ebft n\u1ed1i: 1
INFO:     connection closed
INFO:WebSocketManager:[-] M\u1ed9t k\u1ebft n\u1ed1i WebSocket \u0111ã \u0111óng. T\u1ed5ng k\u1ebft n\u1ed1i: 0
INFO:     127.0.0.1:51885 - "WebSocket /ws/screens" [accepted]
INFO:WebSocketManager:[+] K\u1ebft n\u1ed1i WebSocket m\u1edbi thi\u1ebft l\u1eadp. T\u1ed5ng k\u1ebft n\u1ed1i: 1
INFO:     connection open
INFO:WebSocketManager:[-] M\u1ed9t k\u1ebft n\u1ed1i WebSocket \u0111ã \u0111óng. T\u1ed5ng k\u1ebft n\u1ed1i: 0
INFO:     connection closed
INFO:     127.0.0.1:52069 - "WebSocket /ws/screens" [accepted]
INFO:WebSocketManager:[+] K\u1ebft n\u1ed1i WebSocket m\u1edbi thi\u1ebft l\u1eadp. T\u1ed5ng k\u1ebft n\u1ed1i: 1
INFO:     connection open
INFO:     connection closed
INFO:WebSocketManager:[-] M\u1ed9t k\u1ebft n\u1ed1i WebSocket \u0111ã \u0111óng. T\u1ed5ng k\u1ebft n\u1ed1i: 0
INFO:     127.0.0.1:52070 - "WebSocket /ws/screens" [accepted]
INFO:WebSocketManager:[+] K\u1ebft n\u1ed1i WebSocket m\u1edbi thi\u1ebft l\u1eadp. T\u1ed5ng k\u1ebft n\u1ed1i: 1
INFO:     connection open
INFO:WebSocketManager:[-] M\u1ed9t k\u1ebft n\u1ed1i WebSocket \u0111ã \u0111óng. T\u1ed5ng k\u1ebft n\u1ed1i: 0
INFO:     connection closed
INFO:PlaywrightAdapter:[*] Da tao profile moi va gan 1 extension: omocaptcha@gmail.com@1.7.7
INFO:PlaywrightAdapter:[LAUNCH] OK sau 10.5s (lan 1/2).
INFO:PlaywrightAdapter:[HWND] Detected window HWND=592718 for this session.
INFO:PlaywrightAdapter:[WINDOW] HWND=592718 dang HIEN.
INFO:PlaywrightAdapter:[*] Khoi tao tab moi sach.
INFO:PlaywrightAdapter:[+] Khoi tao browser session (headed-visible). Seed: 223630096 | Proxy: Direct NET
INFO:PlaywrightAdapter:[*] Dieu huong toi https://www.tiktok.com/foryou?lang=en (lan 1, wait=commit)...
INFO:PlaywrightAdapter:[*] Dieu huong toi https://www.tiktok.com/foryou?lang=en (lan 1, wait=commit)...
INFO:PlaywrightAdapter:[*] Dang doi trang chu TikTok on dinh phien dang nhap...
INFO:PlaywrightAdapter:[+] Xac minh THANH CONG sau 4 giay (Phat hien nav-profile/upload/messages).
INFO:PlaywrightAdapter:[+] Da dong phien trinh duyet va giai phong tai nguyen.
INFO:PlaywrightAdapter:[*] Dang don dep ho so tam thoi: C:\Users\Admin\AppData\Local\Temp\tiktok_auto_profiles\temp_c30ca4ea-7d99-4e7f-a83d-7a5a0b11fa4b
INFO:PlaywrightAdapter:[*] Da tao profile moi va gan 1 extension: omocaptcha@gmail.com@1.7.7
INFO:PlaywrightAdapter:[LAUNCH] OK sau 9.7s (lan 1/2).
INFO:PlaywrightAdapter:[HWND] Detected window HWND=1968960 for this session.
INFO:PlaywrightAdapter:[WINDOW] HWND=1968960 dang HIEN.
INFO:PlaywrightAdapter:[*] Khoi tao tab moi sach.
INFO:PlaywrightAdapter:[+] Khoi tao browser session (headed-visible). Seed: 223630096 | Proxy: Direct NET
INFO:PlaywrightAdapter:[*] Dieu huong toi https://www.tiktok.com/foryou?lang=en (lan 1, wait=commit)...
ERROR:LoginStrategies:[-] Loi dang nhap Form: Locator.wait_for: Timeout 15000ms exceeded.
Call log:
  - waiting for locator("button.tux-button__element-ZBq38f:has-text(\"Resend\"), button:has-text(\"Resend\"), button:has-text(\"Gui lai\")").first

INFO:PlaywrightAdapter:[+] Da dong phien trinh duyet va giai phong tai nguyen.
INFO:PlaywrightAdapter:[*] Dang don dep ho so tam thoi: C:\Users\Admin\AppData\Local\Temp\tiktok_auto_profiles\temp_a846ab93-85a4-4c54-aaee-790f3c6caefb
INFO:TaskDispatcher:[+] \u0110ã c\u1eadp nh\u1eadt gi\u1edbi h\u1ea1n lu\u1ed3ng ch\u1ea1y \u0111\u1ed3ng th\u1eddi / 1 proxy thành: 8
INFO:TaskDispatcher:[+] Tài kho\u1ea3n zainesker046118@outlook.com | Tác v\u1ee5 LOGIN_CREDENTIAL \u0111ã \u0111\u01b0\u1ee3c \u0111\u01b0a vào hàng \u0111\u1ee3i.
INFO:TaskDispatcher:[+] Tài kho\u1ea3n richarddemmin623037@outlook.com | Tác v\u1ee5 LOGIN_CREDENTIAL \u0111ã \u0111\u01b0\u1ee3c \u0111\u01b0a vào hàng \u0111\u1ee3i.
INFO:TaskDispatcher:[+] Tài kho\u1ea3n crawerstrakonu@hotmail.com | Tác v\u1ee5 LOGIN_CREDENTIAL \u0111ã \u0111\u01b0\u1ee3c \u0111\u01b0a vào hàng \u0111\u1ee3i.
INFO:TaskDispatcher:[*] Kh\u1edfi ch\u1ea1y trình duy\u1ec7t cho tài kho\u1ea3n: zainesker046118@outlook.com | Tác v\u1ee5: LOGIN_CREDENTIAL
INFO:TaskDispatcher:[*] Kh\u1edfi ch\u1ea1y trình duy\u1ec7t cho tài kho\u1ea3n: richarddemmin623037@outlook.com | Tác v\u1ee5: LOGIN_CREDENTIAL
INFO:TaskDispatcher:[*] Kh\u1edfi ch\u1ea1y trình duy\u1ec7t cho tài kho\u1ea3n: crawerstrakonu@hotmail.com | Tác v\u1ee5: LOGIN_CREDENTIAL
INFO:PlaywrightAdapter:[*] Da tao profile moi va gan 1 extension: omocaptcha@gmail.com@1.7.7
INFO:     127.0.0.1:62138 - "WebSocket /ws/screens" [accepted]
INFO:WebSocketManager:[+] K\u1ebft n\u1ed1i WebSocket m\u1edbi thi\u1ebft l\u1eadp. T\u1ed5ng k\u1ebft n\u1ed1i: 1
INFO:     connection open
INFO:WebSocketManager:[-] M\u1ed9t k\u1ebft n\u1ed1i WebSocket \u0111ã \u0111óng. T\u1ed5ng k\u1ebft n\u1ed1i: 0
INFO:     connection closed
INFO:     127.0.0.1:62143 - "WebSocket /ws/screens" [accepted]
INFO:WebSocketManager:[+] K\u1ebft n\u1ed1i WebSocket m\u1edbi thi\u1ebft l\u1eadp. T\u1ed5ng k\u1ebft n\u1ed1i: 1
INFO:     connection open
INFO:PlaywrightAdapter:[LAUNCH] OK sau 9.6s (lan 1/2).
INFO:PlaywrightAdapter:[*] Da tao profile moi va gan 1 extension: omocaptcha@gmail.com@1.7.7
INFO:PlaywrightAdapter:[HWND] Detected window HWND=4065886 for this session.
INFO:PlaywrightAdapter:[WINDOW] HWND=4065886 dang CLOAK/OFF-SCREEN.
INFO:PlaywrightAdapter:[*] Khoi tao tab moi sach.
INFO:PlaywrightAdapter:[+] Khoi tao browser session (headed-cloaked). Seed: 223630096 | Proxy: Direct NET
INFO:PlaywrightAdapter:[*] Dieu huong toi https://www.tiktok.com/foryou?lang=en (lan 1, wait=commit)...
INFO:PlaywrightAdapter:[*] Da tao profile moi va gan 1 extension: omocaptcha@gmail.com@1.7.7
INFO:PlaywrightAdapter:[LAUNCH] OK sau 11.9s (lan 1/2).
INFO:PlaywrightAdapter:[LAUNCH] OK sau 14.4s (lan 1/2).
INFO:PlaywrightAdapter:[HWND] Detected window HWND=2033972 for this session.
INFO:PlaywrightAdapter:[WINDOW] HWND=2033972 dang CLOAK/OFF-SCREEN.
INFO:PlaywrightAdapter:[HWND] Detected window HWND=1706566 for this session.
INFO:PlaywrightAdapter:[WINDOW] HWND=1706566 dang CLOAK/OFF-SCREEN.
INFO:PlaywrightAdapter:[*] Khoi tao tab moi sach.
INFO:PlaywrightAdapter:[+] Khoi tao browser session (headed-cloaked). Seed: 565079340 | Proxy: Direct NET
INFO:PlaywrightAdapter:[*] Dieu huong toi https://www.tiktok.com/foryou?lang=en (lan 1, wait=commit)...
INFO:PlaywrightAdapter:[*] Khoi tao tab moi sach.
INFO:PlaywrightAdapter:[+] Khoi tao browser session (headed-cloaked). Seed: 568976193 | Proxy: Direct NET
INFO:PlaywrightAdapter:[*] Dieu huong toi https://www.tiktok.com/foryou?lang=en (lan 1, wait=commit)...
INFO:httpx:HTTP Request: POST https://login.microsoftonline.com/consumers/oauth2/v2.0/token "HTTP/1.1 200 OK"
INFO:EmailServiceFactory:[Email] Da luu refresh_token MOI cho zainesker046118@outlook.com (Microsoft xoay token).
INFO:MSGraphEmailService:[Graph] Lay access_token OK cho zainesker046118@outlook.com (scope='https://graph.microsoft.com/Mail.Read').
INFO:httpx:HTTP Request: GET https://graph.microsoft.com/v1.0/me/mailFolders/inbox/messages?%24top=15&%24select=subject%2CbodyPreview%2CreceivedDateTime%2Cfrom&%24orderby=receivedDateTime+desc "HTTP/1.1 200 OK"
INFO:httpx:HTTP Request: GET https://graph.microsoft.com/v1.0/me/mailFolders/junkemail/messages?%24top=15&%24select=subject%2CbodyPreview%2CreceivedDateTime%2Cfrom&%24orderby=receivedDateTime+desc "HTTP/1.1 200 OK"
INFO:MSGraphEmailService:[Graph] Lay OTP MOI thanh cong: 304830 (mail luc 2026-08-26T15:20:16+00:00).
INFO:httpx:HTTP Request: POST https://login.microsoftonline.com/consumers/oauth2/v2.0/token "HTTP/1.1 200 OK"
INFO:EmailServiceFactory:[Email] Da luu refresh_token MOI cho richarddemmin623037@outlook.com (Microsoft xoay token).
INFO:MSGraphEmailService:[Graph] Lay access_token OK cho richarddemmin623037@outlook.com (scope='https://graph.microsoft.com/Mail.Read').
INFO:httpx:HTTP Request: GET https://graph.microsoft.com/v1.0/me/mailFolders/inbox/messages?%24top=15&%24select=subject%2CbodyPreview%2CreceivedDateTime%2Cfrom&%24orderby=receivedDateTime+desc "HTTP/1.1 200 OK"
INFO:httpx:HTTP Request: GET https://graph.microsoft.com/v1.0/me/mailFolders/junkemail/messages?%24top=15&%24select=subject%2CbodyPreview%2CreceivedDateTime%2Cfrom&%24orderby=receivedDateTime+desc "HTTP/1.1 200 OK"
INFO:MSGraphEmailService:[Graph] Chua thay ma moi cho richarddemmin623037@outlook.com (lan 1/15) - doi mail...
INFO:PlaywrightAdapter:[*] Dang doi trang chu TikTok on dinh phien dang nhap...
INFO:PlaywrightAdapter:[+] Xac minh THANH CONG sau 1 giay (Phat hien nav-profile/upload/messages).
INFO:httpx:HTTP Request: POST https://login.microsoftonline.com/consumers/oauth2/v2.0/token "HTTP/1.1 200 OK"
INFO:EmailServiceFactory:[Email] Da luu refresh_token MOI cho crawerstrakonu@hotmail.com (Microsoft xoay token).
INFO:MSGraphEmailService:[Graph] Lay access_token OK cho crawerstrakonu@hotmail.com (scope='https://graph.microsoft.com/Mail.Read').
INFO:httpx:HTTP Request: GET https://graph.microsoft.com/v1.0/me/mailFolders/inbox/messages?%24top=15&%24select=subject%2CbodyPreview%2CreceivedDateTime%2Cfrom&%24orderby=receivedDateTime+desc "HTTP/1.1 200 OK"
INFO:httpx:HTTP Request: GET https://graph.microsoft.com/v1.0/me/mailFolders/junkemail/messages?%24top=15&%24select=subject%2CbodyPreview%2CreceivedDateTime%2Cfrom&%24orderby=receivedDateTime+desc "HTTP/1.1 200 OK"
INFO:MSGraphEmailService:[Graph] Chua thay ma moi cho crawerstrakonu@hotmail.com (lan 1/15) - doi mail...
INFO:httpx:HTTP Request: GET https://graph.microsoft.com/v1.0/me/mailFolders/inbox/messages?%24top=15&%24select=subject%2CbodyPreview%2CreceivedDateTime%2Cfrom&%24orderby=receivedDateTime+desc "HTTP/1.1 200 OK"
INFO:httpx:HTTP Request: GET https://graph.microsoft.com/v1.0/me/mailFolders/junkemail/messages?%24top=15&%24select=subject%2CbodyPreview%2CreceivedDateTime%2Cfrom&%24orderby=receivedDateTime+desc "HTTP/1.1 200 OK"
INFO:MSGraphEmailService:[Graph] Chua thay ma moi cho richarddemmin623037@outlook.com (lan 2/15) - doi mail...
INFO:httpx:HTTP Request: GET https://graph.microsoft.com/v1.0/me/mailFolders/inbox/messages?%24top=15&%24select=subject%2CbodyPreview%2CreceivedDateTime%2Cfrom&%24orderby=receivedDateTime+desc "HTTP/1.1 200 OK"
INFO:httpx:HTTP Request: GET https://graph.microsoft.com/v1.0/me/mailFolders/junkemail/messages?%24top=15&%24select=subject%2CbodyPreview%2CreceivedDateTime%2Cfrom&%24orderby=receivedDateTime+desc "HTTP/1.1 200 OK"
INFO:MSGraphEmailService:[Graph] Chua thay ma moi cho crawerstrakonu@hotmail.com (lan 2/15) - doi mail...
INFO:httpx:HTTP Request: GET https://graph.microsoft.com/v1.0/me/mailFolders/inbox/messages?%24top=15&%24select=subject%2CbodyPreview%2CreceivedDateTime%2Cfrom&%24orderby=receivedDateTime+desc "HTTP/1.1 200 OK"
INFO:httpx:HTTP Request: GET https://graph.microsoft.com/v1.0/me/mailFolders/junkemail/messages?%24top=15&%24select=subject%2CbodyPreview%2CreceivedDateTime%2Cfrom&%24orderby=receivedDateTime+desc "HTTP/1.1 200 OK"
INFO:MSGraphEmailService:[Graph] Chua thay ma moi cho richarddemmin623037@outlook.com (lan 3/15) - doi mail...
INFO:httpx:HTTP Request: GET https://graph.microsoft.com/v1.0/me/mailFolders/inbox/messages?%24top=15&%24select=subject%2CbodyPreview%2CreceivedDateTime%2Cfrom&%24orderby=receivedDateTime+desc "HTTP/1.1 200 OK"
INFO:httpx:HTTP Request: GET https://graph.microsoft.com/v1.0/me/mailFolders/junkemail/messages?%24top=15&%24select=subject%2CbodyPreview%2CreceivedDateTime%2Cfrom&%24orderby=receivedDateTime+desc "HTTP/1.1 200 OK"
INFO:MSGraphEmailService:[Graph] Chua thay ma moi cho crawerstrakonu@hotmail.com (lan 3/15) - doi mail...
INFO:httpx:HTTP Request: GET https://graph.microsoft.com/v1.0/me/mailFolders/inbox/messages?%24top=15&%24select=subject%2CbodyPreview%2CreceivedDateTime%2Cfrom&%24orderby=receivedDateTime+desc "HTTP/1.1 200 OK"
INFO:httpx:HTTP Request: GET https://graph.microsoft.com/v1.0/me/mailFolders/junkemail/messages?%24top=15&%24select=subject%2CbodyPreview%2CreceivedDateTime%2Cfrom&%24orderby=receivedDateTime+desc "HTTP/1.1 200 OK"
INFO:MSGraphEmailService:[Graph] Lay OTP MOI thanh cong: 760596 (mail luc 2026-08-26T15:20:39+00:00).
INFO:httpx:HTTP Request: GET https://graph.microsoft.com/v1.0/me/mailFolders/inbox/messages?%24top=15&%24select=subject%2CbodyPreview%2CreceivedDateTime%2Cfrom&%24orderby=receivedDateTime+desc "HTTP/1.1 200 OK"
INFO:httpx:HTTP Request: GET https://graph.microsoft.com/v1.0/me/mailFolders/junkemail/messages?%24top=15&%24select=subject%2CbodyPreview%2CreceivedDateTime%2Cfrom&%24orderby=receivedDateTime+desc "HTTP/1.1 200 OK"
INFO:MSGraphEmailService:[Graph] Chua thay ma moi cho crawerstrakonu@hotmail.com (lan 4/15) - doi mail...
INFO:httpx:HTTP Request: GET https://graph.microsoft.com/v1.0/me/mailFolders/inbox/messages?%24top=15&%24select=subject%2CbodyPreview%2CreceivedDateTime%2Cfrom&%24orderby=receivedDateTime+desc "HTTP/1.1 200 OK"
INFO:httpx:HTTP Request: GET https://graph.microsoft.com/v1.0/me/mailFolders/junkemail/messages?%24top=15&%24select=subject%2CbodyPreview%2CreceivedDateTime%2Cfrom&%24orderby=receivedDateTime+desc "HTTP/1.1 200 OK"
INFO:MSGraphEmailService:[Graph] Chua thay ma moi cho crawerstrakonu@hotmail.com (lan 5/15) - doi mail...
INFO:PlaywrightAdapter:[*] Dang doi trang chu TikTok on dinh phien dang nhap...
INFO:httpx:HTTP Request: GET https://graph.microsoft.com/v1.0/me/mailFolders/inbox/messages?%24top=15&%24select=subject%2CbodyPreview%2CreceivedDateTime%2Cfrom&%24orderby=receivedDateTime+desc "HTTP/1.1 200 OK"
INFO:httpx:HTTP Request: GET https://graph.microsoft.com/v1.0/me/mailFolders/junkemail/messages?%24top=15&%24select=subject%2CbodyPreview%2CreceivedDateTime%2Cfrom&%24orderby=receivedDateTime+desc "HTTP/1.1 200 OK"
INFO:MSGraphEmailService:[Graph] Chua thay ma moi cho crawerstrakonu@hotmail.com (lan 6/15) - doi mail...
INFO:PlaywrightAdapter:[+] Xac minh THANH CONG sau 2 giay (Phat hien nav-profile/upload/messages).
INFO:httpx:HTTP Request: GET https://graph.microsoft.com/v1.0/me/mailFolders/inbox/messages?%24top=15&%24select=subject%2CbodyPreview%2CreceivedDateTime%2Cfrom&%24orderby=receivedDateTime+desc "HTTP/1.1 200 OK"
INFO:httpx:HTTP Request: GET https://graph.microsoft.com/v1.0/me/mailFolders/junkemail/messages?%24top=15&%24select=subject%2CbodyPreview%2CreceivedDateTime%2Cfrom&%24orderby=receivedDateTime+desc "HTTP/1.1 200 OK"
INFO:MSGraphEmailService:[Graph] Chua thay ma moi cho crawerstrakonu@hotmail.com (lan 7/15) - doi mail...
ERROR:PlaywrightAdapter:[-] Gap loi khi thao tac cap nhat thong tin ho so: Locator.wait_for: Timeout 20000ms exceeded.
Call log:
  - waiting for locator("[data-e2e=\"edit-profile-entrance\"], button:has-text(\"Edit profile\")").first to be visible

INFO:PlaywrightAdapter:[+] Da dong phien trinh duyet va giai phong tai nguyen.
INFO:PlaywrightAdapter:[*] Dang don dep ho so tam thoi: C:\Users\Admin\AppData\Local\Temp\tiktok_auto_profiles\temp_ef8893ae-523e-45e3-95e2-39e919998e50
INFO:httpx:HTTP Request: GET https://graph.microsoft.com/v1.0/me/mailFolders/inbox/messages?%24top=15&%24select=subject%2CbodyPreview%2CreceivedDateTime%2Cfrom&%24orderby=receivedDateTime+desc "HTTP/1.1 200 OK"
INFO:httpx:HTTP Request: GET https://graph.microsoft.com/v1.0/me/mailFolders/junkemail/messages?%24top=15&%24select=subject%2CbodyPreview%2CreceivedDateTime%2Cfrom&%24orderby=receivedDateTime+desc "HTTP/1.1 200 OK"
INFO:MSGraphEmailService:[Graph] Chua thay ma moi cho crawerstrakonu@hotmail.com (lan 8/15) - doi mail...
INFO:PlaywrightAdapter:[Username] web='lum3bie6_fr0cli' | db='pl6_bu47'
INFO:PlaywrightAdapter:[+] Da nhan Save thanh cong bang dispatch_event.
INFO:httpx:HTTP Request: GET https://graph.microsoft.com/v1.0/me/mailFolders/inbox/messages?%24top=15&%24select=subject%2CbodyPreview%2CreceivedDateTime%2Cfrom&%24orderby=receivedDateTime+desc "HTTP/1.1 200 OK"
INFO:httpx:HTTP Request: GET https://graph.microsoft.com/v1.0/me/mailFolders/junkemail/messages?%24top=15&%24select=subject%2CbodyPreview%2CreceivedDateTime%2Cfrom&%24orderby=receivedDateTime+desc "HTTP/1.1 200 OK"
INFO:MSGraphEmailService:[Graph] Chua thay ma moi cho crawerstrakonu@hotmail.com (lan 9/15) - doi mail...
INFO:TikTokLoginUseCase:[Username Sync] pl6_bu47 -> lum3bie6_fr0cli
ERROR:TaskDispatcher:[-] Th\u1ea5t b\u1ea1i chung cu\u1ed9c cho tài kho\u1ea3n richarddemmin623037@outlook.com
Traceback (most recent call last):
  File "D:\tiktok_auto\.venv\Lib\site-packages\sqlalchemy\engine\base.py", line 1969, in _exec_single_context
    self.dialect.do_execute(
  File "D:\tiktok_auto\.venv\Lib\site-packages\sqlalchemy\engine\default.py", line 952, in do_execute
    cursor.execute(statement, parameters)
sqlite3.IntegrityError: UNIQUE constraint failed: accounts.username

The above exception was the direct cause of the following exception:

Traceback (most recent call last):
  File "D:\tiktok_auto\backend\app\use_cases\orchestration\task_dispatcher.py", line 731, in _execute_worker_with_semaphore
    success = await use_case.execute(account_id, method)
              ^^^^^^^^^^^^^^^^^^^^^^^^^^^^^^^^^^^^^^^^^^
  File "D:\tiktok_auto\backend\app\use_cases\auth\tiktok_login.py", line 96, in execute
    self.account_repo.save(account)
  File "D:\tiktok_auto\backend\app\infrastructure\database\sqlite_repository.py", line 134, in save
    self.session.commit()
  File "D:\tiktok_auto\.venv\Lib\site-packages\sqlalchemy\orm\session.py", line 2035, in commit
    trans.commit(_to_root=True)
  File "<string>", line 2, in commit
  File "D:\tiktok_auto\.venv\Lib\site-packages\sqlalchemy\orm\state_changes.py", line 137, in _go
    ret_value = fn(self, *arg, **kw)
                ^^^^^^^^^^^^^^^^^^^^
  File "D:\tiktok_auto\.venv\Lib\site-packages\sqlalchemy\orm\session.py", line 1316, in commit
    self._prepare_impl()
  File "<string>", line 2, in _prepare_impl
  File "D:\tiktok_auto\.venv\Lib\site-packages\sqlalchemy\orm\state_changes.py", line 137, in _go
    ret_value = fn(self, *arg, **kw)
                ^^^^^^^^^^^^^^^^^^^^
  File "D:\tiktok_auto\.venv\Lib\site-packages\sqlalchemy\orm\session.py", line 1290, in _prepare_impl
    self.session.flush()
  File "D:\tiktok_auto\.venv\Lib\site-packages\sqlalchemy\orm\session.py", line 4353, in flush
    self._flush(objects)
  File "D:\tiktok_auto\.venv\Lib\site-packages\sqlalchemy\orm\session.py", line 4488, in _flush
    with util.safe_reraise():
  File "D:\tiktok_auto\.venv\Lib\site-packages\sqlalchemy\util\langhelpers.py", line 122, in __exit__
    raise exc_value.with_traceback(exc_tb)
  File "D:\tiktok_auto\.venv\Lib\site-packages\sqlalchemy\orm\session.py", line 4449, in _flush
    flush_context.execute()
  File "D:\tiktok_auto\.venv\Lib\site-packages\sqlalchemy\orm\unitofwork.py", line 465, in execute
    rec.execute(self)
  File "D:\tiktok_auto\.venv\Lib\site-packages\sqlalchemy\orm\unitofwork.py", line 641, in execute
    util.preloaded.orm_persistence.save_obj(
  File "D:\tiktok_auto\.venv\Lib\site-packages\sqlalchemy\orm\persistence.py", line 86, in save_obj
    _emit_update_statements(
  File "D:\tiktok_auto\.venv\Lib\site-packages\sqlalchemy\orm\persistence.py", line 913, in _emit_update_statements
    c = connection.execute(
        ^^^^^^^^^^^^^^^^^^^
  File "D:\tiktok_auto\.venv\Lib\site-packages\sqlalchemy\engine\base.py", line 1421, in execute
    return meth(
           ^^^^^
  File "D:\tiktok_auto\.venv\Lib\site-packages\sqlalchemy\sql\elements.py", line 526, in _execute_on_connection
    return connection._execute_clauseelement(
           ^^^^^^^^^^^^^^^^^^^^^^^^^^^^^^^^^^
  File "D:\tiktok_auto\.venv\Lib\site-packages\sqlalchemy\engine\base.py", line 1643, in _execute_clauseelement
    ret = self._execute_context(
          ^^^^^^^^^^^^^^^^^^^^^^
  File "D:\tiktok_auto\.venv\Lib\site-packages\sqlalchemy\engine\base.py", line 1848, in _execute_context
    return self._exec_single_context(
           ^^^^^^^^^^^^^^^^^^^^^^^^^^
  File "D:\tiktok_auto\.venv\Lib\site-packages\sqlalchemy\engine\base.py", line 1988, in _exec_single_context
    self._handle_dbapi_exception(
  File "D:\tiktok_auto\.venv\Lib\site-packages\sqlalchemy\engine\base.py", line 2365, in _handle_dbapi_exception
    raise sqlalchemy_exception.with_traceback(exc_info[2]) from e
  File "D:\tiktok_auto\.venv\Lib\site-packages\sqlalchemy\engine\base.py", line 1969, in _exec_single_context
    self.dialect.do_execute(
  File "D:\tiktok_auto\.venv\Lib\site-packages\sqlalchemy\engine\default.py", line 952, in do_execute
    cursor.execute(statement, parameters)
sqlalchemy.exc.IntegrityError: (sqlite3.IntegrityError) UNIQUE constraint failed: accounts.username
[SQL: UPDATE accounts SET username=?, refresh_token=?, cookies_json=?, status=?, current_step=? WHERE accounts.email = ?]
[parameters: ('lum3bie6_fr0cli', 'M.C546_BAY.0.U.MsaArtifacts.-Cg9yGltPIhFiiBRjL*8MMK3pdHZgVgmpnasC9TBsTAEFQcvX2IPbLe1Q2cIPVWB8Bj3ntQIHYu40ZNyJE4ojUR*N7vrbslW7BsYJhWcuoJlwxRa9Qh1VWlLu ... (159 characters truncated) ... !ogjj*dfPtzgE16rfDyyWSKTmt2G9X*0YA1VKHQN5DEBcsgXpbdED8*lDY0IAtnNLfkAAZ3jL*BrM0cFdAHEsW9sEVlRGLJ6FA2YoS*TL3VgWtcsMlTUejKTnMNFrDVb5iwTITJNtkYl6NV6ZM!4K', '[{"name": "msToken", "value": "PjHmzLim3jaGCQnJPwYlmB6i_SZ87QcjMQmFqOEkwy5ogu_0HcoQr2Ka4X5pXwKCCtG15mgQYLmCD4FcgJ6JD2kqfRLPI-mp81b90cDuAHrsdR9II-fIM5 ... (7005 characters truncated) ... J_JIVmt-xcZzEHpfBY8wKS5ab6", "domain": ".tiktok.com", "path": "/", "expires": 1788621656.485, "httpOnly": false, "secure": true, "sameSite": "None"}]', 'SUCCESS', '\u0110\u0103ng nh\u1eadp thành công', 'richarddemmin623037@outlook.com')]
(Background on this error at: https://sqlalche.me/e/20/gkpj)
INFO:PlaywrightAdapter:[+] Da dong phien trinh duyet va giai phong tai nguyen.
INFO:PlaywrightAdapter:[*] Dang don dep ho so tam thoi: C:\Users\Admin\AppData\Local\Temp\tiktok_auto_profiles\temp_0ca0bd19-5506-48a2-812b-a69d8ccb71bf
INFO:httpx:HTTP Request: GET https://graph.microsoft.com/v1.0/me/mailFolders/inbox/messages?%24top=15&%24select=subject%2CbodyPreview%2CreceivedDateTime%2Cfrom&%24orderby=receivedDateTime+desc "HTTP/1.1 200 OK"
ERROR:asyncio:Future exception was never retrieved
future: <Future finished exception=TargetClosedError('Target page, context or browser has been closed\nBrowser logs:\n\n[pid=32292][out]     - DOMSTRING_SIZE_ERR = 2\n[pid=32292][out]     - HIERARCHY_REQUEST_ERR = 3\n[pid=32292][out]     - INDEX_SIZE_ERR = 1\n[pid=32292][out]     - INUSE_ATTRIBUTE_ERR = 10\n[pid=32292][out]     - INVALID_ACCESS_ERR = 15\n[pid=32292][out]     - INVALID_CHARACTER_ERR = 5\n[pid=32292][out]     - INVALID_MODIFICATION_ERR = 13\n[pid=32292][out]     - INVALID_NODE_TYPE_ERR = 24\n[pid=32292][out]     - INVALID_STATE_ERR = 11\n[pid=32292][out]     - NAMESPACE_ERR = 14\n[pid=32292][out]     - NETWORK_ERR = 19\n[pid=32292][out]     - NOT_FOUND_ERR = 8\n[pid=32292][out]     - NOT_SUPPORTED_ERR = 9\n[pid=32292][out]     - NO_DATA_ALLOWED_ERR = 6\n[pid=32292][out]     - NO_MODIFICATION_ALLOWED_ERR = 7\n[pid=32292][out]     - QUOTA_EXCEEDED_ERR = 22\n[pid=32292][out]     - SECURITY_ERR = 18\n[pid=32292][out]     - SYNTAX_ERR = 12\n[pid=32292][out]     - TIMEOUT_ERR = 23\n[pid=32292][out]     - TYPE_MISMATCH_ERR = 17\n[pid=32292][out]     - URL_MISMATCH_ERR = 21\n[pid=32292][out]     - VALIDATION_ERR = 16\n[pid=32292][out]     - WRONG_DOCUMENT_ERR = 4\n[pid=32292][out]     - code = 12\n[pid=32292][out]     - columnNumber = 11\n[pid=32292][out]     - data = null\n[pid=32292][out]     - filename = resource://gre/modules/ServiceRequest.sys.mjs\n[pid=32292][out]     - lineNumber = 126\n[pid=32292][out]     - location = {"name":"open","filename":"resource://gre/modules/ServiceRequest.sys.mjs","sourceId":27,"lineNumber":126,"columnNumber":11,"asyncCause":null,"asyncCaller":null,"caller":{"filename":"resource://services-settings/Utils.sys.mjs","name":"fetch/<","sourceId":26,"lineNumber":284,"columnNumber":15,"asyncCause":null,"asyncCaller":null,"caller":{"filename":"resource://services-settings/Utils.sys.mjs","name":"fetch","sourceId":26,"lineNumber":235,"columnNumber":12,"asyncCause":null,"asyncCaller":null,"caller":{"filename":"resource://services-settings/Utils.sys.mjs","name":"fetchLatestChanges","sourceId":26,"lineNumber":446,"columnNumber":34,"asyncCause":null,"asyncCaller":null,"caller":{"filename":"resource://services-settings/RemoteSettingsClient.sys.mjs","name":"sync","sourceId":24,"lineNumber":664,"columnNumber":42,"asyncCause":null,"asyncCaller":null,"caller":{"filename":"resource://services-settings/RemoteSettingsClient.sys.mjs","name":"get/this._importingPromise<","sourceId":24,"lineNumber":502,"columnNumber":28,"asyncCause":null,"asyncCaller":null,"caller":null,"formattedStack":"get/this._importingPromise<@resource://services-settings/RemoteSettingsClient.sys.mjs:502:28\\n","nativeSavedFrame":{}},"formattedStack":"sync@resource://services-settings/RemoteSettingsClient.sys.mjs:664:42\\nget/this._importingPromise<@resource://services-settings/RemoteSettingsClient.sys.mjs:502:28\\n","nativeSavedFrame":{}},"formattedStack":"fetchLatestChanges@resource://services-settings/Utils.sys.mjs:446:34\\nsync@resource://services-settings/RemoteSettingsClient.sys.mjs:664:42\\nget/this._importingPromise<@resource://services-settings/RemoteSettingsClient.sys.mjs:502:28\\n","nativeSavedFrame":{}},"formattedStack":"fetch@resource://services-settings/Utils.sys.mjs:235:12\\nfetchLatestChanges@resource://services-settings/Utils.sys.mjs:446:34\\nsync@resource://services-settings/RemoteSettingsClient.sys.mjs:664:42\\nget/this._importingPromise<@resource://services-settings/RemoteSettingsClient.sys.mjs:502:28\\n","nativeSavedFrame":{}},"formattedStack":"fetch/<@resource://services-settings/Utils.sys.mjs:284:15\\nfetch@resource://services-settings/Utils.sys.mjs:235:12\\nfetchLatestChanges@resource://services-settings/Utils.sys.mjs:446:34\\nsync@resource://services-settings/RemoteSettingsClient.sys.mjs:664:42\\nget/this._importingPromise<@resource://services-settings/RemoteSettingsClient.sys.mjs:502:28\\n","nativeSavedFrame":{}},"formattedStack":"open@resource://gre/modules/ServiceRequest.sys.mjs:126:11\\nfetch/<@resource://services-settings/Utils.sys.mjs:284:15\\nfetch@resource://services-settings/Utils.sys.mjs:235:12\\nfetchLatestChanges@resource://services-settings/Utils.sys.mjs:446:34\\nsync@resource://services-settings/RemoteSettingsClient.sys.mjs:664:42\\nget/this._importingPromise<@resource://services-settings/RemoteSettingsClient.sys.mjs:502:28\\n","nativeSavedFrame":{}}\n[pid=32292][out]     - message = XMLHttpRequest.open: \'/buckets/monitor/collections/changes/changeset?collection=fxrelay-allowlist&bucket=main&_expected=0\' is not a valid URL.\n[pid=32292][out]     - name = SyntaxError\n[pid=32292][out]     - result = 2152923148\n[pid=32292][out]     - stack = open@resource://gre/modules/ServiceRequest.sys.mjs:126:11|fetch/<@resource://services-settings/Utils.sys.mjs:284:15|fetch@resource://services-settings/Utils.sys.mjs:235:12|fetchLatestChanges@resource://services-settings/Utils.sys.mjs:446:34|sync@resource://services-settings/RemoteSettingsClient.sys.mjs:664:42|get/this._importingPromise<@resource://services-settings/RemoteSettingsClient.sys.mjs:502:28|\n[pid=32292][out]   - prototype Error\n[pid=32292][out]   - prototype Object\n[pid=32292][out] \n[pid=32292][out]         ERROR: error in channel "content::13/15/2": exception while running method "scrollIntoViewIfNeeded" in namespace "page": Node does not have a layout object  \n[pid=32292][out]       console.error: services.settings: \n[pid=32292][out] DOMException\n[pid=32292][out]   - prototype DOMException\n[pid=32292][out]     - ABORT_ERR = 20\n[pid=32292][out]     - DATA_CLONE_ERR = 25\n[pid=32292][out]     - DOMSTRING_SIZE_ERR = 2\n[pid=32292][out]     - HIERARCHY_REQUEST_ERR = 3\n[pid=32292][out]     - INDEX_SIZE_ERR = 1\n[pid=32292][out]     - INUSE_ATTRIBUTE_ERR = 10\n[pid=32292][out]     - INVALID_ACCESS_ERR = 15\n[pid=32292][out]     - INVALID_CHARACTER_ERR = 5\n[pid=32292][out]     - INVALID_MODIFICATION_ERR = 13\n[pid=32292][out]     - INVALID_NODE_TYPE_ERR = 24\n[pid=32292][out]     - INVALID_STATE_ERR = 11\n[pid=32292][out]     - NAMESPACE_ERR = 14\n[pid=32292][out]     - NETWORK_ERR = 19\n[pid=32292][out]     - NOT_FOUND_ERR = 8\n[pid=32292][out]     - NOT_SUPPORTED_ERR = 9\n[pid=32292][out]     - NO_DATA_ALLOWED_ERR = 6\n[pid=32292][out]     - NO_MODIFICATION_ALLOWED_ERR = 7\n[pid=32292][out]     - QUOTA_EXCEEDED_ERR = 22\n[pid=32292][out]     - SECURITY_ERR = 18\n[pid=32292][out]     - SYNTAX_ERR = 12\n[pid=32292][out]     - TIMEOUT_ERR = 23\n[pid=32292][out]     - TYPE_MISMATCH_ERR = 17\n[pid=32292][out]     - URL_MISMATCH_ERR = 21\n[pid=32292][out]     - VALIDATION_ERR = 16\n[pid=32292][out]     - WRONG_DOCUMENT_ERR = 4\n[pid=32292][out]     - code = 12\n[pid=32292][out]     - columnNumber = 11\n[pid=32292][out]     - data = null\n[pid=32292][out]     - filename = resource://gre/modules/ServiceRequest.sys.mjs\n[pid=32292][out]     - lineNumber = 126\n[pid=32292][out]     - location = {"name":"open","filename":"resource://gre/modules/ServiceRequest.sys.mjs","sourceId":27,"lineNumber":126,"columnNumber":11,"asyncCause":null,"asyncCaller":null,"caller":{"filename":"resource://services-settings/Utils.sys.mjs","name":"fetch/<","sourceId":26,"lineNumber":284,"columnNumber":15,"asyncCause":null,"asyncCaller":null,"caller":{"filename":"resource://services-settings/Utils.sys.mjs","name":"fetch","sourceId":26,"lineNumber":235,"columnNumber":12,"asyncCause":null,"asyncCaller":null,"caller":{"filename":"resource://services-settings/Utils.sys.mjs","name":"fetchLatestChanges","sourceId":26,"lineNumber":446,"columnNumber":34,"asyncCause":null,"asyncCaller":null,"caller":{"filename":"resource://services-settings/RemoteSettingsClient.sys.mjs","name":"sync","sourceId":24,"lineNumber":664,"columnNumber":42,"asyncCause":null,"asyncCaller":null,"caller":{"filename":"resource://services-settings/RemoteSettingsClient.sys.mjs","name":"get/this._importingPromise<","sourceId":24,"lineNumber":502,"columnNumber":28,"asyncCause":null,"asyncCaller":null,"caller":null,"formattedStack":"get/this._importingPromise<@resource://services-settings/RemoteSettingsClient.sys.mjs:502:28\\n","nativeSavedFrame":{}},"formattedStack":"sync@resource://services-settings/RemoteSettingsClient.sys.mjs:664:42\\nget/this._importingPromise<@resource://services-settings/RemoteSettingsClient.sys.mjs:502:28\\n","nativeSavedFrame":{}},"formattedStack":"fetchLatestChanges@resource://services-settings/Utils.sys.mjs:446:34\\nsync@resource://services-settings/RemoteSettingsClient.sys.mjs:664:42\\nget/this._importingPromise<@resource://services-settings/RemoteSettingsClient.sys.mjs:502:28\\n","nativeSavedFrame":{}},"formattedStack":"fetch@resource://services-settings/Utils.sys.mjs:235:12\\nfetchLatestChanges@resource://services-settings/Utils.sys.mjs:446:34\\nsync@resource://services-settings/RemoteSettingsClient.sys.mjs:664:42\\nget/this._importingPromise<@resource://services-settings/RemoteSettingsClient.sys.mjs:502:28\\n","nativeSavedFrame":{}},"formattedStack":"fetch/<@resource://services-settings/Utils.sys.mjs:284:15\\nfetch@resource://services-settings/Utils.sys.mjs:235:12\\nfetchLatestChanges@resource://services-settings/Utils.sys.mjs:446:34\\nsync@resource://services-settings/RemoteSettingsClient.sys.mjs:664:42\\nget/this._importingPromise<@resource://services-settings/RemoteSettingsClient.sys.mjs:502:28\\n","nativeSavedFrame":{}},"formattedStack":"open@resource://gre/modules/ServiceRequest.sys.mjs:126:11\\nfetch/<@resource://services-settings/Utils.sys.mjs:284:15\\nfetch@resource://services-settings/Utils.sys.mjs:235:12\\nfetchLatestChanges@resource://services-settings/Utils.sys.mjs:446:34\\nsync@resource://services-settings/RemoteSettingsClient.sys.mjs:664:42\\nget/this._importingPromise<@resource://services-settings/RemoteSettingsClient.sys.mjs:502:28\\n","nativeSavedFrame":{}}\n[pid=32292][out]     - message = XMLHttpRequest.open: \'/buckets/monitor/collections/changes/changeset?collection=password-rules&bucket=main&_expected=0\' is not a valid URL.\n[pid=32292][out]     - name = SyntaxError\n[pid=32292][out]     - result = 2152923148\n[pid=32292][out]     - stack = open@resource://gre/modules/ServiceRequest.sys.mjs:126:11|fetch/<@resource://services-settings/Utils.sys.mjs:284:15|fetch@resource://services-settings/Utils.sys.mjs:235:12|fetchLatestChanges@resource://services-settings/Utils.sys.mjs:446:34|sync@resource://services-settings/RemoteSettingsClient.sys.mjs:664:42|get/this._importingPromise<@resource://services-settings/RemoteSettingsClient.sys.mjs:502:28|\n[pid=32292][out]   - prototype Error\n[pid=32292][out]   - prototype Object\n[pid=32292][out] console.error: services.settings: \n[pid=32292][out] DOMException\n[pid=32292][out]   - prototype DOMException\n[pid=32292][out]     - ABORT_ERR = 20\n[pid=32292][out]     - DATA_CLONE_ERR = 25\n[pid=32292][out]     - DOMSTRING_SIZE_ERR = 2\n[pid=32292][out]     - HIERARCHY_REQUEST_ERR = 3\n[pid=32292][out]     - INDEX_SIZE_ERR = 1\n[pid=32292][out]     - INUSE_ATTRIBUTE_ERR = 10\n[pid=32292][out]     - INVALID_ACCESS_ERR = 15\n[pid=32292][out]     - INVALID_CHARACTER_ERR = 5\n[pid=32292][out]     - INVALID_MODIFICATION_ERR = 13\n[pid=32292][out]     - INVALID_NODE_TYPE_ERR = 24\n[pid=32292][out]     - INVALID_STATE_ERR = 11\n[pid=32292][out]     - NAMESPACE_ERR = 14\n[pid=32292][out]     - NETWORK_ERR = 19\n[pid=32292][out]     - NOT_FOUND_ERR = 8\n[pid=32292][out]     - NOT_SUPPORTED_ERR = 9\n[pid=32292][out]     - NO_DATA_ALLOWED_ERR = 6\n[pid=32292][out]     - NO_MODIFICATION_ALLOWED_ERR = 7\n[pid=32292][out]     - QUOTA_EXCEEDED_ERR = 22\n[pid=32292][out]     - SECURITY_ERR = 18\n[pid=32292][out]     - SYNTAX_ERR = 12\n[pid=32292][out]     - TIMEOUT_ERR = 23\n[pid=32292][out]     - TYPE_MISMATCH_ERR = 17\n[pid=32292][out]     - URL_MISMATCH_ERR = 21\n[pid=32292][out]     - VALIDATION_ERR = 16\n[pid=32292][out]     - WRONG_DOCUMENT_ERR = 4\n[pid=32292][out]     - code = 12\n[pid=32292][out]     - columnNumber = 11\n[pid=32292][out]     - data = null\n[pid=32292][out]     - filename = resource://gre/modules/ServiceRequest.sys.mjs\n[pid=32292][out]     - lineNumber = 126\n[pid=32292][out]     - location = {"name":"open","filename":"resource://gre/modules/ServiceRequest.sys.mjs","sourceId":27,"lineNumber":126,"columnNumber":11,"asyncCause":null,"asyncCaller":null,"caller":{"filename":"resource://services-settings/Utils.sys.mjs","name":"fetch/<","sourceId":26,"lineNumber":284,"columnNumber":15,"asyncCause":null,"asyncCaller":null,"caller":{"filename":"resource://services-settings/Utils.sys.mjs","name":"fetch","sourceId":26,"lineNumber":235,"columnNumber":12,"asyncCause":null,"asyncCaller":null,"caller":{"filename":"resource://services-settings/Utils.sys.mjs","name":"fetchLatestChanges","sourceId":26,"lineNumber":446,"columnNumber":34,"asyncCause":null,"asyncCaller":null,"caller":{"filename":"resource://services-settings/RemoteSettingsClient.sys.mjs","name":"sync","sourceId":24,"lineNumber":664,"columnNumber":42,"asyncCause":null,"asyncCaller":null,"caller":{"filename":"resource://services-settings/RemoteSettingsClient.sys.mjs","name":"get/this._importingPromise<","sourceId":24,"lineNumber":502,"columnNumber":28,"asyncCause":null,"asyncCaller":null,"caller":null,"formattedStack":"get/this._importingPromise<@resource://services-settings/RemoteSettingsClient.sys.mjs:502:28\\n","nativeSavedFrame":{}},"formattedStack":"sync@resource://services-settings/RemoteSettingsClient.sys.mjs:664:42\\nget/this._importingPromise<@resource://services-settings/RemoteSettingsClient.sys.mjs:502:28\\n","nativeSavedFrame":{}},"formattedStack":"fetchLatestChanges@resource://services-settings/Utils.sys.mjs:446:34\\nsync@resource://services-settings/RemoteSettingsClient.sys.mjs:664:42\\nget/this._importingPromise<@resource://services-settings/RemoteSettingsClient.sys.mjs:502:28\\n","nativeSavedFrame":{}},"formattedStack":"fetch@resource://services-settings/Utils.sys.mjs:235:12\\nfetchLatestChanges@resource://services-settings/Utils.sys.mjs:446:34\\nsync@resource://services-settings/RemoteSettingsClient.sys.mjs:664:42\\nget/this._importingPromise<@resource://services-settings/RemoteSettingsClient.sys.mjs:502:28\\n","nativeSavedFrame":{}},"formattedStack":"fetch/<@resource://services-settings/Utils.sys.mjs:284:15\\nfetch@resource://services-settings/Utils.sys.mjs:235:12\\nfetchLatestChanges@resource://services-settings/Utils.sys.mjs:446:34\\nsync@resource://services-settings/RemoteSettingsClient.sys.mjs:664:42\\nget/this._importingPromise<@resource://services-settings/RemoteSettingsClient.sys.mjs:502:28\\n","nativeSavedFrame":{}},"formattedStack":"open@resource://gre/modules/ServiceRequest.sys.mjs:126:11\\nfetch/<@resource://services-settings/Utils.sys.mjs:284:15\\nfetch@resource://services-settings/Utils.sys.mjs:235:12\\nfetchLatestChanges@resource://services-settings/Utils.sys.mjs:446:34\\nsync@resource://services-settings/RemoteSettingsClient.sys.mjs:664:42\\nget/this._importingPromise<@resource://services-settings/RemoteSettingsClient.sys.mjs:502:28\\n","nativeSavedFrame":{}}\n[pid=32292][out]     - message = XMLHttpRequest.open: \'/buckets/monitor/collections/changes/changeset?collection=search-config-icons&bucket=main&_expected=0\' is not a valid URL.\n[pid=32292][out]     - name = SyntaxError\n[pid=32292][out]     - result = 2152923148\n[pid=32292][out]     - stack = open@resource://gre/modules/ServiceRequest.sys.mjs:126:11|fetch/<@resource://services-settings/Utils.sys.mjs:284:15|fetch@resource://services-settings/Utils.sys.mjs:235:12|fetchLatestChanges@resource://services-settings/Utils.sys.mjs:446:34|sync@resource://services-settings/RemoteSettingsClient.sys.mjs:664:42|get/this._importingPromise<@resource://services-settings/RemoteSettingsClient.sys.mjs:502:28|\n[pid=32292][out]   - prototype Error\n[pid=32292][out]   - prototype Object\n[pid=32292][out] console.error: "Could not download new icon" (new ServerInfoError("Server response is invalid SyntaxError: XMLHttpRequest.open: \'/\' is not a valid URL.", "resource://services-settings/Attachments.sys.mjs", 40))\n[pid=32292][out] \n[pid=32292][out]         ERROR: error in channel "content::13/15/2": exception while running method "scrollIntoViewIfNeeded" in namespace "page": Node does not have a layout object  \n[pid=32292][out]       console.warn: BackupService: "Path failed existence check :" null\n[pid=32292][err] JavaScript warning: https://lf16-tiktok-web.tiktokcdn-us.com/obj/tiktok-web-tx/tiktok/web/tiktok_fe_login_vmok/static/js/async/captcha-ttp.c5175a35.js line 2 > Function, line 4: WEBGL_debug_renderer_info is deprecated in Firefox and will be removed. Please use RENDERER.\n[pid=32292][out] \n[pid=32292][out]         ERROR: error in channel "content::13/15/2": exception while running method "scrollIntoViewIfNeeded" in namespace "page": Node does not have a layout object  \n[pid=32292][out]       \n[pid=32292][out]         ERROR: error in channel "content::13/15/2": exception while running method "scrollIntoViewIfNeeded" in namespace "page": Node does not have a layout object  \n[pid=32292][out]       [PARENT-ACTOR] actorCreated browserId=13 isCG=true parent=false\n[pid=32292][out] [PARENT-ACTOR] target=true for browserId=13\n[pid=32292][out] [PARENT-ACTOR] calling setActor for target ca793dad-8804-4dbb-a001-789ff4056b65\n[pid=32292][out] [PARENT-ACTOR] setActor done\n[pid=32292][err] JavaScript error: , line 0: InvalidStateError: Navigated away from page\n[pid=32292][out] [PARENT-ACTOR] actorCreated browserId=14 isCG=true parent=false\n[pid=32292][out] [PARENT-ACTOR] registered pending actor for browserId=14\n[pid=32292][out] [PARENT-ACTOR] target=false for browserId=14\n[pid=32292][err] JavaScript error: chrome://juggler/content/NetworkObserver.js, line 353: NS_ERROR_NOT_AVAILABLE: Component returned failure code: 0x80040111 (NS_ERROR_NOT_AVAILABLE) [nsINetworkInterceptController.channelIntercepted]\n[pid=32292][err] JavaScript error: chrome://juggler/content/NetworkObserver.js, line 353: NS_ERROR_NOT_AVAILABLE: Component returned failure code: 0x80040111 (NS_ERROR_NOT_AVAILABLE) [nsINetworkInterceptController.channelIntercepted]\n[pid=32292][err] JavaScript error: moz-extension://d6105ea0-8d34-41ab-85a7-2eb0c66d55bb/contents/background_165.bundle.js, line 1: Error: Type error for parameter options (Error processing addRules.2.condition.resourceTypes.12: Invalid enumeration value "webtransport") for declarativeNetRequest.updateDynamicRules.\n[pid=32292][err] [Child 37372, MediaDecoderStateMachine #1] WARNING: Decoder=22348c6ad00 Decode error: NS_ERROR_DOM_MEDIA_NOT_SUPPORTED_ERR (0x806e0003) - Utility MF Media Engine CDM only support for media engine playback: file ./../../../dom/media/MediaDecoderStateMachineBase.cpp:168\n[pid=32292][err] JavaScript warning: https://lf16-tiktok-web.tiktokcdn-us.com/obj/tiktok-web-tx/tiktok/webapp/main/react-v18/webapp-desktop/static/js/27663.1e93b95a.js, line 6: This error message will be blank when privacy.resistFingerprinting = true.  If it is really necessary, please add it to the whitelist in MediaError::GetMessage: Failed to decode media\n[pid=32292][err] JavaScript warning: https://lf16-tiktok-web.tiktokcdn-us.com/obj/tiktok-web-tx/webmssdk/2.0.0.514/webmssdk.js, line 1: WEBGL_debug_renderer_info is deprecated in Firefox and will be removed. Please use RENDERER.\n[pid=32292][out] \n[pid=32292][out]         ERROR: error in channel "content::13/15/11": exception while running method "scrollIntoViewIfNeeded" in namespace "page": Node does not have a layout object  \n[pid=32292][err] JavaScript warning: https://lf16-tiktok-web.tiktokcdn-us.com/obj/tiktok-web-tx/webmssdk_ex/2.0.0.1632/webmssdk_ex.js, line 1: WEBGL_debug_renderer_info is deprecated in Firefox and will be removed. Please use RENDERER.\n[pid=32292][out]       \n[pid=32292][out]         ERROR: error in channel "content::13/15/11": exception while running method "scrollIntoViewIfNeeded" in namespace "page": Node does not have a layout object  \n[pid=32292][out]       \n[pid=32292][out]         ERROR: error in channel "content::13/15/11": exception while running method "scrollIntoViewIfNeeded" in namespace "page": Node does not have a layout object  \n[pid=32292] <gracefully close start>\n[pid=32292][out]       console.error: (new TypeError("can\'t access property \\"store\\", lazy.AboutNewTab.activityStream is null", "resource:///modules/AboutHomeStartupCache.sys.mjs", 407))\n[pid=32292][out] [FrameTree] removeListeners(_eventListeners) failed (half-destroyed webProgress): Component returned failure code: 0x80004005 (NS_ERROR_FAILURE) [nsIWebProgress.removeProgressListener]\nCall log:\n  - taking page screenshot\n  - waiting for fonts to load...\n  - fonts loaded\n')>
playwright._impl._errors.TargetClosedError: Target page, context or browser has been closed
Browser logs:

[pid=32292][out]     - DOMSTRING_SIZE_ERR = 2
[pid=32292][out]     - HIERARCHY_REQUEST_ERR = 3
[pid=32292][out]     - INDEX_SIZE_ERR = 1
[pid=32292][out]     - INUSE_ATTRIBUTE_ERR = 10
[pid=32292][out]     - INVALID_ACCESS_ERR = 15
[pid=32292][out]     - INVALID_CHARACTER_ERR = 5
[pid=32292][out]     - INVALID_MODIFICATION_ERR = 13
[pid=32292][out]     - INVALID_NODE_TYPE_ERR = 24
[pid=32292][out]     - INVALID_STATE_ERR = 11
[pid=32292][out]     - NAMESPACE_ERR = 14
[pid=32292][out]     - NETWORK_ERR = 19
[pid=32292][out]     - NOT_FOUND_ERR = 8
[pid=32292][out]     - NOT_SUPPORTED_ERR = 9
[pid=32292][out]     - NO_DATA_ALLOWED_ERR = 6
[pid=32292][out]     - NO_MODIFICATION_ALLOWED_ERR = 7
[pid=32292][out]     - QUOTA_EXCEEDED_ERR = 22
[pid=32292][out]     - SECURITY_ERR = 18
[pid=32292][out]     - SYNTAX_ERR = 12
[pid=32292][out]     - TIMEOUT_ERR = 23
[pid=32292][out]     - TYPE_MISMATCH_ERR = 17
[pid=32292][out]     - URL_MISMATCH_ERR = 21
[pid=32292][out]     - VALIDATION_ERR = 16
[pid=32292][out]     - WRONG_DOCUMENT_ERR = 4
[pid=32292][out]     - code = 12
[pid=32292][out]     - columnNumber = 11
[pid=32292][out]     - data = null
[pid=32292][out]     - filename = resource://gre/modules/ServiceRequest.sys.mjs
[pid=32292][out]     - lineNumber = 126
[pid=32292][out]     - location = {"name":"open","filename":"resource://gre/modules/ServiceRequest.sys.mjs","sourceId":27,"lineNumber":126,"columnNumber":11,"asyncCause":null,"asyncCaller":null,"caller":{"filename":"resource://services-settings/Utils.sys.mjs","name":"fetch/<","sourceId":26,"lineNumber":284,"columnNumber":15,"asyncCause":null,"asyncCaller":null,"caller":{"filename":"resource://services-settings/Utils.sys.mjs","name":"fetch","sourceId":26,"lineNumber":235,"columnNumber":12,"asyncCause":null,"asyncCaller":null,"caller":{"filename":"resource://services-settings/Utils.sys.mjs","name":"fetchLatestChanges","sourceId":26,"lineNumber":446,"columnNumber":34,"asyncCause":null,"asyncCaller":null,"caller":{"filename":"resource://services-settings/RemoteSettingsClient.sys.mjs","name":"sync","sourceId":24,"lineNumber":664,"columnNumber":42,"asyncCause":null,"asyncCaller":null,"caller":{"filename":"resource://services-settings/RemoteSettingsClient.sys.mjs","name":"get/this._importingPromise<","sourceId":24,"lineNumber":502,"columnNumber":28,"asyncCause":null,"asyncCaller":null,"caller":null,"formattedStack":"get/this._importingPromise<@resource://services-settings/RemoteSettingsClient.sys.mjs:502:28\n","nativeSavedFrame":{}},"formattedStack":"sync@resource://services-settings/RemoteSettingsClient.sys.mjs:664:42\nget/this._importingPromise<@resource://services-settings/RemoteSettingsClient.sys.mjs:502:28\n","nativeSavedFrame":{}},"formattedStack":"fetchLatestChanges@resource://services-settings/Utils.sys.mjs:446:34\nsync@resource://services-settings/RemoteSettingsClient.sys.mjs:664:42\nget/this._importingPromise<@resource://services-settings/RemoteSettingsClient.sys.mjs:502:28\n","nativeSavedFrame":{}},"formattedStack":"fetch@resource://services-settings/Utils.sys.mjs:235:12\nfetchLatestChanges@resource://services-settings/Utils.sys.mjs:446:34\nsync@resource://services-settings/RemoteSettingsClient.sys.mjs:664:42\nget/this._importingPromise<@resource://services-settings/RemoteSettingsClient.sys.mjs:502:28\n","nativeSavedFrame":{}},"formattedStack":"fetch/<@resource://services-settings/Utils.sys.mjs:284:15\nfetch@resource://services-settings/Utils.sys.mjs:235:12\nfetchLatestChanges@resource://services-settings/Utils.sys.mjs:446:34\nsync@resource://services-settings/RemoteSettingsClient.sys.mjs:664:42\nget/this._importingPromise<@resource://services-settings/RemoteSettingsClient.sys.mjs:502:28\n","nativeSavedFrame":{}},"formattedStack":"open@resource://gre/modules/ServiceRequest.sys.mjs:126:11\nfetch/<@resource://services-settings/Utils.sys.mjs:284:15\nfetch@resource://services-settings/Utils.sys.mjs:235:12\nfetchLatestChanges@resource://services-settings/Utils.sys.mjs:446:34\nsync@resource://services-settings/RemoteSettingsClient.sys.mjs:664:42\nget/this._importingPromise<@resource://services-settings/RemoteSettingsClient.sys.mjs:502:28\n","nativeSavedFrame":{}}
[pid=32292][out]     - message = XMLHttpRequest.open: '/buckets/monitor/collections/changes/changeset?collection=fxrelay-allowlist&bucket=main&_expected=0' is not a valid URL.
[pid=32292][out]     - name = SyntaxError
[pid=32292][out]     - result = 2152923148
[pid=32292][out]     - stack = open@resource://gre/modules/ServiceRequest.sys.mjs:126:11|fetch/<@resource://services-settings/Utils.sys.mjs:284:15|fetch@resource://services-settings/Utils.sys.mjs:235:12|fetchLatestChanges@resource://services-settings/Utils.sys.mjs:446:34|sync@resource://services-settings/RemoteSettingsClient.sys.mjs:664:42|get/this._importingPromise<@resource://services-settings/RemoteSettingsClient.sys.mjs:502:28|
[pid=32292][out]   - prototype Error
[pid=32292][out]   - prototype Object
[pid=32292][out] 
[pid=32292][out]         ERROR: error in channel "content::13/15/2": exception while running method "scrollIntoViewIfNeeded" in namespace "page": Node does not have a layout object  
[pid=32292][out]       console.error: services.settings: 
[pid=32292][out] DOMException
[pid=32292][out]   - prototype DOMException
[pid=32292][out]     - ABORT_ERR = 20
[pid=32292][out]     - DATA_CLONE_ERR = 25
[pid=32292][out]     - DOMSTRING_SIZE_ERR = 2
[pid=32292][out]     - HIERARCHY_REQUEST_ERR = 3
[pid=32292][out]     - INDEX_SIZE_ERR = 1
[pid=32292][out]     - INUSE_ATTRIBUTE_ERR = 10
[pid=32292][out]     - INVALID_ACCESS_ERR = 15
[pid=32292][out]     - INVALID_CHARACTER_ERR = 5
[pid=32292][out]     - INVALID_MODIFICATION_ERR = 13
[pid=32292][out]     - INVALID_NODE_TYPE_ERR = 24
[pid=32292][out]     - INVALID_STATE_ERR = 11
[pid=32292][out]     - NAMESPACE_ERR = 14
[pid=32292][out]     - NETWORK_ERR = 19
[pid=32292][out]     - NOT_FOUND_ERR = 8
[pid=32292][out]     - NOT_SUPPORTED_ERR = 9
[pid=32292][out]     - NO_DATA_ALLOWED_ERR = 6
[pid=32292][out]     - NO_MODIFICATION_ALLOWED_ERR = 7
[pid=32292][out]     - QUOTA_EXCEEDED_ERR = 22
[pid=32292][out]     - SECURITY_ERR = 18
[pid=32292][out]     - SYNTAX_ERR = 12
[pid=32292][out]     - TIMEOUT_ERR = 23
[pid=32292][out]     - TYPE_MISMATCH_ERR = 17
[pid=32292][out]     - URL_MISMATCH_ERR = 21
[pid=32292][out]     - VALIDATION_ERR = 16
[pid=32292][out]     - WRONG_DOCUMENT_ERR = 4
[pid=32292][out]     - code = 12
[pid=32292][out]     - columnNumber = 11
[pid=32292][out]     - data = null
[pid=32292][out]     - filename = resource://gre/modules/ServiceRequest.sys.mjs
[pid=32292][out]     - lineNumber = 126
[pid=32292][out]     - location = {"name":"open","filename":"resource://gre/modules/ServiceRequest.sys.mjs","sourceId":27,"lineNumber":126,"columnNumber":11,"asyncCause":null,"asyncCaller":null,"caller":{"filename":"resource://services-settings/Utils.sys.mjs","name":"fetch/<","sourceId":26,"lineNumber":284,"columnNumber":15,"asyncCause":null,"asyncCaller":null,"caller":{"filename":"resource://services-settings/Utils.sys.mjs","name":"fetch","sourceId":26,"lineNumber":235,"columnNumber":12,"asyncCause":null,"asyncCaller":null,"caller":{"filename":"resource://services-settings/Utils.sys.mjs","name":"fetchLatestChanges","sourceId":26,"lineNumber":446,"columnNumber":34,"asyncCause":null,"asyncCaller":null,"caller":{"filename":"resource://services-settings/RemoteSettingsClient.sys.mjs","name":"sync","sourceId":24,"lineNumber":664,"columnNumber":42,"asyncCause":null,"asyncCaller":null,"caller":{"filename":"resource://services-settings/RemoteSettingsClient.sys.mjs","name":"get/this._importingPromise<","sourceId":24,"lineNumber":502,"columnNumber":28,"asyncCause":null,"asyncCaller":null,"caller":null,"formattedStack":"get/this._importingPromise<@resource://services-settings/RemoteSettingsClient.sys.mjs:502:28\n","nativeSavedFrame":{}},"formattedStack":"sync@resource://services-settings/RemoteSettingsClient.sys.mjs:664:42\nget/this._importingPromise<@resource://services-settings/RemoteSettingsClient.sys.mjs:502:28\n","nativeSavedFrame":{}},"formattedStack":"fetchLatestChanges@resource://services-settings/Utils.sys.mjs:446:34\nsync@resource://services-settings/RemoteSettingsClient.sys.mjs:664:42\nget/this._importingPromise<@resource://services-settings/RemoteSettingsClient.sys.mjs:502:28\n","nativeSavedFrame":{}},"formattedStack":"fetch@resource://services-settings/Utils.sys.mjs:235:12\nfetchLatestChanges@resource://services-settings/Utils.sys.mjs:446:34\nsync@resource://services-settings/RemoteSettingsClient.sys.mjs:664:42\nget/this._importingPromise<@resource://services-settings/RemoteSettingsClient.sys.mjs:502:28\n","nativeSavedFrame":{}},"formattedStack":"fetch/<@resource://services-settings/Utils.sys.mjs:284:15\nfetch@resource://services-settings/Utils.sys.mjs:235:12\nfetchLatestChanges@resource://services-settings/Utils.sys.mjs:446:34\nsync@resource://services-settings/RemoteSettingsClient.sys.mjs:664:42\nget/this._importingPromise<@resource://services-settings/RemoteSettingsClient.sys.mjs:502:28\n","nativeSavedFrame":{}},"formattedStack":"open@resource://gre/modules/ServiceRequest.sys.mjs:126:11\nfetch/<@resource://services-settings/Utils.sys.mjs:284:15\nfetch@resource://services-settings/Utils.sys.mjs:235:12\nfetchLatestChanges@resource://services-settings/Utils.sys.mjs:446:34\nsync@resource://services-settings/RemoteSettingsClient.sys.mjs:664:42\nget/this._importingPromise<@resource://services-settings/RemoteSettingsClient.sys.mjs:502:28\n","nativeSavedFrame":{}}
[pid=32292][out]     - message = XMLHttpRequest.open: '/buckets/monitor/collections/changes/changeset?collection=password-rules&bucket=main&_expected=0' is not a valid URL.
[pid=32292][out]     - name = SyntaxError
[pid=32292][out]     - result = 2152923148
[pid=32292][out]     - stack = open@resource://gre/modules/ServiceRequest.sys.mjs:126:11|fetch/<@resource://services-settings/Utils.sys.mjs:284:15|fetch@resource://services-settings/Utils.sys.mjs:235:12|fetchLatestChanges@resource://services-settings/Utils.sys.mjs:446:34|sync@resource://services-settings/RemoteSettingsClient.sys.mjs:664:42|get/this._importingPromise<@resource://services-settings/RemoteSettingsClient.sys.mjs:502:28|
[pid=32292][out]   - prototype Error
[pid=32292][out]   - prototype Object
[pid=32292][out] console.error: services.settings: 
[pid=32292][out] DOMException
[pid=32292][out]   - prototype DOMException
[pid=32292][out]     - ABORT_ERR = 20
[pid=32292][out]     - DATA_CLONE_ERR = 25
[pid=32292][out]     - DOMSTRING_SIZE_ERR = 2
[pid=32292][out]     - HIERARCHY_REQUEST_ERR = 3
[pid=32292][out]     - INDEX_SIZE_ERR = 1
[pid=32292][out]     - INUSE_ATTRIBUTE_ERR = 10
[pid=32292][out]     - INVALID_ACCESS_ERR = 15
[pid=32292][out]     - INVALID_CHARACTER_ERR = 5
[pid=32292][out]     - INVALID_MODIFICATION_ERR = 13
[pid=32292][out]     - INVALID_NODE_TYPE_ERR = 24
[pid=32292][out]     - INVALID_STATE_ERR = 11
[pid=32292][out]     - NAMESPACE_ERR = 14
[pid=32292][out]     - NETWORK_ERR = 19
[pid=32292][out]     - NOT_FOUND_ERR = 8
[pid=32292][out]     - NOT_SUPPORTED_ERR = 9
[pid=32292][out]     - NO_DATA_ALLOWED_ERR = 6
[pid=32292][out]     - NO_MODIFICATION_ALLOWED_ERR = 7
[pid=32292][out]     - QUOTA_EXCEEDED_ERR = 22
[pid=32292][out]     - SECURITY_ERR = 18
[pid=32292][out]     - SYNTAX_ERR = 12
[pid=32292][out]     - TIMEOUT_ERR = 23
[pid=32292][out]     - TYPE_MISMATCH_ERR = 17
[pid=32292][out]     - URL_MISMATCH_ERR = 21
[pid=32292][out]     - VALIDATION_ERR = 16
[pid=32292][out]     - WRONG_DOCUMENT_ERR = 4
[pid=32292][out]     - code = 12
[pid=32292][out]     - columnNumber = 11
[pid=32292][out]     - data = null
[pid=32292][out]     - filename = resource://gre/modules/ServiceRequest.sys.mjs
[pid=32292][out]     - lineNumber = 126
[pid=32292][out]     - location = {"name":"open","filename":"resource://gre/modules/ServiceRequest.sys.mjs","sourceId":27,"lineNumber":126,"columnNumber":11,"asyncCause":null,"asyncCaller":null,"caller":{"filename":"resource://services-settings/Utils.sys.mjs","name":"fetch/<","sourceId":26,"lineNumber":284,"columnNumber":15,"asyncCause":null,"asyncCaller":null,"caller":{"filename":"resource://services-settings/Utils.sys.mjs","name":"fetch","sourceId":26,"lineNumber":235,"columnNumber":12,"asyncCause":null,"asyncCaller":null,"caller":{"filename":"resource://services-settings/Utils.sys.mjs","name":"fetchLatestChanges","sourceId":26,"lineNumber":446,"columnNumber":34,"asyncCause":null,"asyncCaller":null,"caller":{"filename":"resource://services-settings/RemoteSettingsClient.sys.mjs","name":"sync","sourceId":24,"lineNumber":664,"columnNumber":42,"asyncCause":null,"asyncCaller":null,"caller":{"filename":"resource://services-settings/RemoteSettingsClient.sys.mjs","name":"get/this._importingPromise<","sourceId":24,"lineNumber":502,"columnNumber":28,"asyncCause":null,"asyncCaller":null,"caller":null,"formattedStack":"get/this._importingPromise<@resource://services-settings/RemoteSettingsClient.sys.mjs:502:28\n","nativeSavedFrame":{}},"formattedStack":"sync@resource://services-settings/RemoteSettingsClient.sys.mjs:664:42\nget/this._importingPromise<@resource://services-settings/RemoteSettingsClient.sys.mjs:502:28\n","nativeSavedFrame":{}},"formattedStack":"fetchLatestChanges@resource://services-settings/Utils.sys.mjs:446:34\nsync@resource://services-settings/RemoteSettingsClient.sys.mjs:664:42\nget/this._importingPromise<@resource://services-settings/RemoteSettingsClient.sys.mjs:502:28\n","nativeSavedFrame":{}},"formattedStack":"fetch@resource://services-settings/Utils.sys.mjs:235:12\nfetchLatestChanges@resource://services-settings/Utils.sys.mjs:446:34\nsync@resource://services-settings/RemoteSettingsClient.sys.mjs:664:42\nget/this._importingPromise<@resource://services-settings/RemoteSettingsClient.sys.mjs:502:28\n","nativeSavedFrame":{}},"formattedStack":"fetch/<@resource://services-settings/Utils.sys.mjs:284:15\nfetch@resource://services-settings/Utils.sys.mjs:235:12\nfetchLatestChanges@resource://services-settings/Utils.sys.mjs:446:34\nsync@resource://services-settings/RemoteSettingsClient.sys.mjs:664:42\nget/this._importingPromise<@resource://services-settings/RemoteSettingsClient.sys.mjs:502:28\n","nativeSavedFrame":{}},"formattedStack":"open@resource://gre/modules/ServiceRequest.sys.mjs:126:11\nfetch/<@resource://services-settings/Utils.sys.mjs:284:15\nfetch@resource://services-settings/Utils.sys.mjs:235:12\nfetchLatestChanges@resource://services-settings/Utils.sys.mjs:446:34\nsync@resource://services-settings/RemoteSettingsClient.sys.mjs:664:42\nget/this._importingPromise<@resource://services-settings/RemoteSettingsClient.sys.mjs:502:28\n","nativeSavedFrame":{}}
[pid=32292][out]     - message = XMLHttpRequest.open: '/buckets/monitor/collections/changes/changeset?collection=search-config-icons&bucket=main&_expected=0' is not a valid URL.
[pid=32292][out]     - name = SyntaxError
[pid=32292][out]     - result = 2152923148
[pid=32292][out]     - stack = open@resource://gre/modules/ServiceRequest.sys.mjs:126:11|fetch/<@resource://services-settings/Utils.sys.mjs:284:15|fetch@resource://services-settings/Utils.sys.mjs:235:12|fetchLatestChanges@resource://services-settings/Utils.sys.mjs:446:34|sync@resource://services-settings/RemoteSettingsClient.sys.mjs:664:42|get/this._importingPromise<@resource://services-settings/RemoteSettingsClient.sys.mjs:502:28|
[pid=32292][out]   - prototype Error
[pid=32292][out]   - prototype Object
[pid=32292][out] console.error: "Could not download new icon" (new ServerInfoError("Server response is invalid SyntaxError: XMLHttpRequest.open: '/' is not a valid URL.", "resource://services-settings/Attachments.sys.mjs", 40))
[pid=32292][out] 
[pid=32292][out]         ERROR: error in channel "content::13/15/2": exception while running method "scrollIntoViewIfNeeded" in namespace "page": Node does not have a layout object  
[pid=32292][out]       console.warn: BackupService: "Path failed existence check :" null
[pid=32292][err] JavaScript warning: https://lf16-tiktok-web.tiktokcdn-us.com/obj/tiktok-web-tx/tiktok/web/tiktok_fe_login_vmok/static/js/async/captcha-ttp.c5175a35.js line 2 > Function, line 4: WEBGL_debug_renderer_info is deprecated in Firefox and will be removed. Please use RENDERER.
[pid=32292][out] 
[pid=32292][out]         ERROR: error in channel "content::13/15/2": exception while running method "scrollIntoViewIfNeeded" in namespace "page": Node does not have a layout object  
[pid=32292][out]       
[pid=32292][out]         ERROR: error in channel "content::13/15/2": exception while running method "scrollIntoViewIfNeeded" in namespace "page": Node does not have a layout object  
[pid=32292][out]       [PARENT-ACTOR] actorCreated browserId=13 isCG=true parent=false
[pid=32292][out] [PARENT-ACTOR] target=true for browserId=13
[pid=32292][out] [PARENT-ACTOR] calling setActor for target ca793dad-8804-4dbb-a001-789ff4056b65
[pid=32292][out] [PARENT-ACTOR] setActor done
[pid=32292][err] JavaScript error: , line 0: InvalidStateError: Navigated away from page
[pid=32292][out] [PARENT-ACTOR] actorCreated browserId=14 isCG=true parent=false
[pid=32292][out] [PARENT-ACTOR] registered pending actor for browserId=14
[pid=32292][out] [PARENT-ACTOR] target=false for browserId=14
[pid=32292][err] JavaScript error: chrome://juggler/content/NetworkObserver.js, line 353: NS_ERROR_NOT_AVAILABLE: Component returned failure code: 0x80040111 (NS_ERROR_NOT_AVAILABLE) [nsINetworkInterceptController.channelIntercepted]
[pid=32292][err] JavaScript error: chrome://juggler/content/NetworkObserver.js, line 353: NS_ERROR_NOT_AVAILABLE: Component returned failure code: 0x80040111 (NS_ERROR_NOT_AVAILABLE) [nsINetworkInterceptController.channelIntercepted]
[pid=32292][err] JavaScript error: moz-extension://d6105ea0-8d34-41ab-85a7-2eb0c66d55bb/contents/background_165.bundle.js, line 1: Error: Type error for parameter options (Error processing addRules.2.condition.resourceTypes.12: Invalid enumeration value "webtransport") for declarativeNetRequest.updateDynamicRules.
[pid=32292][err] [Child 37372, MediaDecoderStateMachine #1] WARNING: Decoder=22348c6ad00 Decode error: NS_ERROR_DOM_MEDIA_NOT_SUPPORTED_ERR (0x806e0003) - Utility MF Media Engine CDM only support for media engine playback: file ./../../../dom/media/MediaDecoderStateMachineBase.cpp:168
[pid=32292][err] JavaScript warning: https://lf16-tiktok-web.tiktokcdn-us.com/obj/tiktok-web-tx/tiktok/webapp/main/react-v18/webapp-desktop/static/js/27663.1e93b95a.js, line 6: This error message will be blank when privacy.resistFingerprinting = true.  If it is really necessary, please add it to the whitelist in MediaError::GetMessage: Failed to decode media
[pid=32292][err] JavaScript warning: https://lf16-tiktok-web.tiktokcdn-us.com/obj/tiktok-web-tx/webmssdk/2.0.0.514/webmssdk.js, line 1: WEBGL_debug_renderer_info is deprecated in Firefox and will be removed. Please use RENDERER.
[pid=32292][out] 
[pid=32292][out]         ERROR: error in channel "content::13/15/11": exception while running method "scrollIntoViewIfNeeded" in namespace "page": Node does not have a layout object  
[pid=32292][err] JavaScript warning: https://lf16-tiktok-web.tiktokcdn-us.com/obj/tiktok-web-tx/webmssdk_ex/2.0.0.1632/webmssdk_ex.js, line 1: WEBGL_debug_renderer_info is deprecated in Firefox and will be removed. Please use RENDERER.
[pid=32292][out]       
[pid=32292][out]         ERROR: error in channel "content::13/15/11": exception while running method "scrollIntoViewIfNeeded" in namespace "page": Node does not have a layout object  
[pid=32292][out]       
[pid=32292][out]         ERROR: error in channel "content::13/15/11": exception while running method "scrollIntoViewIfNeeded" in namespace "page": Node does not have a layout object  
[pid=32292] <gracefully close start>
[pid=32292][out]       console.error: (new TypeError("can't access property \"store\", lazy.AboutNewTab.activityStream is null", "resource:///modules/AboutHomeStartupCache.sys.mjs", 407))
[pid=32292][out] [FrameTree] removeListeners(_eventListeners) failed (half-destroyed webProgress): Component returned failure code: 0x80004005 (NS_ERROR_FAILURE) [nsIWebProgress.removeProgressListener]
Call log:
  - taking page screenshot
  - waiting for fonts to load...
  - fonts loaded

INFO:httpx:HTTP Request: GET https://graph.microsoft.com/v1.0/me/mailFolders/junkemail/messages?%24top=15&%24select=subject%2CbodyPreview%2CreceivedDateTime%2Cfrom&%24orderby=receivedDateTime+desc "HTTP/1.1 200 OK"
INFO:MSGraphEmailService:[Graph] Chua thay ma moi cho crawerstrakonu@hotmail.com (lan 10/15) - doi mail...
INFO:httpx:HTTP Request: GET https://graph.microsoft.com/v1.0/me/mailFolders/inbox/messages?%24top=15&%24select=subject%2CbodyPreview%2CreceivedDateTime%2Cfrom&%24orderby=receivedDateTime+desc "HTTP/1.1 200 OK"
INFO:httpx:HTTP Request: GET https://graph.microsoft.com/v1.0/me/mailFolders/junkemail/messages?%24top=15&%24select=subject%2CbodyPreview%2CreceivedDateTime%2Cfrom&%24orderby=receivedDateTime+desc "HTTP/1.1 200 OK"
INFO:MSGraphEmailService:[Graph] Chua thay ma moi cho crawerstrakonu@hotmail.com (lan 11/15) - doi mail...
INFO:httpx:HTTP Request: GET https://graph.microsoft.com/v1.0/me/mailFolders/inbox/messages?%24top=15&%24select=subject%2CbodyPreview%2CreceivedDateTime%2Cfrom&%24orderby=receivedDateTime+desc "HTTP/1.1 200 OK"
INFO:httpx:HTTP Request: GET https://graph.microsoft.com/v1.0/me/mailFolders/junkemail/messages?%24top=15&%24select=subject%2CbodyPreview%2CreceivedDateTime%2Cfrom&%24orderby=receivedDateTime+desc "HTTP/1.1 200 OK"
INFO:MSGraphEmailService:[Graph] Chua thay ma moi cho crawerstrakonu@hotmail.com (lan 12/15) - doi mail...
INFO:httpx:HTTP Request: GET https://graph.microsoft.com/v1.0/me/mailFolders/inbox/messages?%24top=15&%24select=subject%2CbodyPreview%2CreceivedDateTime%2Cfrom&%24orderby=receivedDateTime+desc "HTTP/1.1 200 OK"
INFO:httpx:HTTP Request: GET https://graph.microsoft.com/v1.0/me/mailFolders/junkemail/messages?%24top=15&%24select=subject%2CbodyPreview%2CreceivedDateTime%2Cfrom&%24orderby=receivedDateTime+desc "HTTP/1.1 200 OK"
INFO:MSGraphEmailService:[Graph] Chua thay ma moi cho crawerstrakonu@hotmail.com (lan 13/15) - doi mail...
INFO:httpx:HTTP Request: GET https://graph.microsoft.com/v1.0/me/mailFolders/inbox/messages?%24top=15&%24select=subject%2CbodyPreview%2CreceivedDateTime%2Cfrom&%24orderby=receivedDateTime+desc "HTTP/1.1 200 OK"
INFO:httpx:HTTP Request: GET https://graph.microsoft.com/v1.0/me/mailFolders/junkemail/messages?%24top=15&%24select=subject%2CbodyPreview%2CreceivedDateTime%2Cfrom&%24orderby=receivedDateTime+desc "HTTP/1.1 200 OK"
INFO:MSGraphEmailService:[Graph] Chua thay ma moi cho crawerstrakonu@hotmail.com (lan 14/15) - doi mail...
INFO:httpx:HTTP Request: GET https://graph.microsoft.com/v1.0/me/mailFolders/inbox/messages?%24top=15&%24select=subject%2CbodyPreview%2CreceivedDateTime%2Cfrom&%24orderby=receivedDateTime+desc "HTTP/1.1 200 OK"
INFO:httpx:HTTP Request: GET https://graph.microsoft.com/v1.0/me/mailFolders/junkemail/messages?%24top=15&%24select=subject%2CbodyPreview%2CreceivedDateTime%2Cfrom&%24orderby=receivedDateTime+desc "HTTP/1.1 200 OK"
INFO:MSGraphEmailService:[Graph] Chua thay ma moi cho crawerstrakonu@hotmail.com (lan 15/15) - doi mail...
WARNING:MSGraphEmailService:[Graph] Het 15 lan thu nhung khong co OTP MOI cho crawerstrakonu@hotmail.com.
INFO:PlaywrightAdapter:[+] Da dong phien trinh duyet va giai phong tai nguyen.
INFO:PlaywrightAdapter:[*] Dang don dep ho so tam thoi: C:\Users\Admin\AppData\Local\Temp\tiktok_auto_profiles\temp_369e81ee-6b44-4327-8359-d8ce6470935e
INFO:WebSocketManager:[-] M\u1ed9t k\u1ebft n\u1ed1i WebSocket \u0111ã \u0111óng. T\u1ed5ng k\u1ebft n\u1ed1i: 0
INFO:     connection closed
INFO:WebSocketManager:[-] M\u1ed9t k\u1ebft n\u1ed1i WebSocket \u0111ã \u0111óng. T\u1ed5ng k\u1ebft n\u1ed1i: 0
INFO:     connection closed
INFO:     127.0.0.1:52731 - "WebSocket /ws" [accepted]
INFO:WebSocketManager:[+] K\u1ebft n\u1ed1i WebSocket m\u1edbi thi\u1ebft l\u1eadp. T\u1ed5ng k\u1ebft n\u1ed1i: 1
INFO:     connection open
ERROR:asyncio:Task exception was never retrieved
future: <Task finished name='Task-880' coro=<ConcurrentTaskDispatcher._execute_worker_with_semaphore() done, defined at D:\tiktok_auto\backend\app\use_cases\orchestration\task_dispatcher.py:567> exception=PendingRollbackError('This Session\'s transaction has been rolled back due to a previous exception during flush. To begin a new transaction with this Session, first issue Session.rollback(). Original exception was: (sqlite3.IntegrityError) UNIQUE constraint failed: accounts.username\n[SQL: UPDATE accounts SET username=?, refresh_token=?, cookies_json=?, status=?, current_step=? WHERE accounts.email = ?]\n[parameters: (\'lum3bie6_fr0cli\', \'M.C546_BAY.0.U.MsaArtifacts.-Cg9yGltPIhFiiBRjL*8MMK3pdHZgVgmpnasC9TBsTAEFQcvX2IPbLe1Q2cIPVWB8Bj3ntQIHYu40ZNyJE4ojUR*N7vrbslW7BsYJhWcuoJlwxRa9Qh1VWlLu ... (159 characters truncated) ... !ogjj*dfPtzgE16rfDyyWSKTmt2G9X*0YA1VKHQN5DEBcsgXpbdED8*lDY0IAtnNLfkAAZ3jL*BrM0cFdAHEsW9sEVlRGLJ6FA2YoS*TL3VgWtcsMlTUejKTnMNFrDVb5iwTITJNtkYl6NV6ZM!4K\', \'[{"name": "msToken", "value": "PjHmzLim3jaGCQnJPwYlmB6i_SZ87QcjMQmFqOEkwy5ogu_0HcoQr2Ka4X5pXwKCCtG15mgQYLmCD4FcgJ6JD2kqfRLPI-mp81b90cDuAHrsdR9II-fIM5 ... (7005 characters truncated) ... J_JIVmt-xcZzEHpfBY8wKS5ab6", "domain": ".tiktok.com", "path": "/", "expires": 1788621656.485, "httpOnly": false, "secure": true, "sameSite": "None"}]\', \'SUCCESS\', \'\u0110\u0103ng nh\u1eadp thành công\', \'richarddemmin623037@outlook.com\')]\n(Background on this error at: https://sqlalche.me/e/20/gkpj)')>
Traceback (most recent call last):
  File "D:\tiktok_auto\.venv\Lib\site-packages\sqlalchemy\engine\base.py", line 1969, in _exec_single_context
    self.dialect.do_execute(
  File "D:\tiktok_auto\.venv\Lib\site-packages\sqlalchemy\engine\default.py", line 952, in do_execute
    cursor.execute(statement, parameters)
sqlite3.IntegrityError: UNIQUE constraint failed: accounts.username

The above exception was the direct cause of the following exception:

Traceback (most recent call last):
  File "D:\tiktok_auto\backend\app\use_cases\orchestration\task_dispatcher.py", line 731, in _execute_worker_with_semaphore
    success = await use_case.execute(account_id, method)
              ^^^^^^^^^^^^^^^^^^^^^^^^^^^^^^^^^^^^^^^^^^
  File "D:\tiktok_auto\backend\app\use_cases\auth\tiktok_login.py", line 96, in execute
    self.account_repo.save(account)
  File "D:\tiktok_auto\backend\app\infrastructure\database\sqlite_repository.py", line 134, in save
    self.session.commit()
  File "D:\tiktok_auto\.venv\Lib\site-packages\sqlalchemy\orm\session.py", line 2035, in commit
    trans.commit(_to_root=True)
  File "<string>", line 2, in commit
  File "D:\tiktok_auto\.venv\Lib\site-packages\sqlalchemy\orm\state_changes.py", line 137, in _go
    ret_value = fn(self, *arg, **kw)
                ^^^^^^^^^^^^^^^^^^^^
  File "D:\tiktok_auto\.venv\Lib\site-packages\sqlalchemy\orm\session.py", line 1316, in commit
    self._prepare_impl()
  File "<string>", line 2, in _prepare_impl
  File "D:\tiktok_auto\.venv\Lib\site-packages\sqlalchemy\orm\state_changes.py", line 137, in _go
    ret_value = fn(self, *arg, **kw)
                ^^^^^^^^^^^^^^^^^^^^
  File "D:\tiktok_auto\.venv\Lib\site-packages\sqlalchemy\orm\session.py", line 1290, in _prepare_impl
    self.session.flush()
  File "D:\tiktok_auto\.venv\Lib\site-packages\sqlalchemy\orm\session.py", line 4353, in flush
    self._flush(objects)
  File "D:\tiktok_auto\.venv\Lib\site-packages\sqlalchemy\orm\session.py", line 4488, in _flush
    with util.safe_reraise():
  File "D:\tiktok_auto\.venv\Lib\site-packages\sqlalchemy\util\langhelpers.py", line 122, in __exit__
    raise exc_value.with_traceback(exc_tb)
  File "D:\tiktok_auto\.venv\Lib\site-packages\sqlalchemy\orm\session.py", line 4449, in _flush
    flush_context.execute()
  File "D:\tiktok_auto\.venv\Lib\site-packages\sqlalchemy\orm\unitofwork.py", line 465, in execute
    rec.execute(self)
  File "D:\tiktok_auto\.venv\Lib\site-packages\sqlalchemy\orm\unitofwork.py", line 641, in execute
    util.preloaded.orm_persistence.save_obj(
  File "D:\tiktok_auto\.venv\Lib\site-packages\sqlalchemy\orm\persistence.py", line 86, in save_obj
    _emit_update_statements(
  File "D:\tiktok_auto\.venv\Lib\site-packages\sqlalchemy\orm\persistence.py", line 913, in _emit_update_statements
    c = connection.execute(
        ^^^^^^^^^^^^^^^^^^^
  File "D:\tiktok_auto\.venv\Lib\site-packages\sqlalchemy\engine\base.py", line 1421, in execute
    return meth(
           ^^^^^
  File "D:\tiktok_auto\.venv\Lib\site-packages\sqlalchemy\sql\elements.py", line 526, in _execute_on_connection
    return connection._execute_clauseelement(
           ^^^^^^^^^^^^^^^^^^^^^^^^^^^^^^^^^^
  File "D:\tiktok_auto\.venv\Lib\site-packages\sqlalchemy\engine\base.py", line 1643, in _execute_clauseelement
    ret = self._execute_context(
          ^^^^^^^^^^^^^^^^^^^^^^
  File "D:\tiktok_auto\.venv\Lib\site-packages\sqlalchemy\engine\base.py", line 1848, in _execute_context
    return self._exec_single_context(
           ^^^^^^^^^^^^^^^^^^^^^^^^^^
  File "D:\tiktok_auto\.venv\Lib\site-packages\sqlalchemy\engine\base.py", line 1988, in _exec_single_context
    self._handle_dbapi_exception(
  File "D:\tiktok_auto\.venv\Lib\site-packages\sqlalchemy\engine\base.py", line 2365, in _handle_dbapi_exception
    raise sqlalchemy_exception.with_traceback(exc_info[2]) from e
  File "D:\tiktok_auto\.venv\Lib\site-packages\sqlalchemy\engine\base.py", line 1969, in _exec_single_context
    self.dialect.do_execute(
  File "D:\tiktok_auto\.venv\Lib\site-packages\sqlalchemy\engine\default.py", line 952, in do_execute
    cursor.execute(statement, parameters)
sqlalchemy.exc.IntegrityError: (sqlite3.IntegrityError) UNIQUE constraint failed: accounts.username
[SQL: UPDATE accounts SET username=?, refresh_token=?, cookies_json=?, status=?, current_step=? WHERE accounts.email = ?]
[parameters: ('lum3bie6_fr0cli', 'M.C546_BAY.0.U.MsaArtifacts.-Cg9yGltPIhFiiBRjL*8MMK3pdHZgVgmpnasC9TBsTAEFQcvX2IPbLe1Q2cIPVWB8Bj3ntQIHYu40ZNyJE4ojUR*N7vrbslW7BsYJhWcuoJlwxRa9Qh1VWlLu ... (159 characters truncated) ... !ogjj*dfPtzgE16rfDyyWSKTmt2G9X*0YA1VKHQN5DEBcsgXpbdED8*lDY0IAtnNLfkAAZ3jL*BrM0cFdAHEsW9sEVlRGLJ6FA2YoS*TL3VgWtcsMlTUejKTnMNFrDVb5iwTITJNtkYl6NV6ZM!4K', '[{"name": "msToken", "value": "PjHmzLim3jaGCQnJPwYlmB6i_SZ87QcjMQmFqOEkwy5ogu_0HcoQr2Ka4X5pXwKCCtG15mgQYLmCD4FcgJ6JD2kqfRLPI-mp81b90cDuAHrsdR9II-fIM5 ... (7005 characters truncated) ... J_JIVmt-xcZzEHpfBY8wKS5ab6", "domain": ".tiktok.com", "path": "/", "expires": 1788621656.485, "httpOnly": false, "secure": true, "sameSite": "None"}]', 'SUCCESS', '\u0110\u0103ng nh\u1eadp thành công', 'richarddemmin623037@outlook.com')]
(Background on this error at: https://sqlalche.me/e/20/gkpj)

During handling of the above exception, another exception occurred:

Traceback (most recent call last):
  File "D:\tiktok_auto\backend\app\use_cases\orchestration\task_dispatcher.py", line 953, in _execute_worker_with_semaphore
    await self._update_account_status(
  File "D:\tiktok_auto\backend\app\use_cases\orchestration\task_dispatcher.py", line 1019, in _update_account_status
    repo.update_status(account_id, status)
  File "D:\tiktok_auto\backend\app\infrastructure\database\sqlite_repository.py", line 142, in update_status
    db_row = self.session.get(AccountDbTable, account_id)
             ^^^^^^^^^^^^^^^^^^^^^^^^^^^^^^^^^^^^^^^^^^^^
  File "D:\tiktok_auto\.venv\Lib\site-packages\sqlalchemy\orm\session.py", line 3702, in get
    return self._get_impl(
           ^^^^^^^^^^^^^^^
  File "D:\tiktok_auto\.venv\Lib\site-packages\sqlalchemy\orm\session.py", line 3847, in _get_impl
    instance = self._identity_lookup(
               ^^^^^^^^^^^^^^^^^^^^^^
  File "D:\tiktok_auto\.venv\Lib\site-packages\sqlalchemy\orm\session.py", line 3021, in _identity_lookup
    return_value = loading.get_from_identity(self, mapper, key, passive)
                   ^^^^^^^^^^^^^^^^^^^^^^^^^^^^^^^^^^^^^^^^^^^^^^^^^^^^^
  File "D:\tiktok_auto\.venv\Lib\site-packages\sqlalchemy\orm\loading.py", line 479, in get_from_identity
    state._load_expired(state, passive)
  File "D:\tiktok_auto\.venv\Lib\site-packages\sqlalchemy\orm\state.py", line 828, in _load_expired
    self.manager.expired_attribute_loader(self, toload, passive)
  File "D:\tiktok_auto\.venv\Lib\site-packages\sqlalchemy\orm\loading.py", line 1674, in load_scalar_attributes
    result = load_on_ident(
             ^^^^^^^^^^^^^^
  File "D:\tiktok_auto\.venv\Lib\site-packages\sqlalchemy\orm\loading.py", line 510, in load_on_ident
    return load_on_pk_identity(
           ^^^^^^^^^^^^^^^^^^^^
  File "D:\tiktok_auto\.venv\Lib\site-packages\sqlalchemy\orm\loading.py", line 695, in load_on_pk_identity
    session.execute(
  File "D:\tiktok_auto\.venv\Lib\site-packages\sqlmodel\orm\session.py", line 136, in execute
    return super().execute(
           ^^^^^^^^^^^^^^^^
  File "D:\tiktok_auto\.venv\Lib\site-packages\sqlalchemy\orm\session.py", line 2373, in execute
    return self._execute_internal(
           ^^^^^^^^^^^^^^^^^^^^^^^
  File "D:\tiktok_auto\.venv\Lib\site-packages\sqlalchemy\orm\session.py", line 2261, in _execute_internal
    conn = self._connection_for_bind(bind)
           ^^^^^^^^^^^^^^^^^^^^^^^^^^^^^^^
  File "D:\tiktok_auto\.venv\Lib\site-packages\sqlalchemy\orm\session.py", line 2113, in _connection_for_bind
    return trans._connection_for_bind(engine, execution_options)
           ^^^^^^^^^^^^^^^^^^^^^^^^^^^^^^^^^^^^^^^^^^^^^^^^^^^^^
  File "<string>", line 2, in _connection_for_bind
  File "D:\tiktok_auto\.venv\Lib\site-packages\sqlalchemy\orm\state_changes.py", line 101, in _go
    self._raise_for_prerequisite_state(fn.__name__, current_state)
  File "D:\tiktok_auto\.venv\Lib\site-packages\sqlalchemy\orm\session.py", line 975, in _raise_for_prerequisite_state
    raise sa_exc.PendingRollbackError(
sqlalchemy.exc.PendingRollbackError: This Session's transaction has been rolled back due to a previous exception during flush. To begin a new transaction with this Session, first issue Session.rollback(). Original exception was: (sqlite3.IntegrityError) UNIQUE constraint failed: accounts.username
[SQL: UPDATE accounts SET username=?, refresh_token=?, cookies_json=?, status=?, current_step=? WHERE accounts.email = ?]
[parameters: ('lum3bie6_fr0cli', 'M.C546_BAY.0.U.MsaArtifacts.-Cg9yGltPIhFiiBRjL*8MMK3pdHZgVgmpnasC9TBsTAEFQcvX2IPbLe1Q2cIPVWB8Bj3ntQIHYu40ZNyJE4ojUR*N7vrbslW7BsYJhWcuoJlwxRa9Qh1VWlLu ... (159 characters truncated) ... !ogjj*dfPtzgE16rfDyyWSKTmt2G9X*0YA1VKHQN5DEBcsgXpbdED8*lDY0IAtnNLfkAAZ3jL*BrM0cFdAHEsW9sEVlRGLJ6FA2YoS*TL3VgWtcsMlTUejKTnMNFrDVb5iwTITJNtkYl6NV6ZM!4K', '[{"name": "msToken", "value": "PjHmzLim3jaGCQnJPwYlmB6i_SZ87QcjMQmFqOEkwy5ogu_0HcoQr2Ka4X5pXwKCCtG15mgQYLmCD4FcgJ6JD2kqfRLPI-mp81b90cDuAHrsdR9II-fIM5 ... (7005 characters truncated) ... J_JIVmt-xcZzEHpfBY8wKS5ab6", "domain": ".tiktok.com", "path": "/", "expires": 1788621656.485, "httpOnly": false, "secure": true, "sameSite": "None"}]', 'SUCCESS', '\u0110\u0103ng nh\u1eadp thành công', 'richarddemmin623037@outlook.com')]
(Background on this error at: https://sqlalche.me/e/20/gkpj) (Background on this error at: https://sqlalche.me/e/20/7s2a)
INFO:httpx:HTTP Request: GET https://www.tiktok.com/@pl6_bu47?lang=en "HTTP/1.1 200 OK"
WARNING:TikTokFastAnalyticsSync:Public video detail failed for pl6_bu47: video_detail_RuntimeError: item_list_empty_response_signer=object_bogus=True
INFO:WebSocketManager:[-] M\u1ed9t k\u1ebft n\u1ed1i WebSocket \u0111ã \u0111óng. T\u1ed5ng k\u1ebft n\u1ed1i: 0
INFO:     connection closed
INFO:     127.0.0.1:56552 - "WebSocket /ws" [accepted]
INFO:WebSocketManager:[+] K\u1ebft n\u1ed1i WebSocket m\u1edbi thi\u1ebft l\u1eadp. T\u1ed5ng k\u1ebft n\u1ed1i: 1
INFO:     connection open
INFO:     Shutting down
INFO:WebSocketManager:[-] M\u1ed9t k\u1ebft n\u1ed1i WebSocket \u0111ã \u0111óng. T\u1ed5ng k\u1ebft n\u1ed1i: 0
INFO:     connection closed
INFO:     Waiting for application shutdown.
INFO:Application:[-] H\u1ec7 th\u1ed1ng \u0111ang t\u1eaft...
INFO:InteractionScheduler:[-] InteractionScheduler \u0111ã t\u1eaft.
INFO:TaskDispatcher:[-] \u0110ã d\u1eebng Task Dispatcher.
INFO:Application:[-] \u0110ã t\u1eaft ConcurrentTaskDispatcher an toàn.
INFO:apscheduler.scheduler:Scheduler has been shut down
INFO:apscheduler.scheduler:Scheduler has been shut down
INFO:     Application shutdown complete.
INFO:     Finished server process [31536]
INFO:     Started server process [35896]
INFO:     Waiting for application startup.
INFO:Application:[*] H\u1ec7 th\u1ed1ng \u0111ang kh\u1edfi \u0111\u1ed9ng...
INFO:Application:[+] Kh\u1edfi t\u1ea1o C\u01a1 s\u1edf d\u1eef li\u1ec7u thành công.
WARNING:TaskDispatcher:[RECOVERY] \u0110ã gi\u1ea3i phóng 1 account RUNNING/QUEUED m\u1ed3 côi.
INFO:TaskDispatcher:[*] Task Dispatcher ch\u1ea1y ng\u1ea7m \u0111ã kh\u1edfi \u0111\u1ed9ng.
INFO:Application:[+] Kh\u1edfi t\u1ea1o ConcurrentTaskDispatcher thành công.
INFO:apscheduler.scheduler:Scheduler started
INFO:InteractionScheduler:[+] InteractionScheduler \u0111ã kh\u1edfi \u0111\u1ed9ng.
INFO:Application:[+] Kh\u1edfi t\u1ea1o InteractionScheduler thành công.
INFO:apscheduler.scheduler:Scheduler started
INFO:ScheduledUpload:[+] ScheduledUploadService \u0111ã kh\u1edfi \u0111\u1ed9ng.
INFO:Application:[+] Kh\u1edfi t\u1ea1o ScheduledUploadService thành công.
INFO:     Application startup complete.
INFO:     Uvicorn running on http://127.0.0.1:9000 (Press CTRL+C to quit)
INFO:     127.0.0.1:57414 - "WebSocket /ws" [accepted]
INFO:WebSocketManager:[+] K\u1ebft n\u1ed1i WebSocket m\u1edbi thi\u1ebft l\u1eadp. T\u1ed5ng k\u1ebft n\u1ed1i: 1
INFO:     connection open
INFO:     Shutting down
INFO:WebSocketManager:[-] M\u1ed9t k\u1ebft n\u1ed1i WebSocket \u0111ã \u0111óng. T\u1ed5ng k\u1ebft n\u1ed1i: 0
INFO:     connection closed
INFO:     Waiting for application shutdown.
INFO:Application:[-] H\u1ec7 th\u1ed1ng \u0111ang t\u1eaft...
INFO:InteractionScheduler:[-] InteractionScheduler \u0111ã t\u1eaft.
INFO:TaskDispatcher:[-] \u0110ã d\u1eebng Task Dispatcher.
INFO:Application:[-] \u0110ã t\u1eaft ConcurrentTaskDispatcher an toàn.
INFO:apscheduler.scheduler:Scheduler has been shut down
INFO:apscheduler.scheduler:Scheduler has been shut down
INFO:     Application shutdown complete.
INFO:     Finished server process [35896]
INFO:     Started server process [35096]
INFO:     Waiting for application startup.
INFO:Application:[*] H\u1ec7 th\u1ed1ng \u0111ang kh\u1edfi \u0111\u1ed9ng...
INFO:Application:[+] Kh\u1edfi t\u1ea1o C\u01a1 s\u1edf d\u1eef li\u1ec7u thành công.
INFO:TaskDispatcher:[*] Task Dispatcher ch\u1ea1y ng\u1ea7m \u0111ã kh\u1edfi \u0111\u1ed9ng.
INFO:Application:[+] Kh\u1edfi t\u1ea1o ConcurrentTaskDispatcher thành công.
INFO:apscheduler.scheduler:Scheduler started
INFO:InteractionScheduler:[+] InteractionScheduler \u0111ã kh\u1edfi \u0111\u1ed9ng.
INFO:Application:[+] Kh\u1edfi t\u1ea1o InteractionScheduler thành công.
INFO:apscheduler.scheduler:Scheduler started
INFO:ScheduledUpload:[+] ScheduledUploadService \u0111ã kh\u1edfi \u0111\u1ed9ng.
INFO:Application:[+] Kh\u1edfi t\u1ea1o ScheduledUploadService thành công.
INFO:     Application startup complete.
INFO:     Uvicorn running on http://127.0.0.1:9000 (Press CTRL+C to quit)
INFO:     127.0.0.1:57813 - "WebSocket /ws" [accepted]
INFO:WebSocketManager:[+] K\u1ebft n\u1ed1i WebSocket m\u1edbi thi\u1ebft l\u1eadp. T\u1ed5ng k\u1ebft n\u1ed1i: 1
INFO:     connection open
INFO:     127.0.0.1:58822 - "WebSocket /ws/screens" [accepted]
INFO:WebSocketManager:[+] K\u1ebft n\u1ed1i WebSocket m\u1edbi thi\u1ebft l\u1eadp. T\u1ed5ng k\u1ebft n\u1ed1i: 1
INFO:     connection open
INFO:WebSocketManager:[-] M\u1ed9t k\u1ebft n\u1ed1i WebSocket \u0111ã \u0111óng. T\u1ed5ng k\u1ebft n\u1ed1i: 0
INFO:     connection closed
INFO:TaskDispatcher:[+] \u0110ã c\u1eadp nh\u1eadt gi\u1edbi h\u1ea1n lu\u1ed3ng ch\u1ea1y \u0111\u1ed3ng th\u1eddi / 1 proxy thành: 4
INFO:TaskDispatcher:[+] Tài kho\u1ea3n zainesker046118@outlook.com | Tác v\u1ee5 LOGIN_COOKIE \u0111ã \u0111\u01b0\u1ee3c \u0111\u01b0a vào hàng \u0111\u1ee3i.
INFO:TaskDispatcher:[*] Kh\u1edfi ch\u1ea1y trình duy\u1ec7t cho tài kho\u1ea3n: zainesker046118@outlook.com | Tác v\u1ee5: LOGIN_COOKIE
INFO:PlaywrightAdapter:[*] Da tao profile moi va gan 1 extension: omocaptcha@gmail.com@1.7.7
INFO:     127.0.0.1:50953 - "WebSocket /ws/screens" [accepted]
INFO:WebSocketManager:[+] K\u1ebft n\u1ed1i WebSocket m\u1edbi thi\u1ebft l\u1eadp. T\u1ed5ng k\u1ebft n\u1ed1i: 1
INFO:     connection open
INFO:WebSocketManager:[-] M\u1ed9t k\u1ebft n\u1ed1i WebSocket \u0111ã \u0111óng. T\u1ed5ng k\u1ebft n\u1ed1i: 0
INFO:     connection closed
INFO:     127.0.0.1:50954 - "WebSocket /ws/screens" [accepted]
INFO:WebSocketManager:[+] K\u1ebft n\u1ed1i WebSocket m\u1edbi thi\u1ebft l\u1eadp. T\u1ed5ng k\u1ebft n\u1ed1i: 1
INFO:     connection open
INFO:PlaywrightAdapter:[LAUNCH] OK sau 10.7s (lan 1/2).
INFO:PlaywrightAdapter:[HWND] Detected window HWND=329812 for this session.
INFO:PlaywrightAdapter:[WINDOW] HWND=329812 dang CLOAK/OFF-SCREEN.
INFO:PlaywrightAdapter:[*] Khoi tao tab moi sach.
INFO:PlaywrightAdapter:[+] Khoi tao browser session (headed-offscreen). Seed: 223630096 | Proxy: Direct NET
INFO:PlaywrightAdapter:[*] Dieu huong toi https://www.tiktok.com/foryou?lang=en (lan 1, wait=commit)...
INFO:PlaywrightAdapter:[*] Dieu huong toi https://www.tiktok.com/foryou?lang=en (lan 1, wait=commit)...
INFO:PlaywrightAdapter:[*] Dang doi trang chu TikTok on dinh phien dang nhap...
INFO:PlaywrightAdapter:[+] Xac minh THANH CONG sau 4 giay (Phat hien nav-profile/upload/messages).
INFO:PlaywrightAdapter:[Username] web='sta_rew7ma2' | db='vues12ze77_ra4s'
INFO:PlaywrightAdapter:[+] Da nhan Save thanh cong bang dispatch_event.
INFO:TikTokLoginUseCase:[Username Sync] vues12ze77_ra4s -> sta_rew7ma2
ERROR:TaskDispatcher:[-] Th\u1ea5t b\u1ea1i chung cu\u1ed9c cho tài kho\u1ea3n zainesker046118@outlook.com
Traceback (most recent call last):
  File "D:\tiktok_auto\.venv\Lib\site-packages\sqlalchemy\engine\base.py", line 1969, in _exec_single_context
    self.dialect.do_execute(
  File "D:\tiktok_auto\.venv\Lib\site-packages\sqlalchemy\engine\default.py", line 952, in do_execute
    cursor.execute(statement, parameters)
sqlite3.IntegrityError: UNIQUE constraint failed: accounts.username

The above exception was the direct cause of the following exception:

Traceback (most recent call last):
  File "D:\tiktok_auto\backend\app\use_cases\orchestration\task_dispatcher.py", line 732, in _execute_worker_with_semaphore
    success = await use_case.execute(account_id, method)
              ^^^^^^^^^^^^^^^^^^^^^^^^^^^^^^^^^^^^^^^^^^
  File "D:\tiktok_auto\backend\app\use_cases\auth\tiktok_login.py", line 96, in execute
    self.account_repo.save(account)
  File "D:\tiktok_auto\backend\app\infrastructure\database\sqlite_repository.py", line 134, in save
    self.session.commit()
  File "D:\tiktok_auto\.venv\Lib\site-packages\sqlalchemy\orm\session.py", line 2035, in commit
    trans.commit(_to_root=True)
  File "<string>", line 2, in commit
  File "D:\tiktok_auto\.venv\Lib\site-packages\sqlalchemy\orm\state_changes.py", line 137, in _go
    ret_value = fn(self, *arg, **kw)
                ^^^^^^^^^^^^^^^^^^^^
  File "D:\tiktok_auto\.venv\Lib\site-packages\sqlalchemy\orm\session.py", line 1316, in commit
    self._prepare_impl()
  File "<string>", line 2, in _prepare_impl
  File "D:\tiktok_auto\.venv\Lib\site-packages\sqlalchemy\orm\state_changes.py", line 137, in _go
    ret_value = fn(self, *arg, **kw)
                ^^^^^^^^^^^^^^^^^^^^
  File "D:\tiktok_auto\.venv\Lib\site-packages\sqlalchemy\orm\session.py", line 1290, in _prepare_impl
    self.session.flush()
  File "D:\tiktok_auto\.venv\Lib\site-packages\sqlalchemy\orm\session.py", line 4353, in flush
    self._flush(objects)
  File "D:\tiktok_auto\.venv\Lib\site-packages\sqlalchemy\orm\session.py", line 4488, in _flush
    with util.safe_reraise():
  File "D:\tiktok_auto\.venv\Lib\site-packages\sqlalchemy\util\langhelpers.py", line 122, in __exit__
    raise exc_value.with_traceback(exc_tb)
  File "D:\tiktok_auto\.venv\Lib\site-packages\sqlalchemy\orm\session.py", line 4449, in _flush
    flush_context.execute()
  File "D:\tiktok_auto\.venv\Lib\site-packages\sqlalchemy\orm\unitofwork.py", line 465, in execute
    rec.execute(self)
  File "D:\tiktok_auto\.venv\Lib\site-packages\sqlalchemy\orm\unitofwork.py", line 641, in execute
    util.preloaded.orm_persistence.save_obj(
  File "D:\tiktok_auto\.venv\Lib\site-packages\sqlalchemy\orm\persistence.py", line 86, in save_obj
    _emit_update_statements(
  File "D:\tiktok_auto\.venv\Lib\site-packages\sqlalchemy\orm\persistence.py", line 913, in _emit_update_statements
    c = connection.execute(
        ^^^^^^^^^^^^^^^^^^^
  File "D:\tiktok_auto\.venv\Lib\site-packages\sqlalchemy\engine\base.py", line 1421, in execute
    return meth(
           ^^^^^
  File "D:\tiktok_auto\.venv\Lib\site-packages\sqlalchemy\sql\elements.py", line 526, in _execute_on_connection
    return connection._execute_clauseelement(
           ^^^^^^^^^^^^^^^^^^^^^^^^^^^^^^^^^^
  File "D:\tiktok_auto\.venv\Lib\site-packages\sqlalchemy\engine\base.py", line 1643, in _execute_clauseelement
    ret = self._execute_context(
          ^^^^^^^^^^^^^^^^^^^^^^
  File "D:\tiktok_auto\.venv\Lib\site-packages\sqlalchemy\engine\base.py", line 1848, in _execute_context
    return self._exec_single_context(
           ^^^^^^^^^^^^^^^^^^^^^^^^^^
  File "D:\tiktok_auto\.venv\Lib\site-packages\sqlalchemy\engine\base.py", line 1988, in _exec_single_context
    self._handle_dbapi_exception(
  File "D:\tiktok_auto\.venv\Lib\site-packages\sqlalchemy\engine\base.py", line 2365, in _handle_dbapi_exception
    raise sqlalchemy_exception.with_traceback(exc_info[2]) from e
  File "D:\tiktok_auto\.venv\Lib\site-packages\sqlalchemy\engine\base.py", line 1969, in _exec_single_context
    self.dialect.do_execute(
  File "D:\tiktok_auto\.venv\Lib\site-packages\sqlalchemy\engine\default.py", line 952, in do_execute
    cursor.execute(statement, parameters)
sqlalchemy.exc.IntegrityError: (sqlite3.IntegrityError) UNIQUE constraint failed: accounts.username
[SQL: UPDATE accounts SET username=?, cookies_json=?, status=?, current_step=? WHERE accounts.email = ?]
[parameters: ('sta_rew7ma2', '[{"name": "msToken", "value": "cMLlCuxodhrk6Eey3muQC6CAwaa15oviRvezaoGWFAIpJgynX47bJ9vqVLnyoW7cDikoc0mI0jlQsq_IxJJqHaBh_UsoFoX3SGrr4_vbMKkNV8S7NxkiaO ... (7455 characters truncated) ... xpvArXSNWrvxB4MgwldqFjsddT", "domain": ".tiktok.com", "path": "/", "expires": 1788622108.569, "httpOnly": false, "secure": true, "sameSite": "None"}]', 'SUCCESS', '\u0110\u0103ng nh\u1eadp thành công', 'zainesker046118@outlook.com')]
(Background on this error at: https://sqlalche.me/e/20/gkpj)
INFO:PlaywrightAdapter:[+] Da dong phien trinh duyet va giai phong tai nguyen.
INFO:PlaywrightAdapter:[*] Dang don dep ho so tam thoi: C:\Users\Admin\AppData\Local\Temp\tiktok_auto_profiles\temp_21b8d62b-de03-4ef7-aada-54537aa5d45f
INFO:     Shutting down
INFO:WebSocketManager:[-] M\u1ed9t k\u1ebft n\u1ed1i WebSocket \u0111ã \u0111óng. T\u1ed5ng k\u1ebft n\u1ed1i: 0
INFO:WebSocketManager:[-] M\u1ed9t k\u1ebft n\u1ed1i WebSocket \u0111ã \u0111óng. T\u1ed5ng k\u1ebft n\u1ed1i: 0
INFO:     connection closed
INFO:     connection closed
INFO:     Waiting for application shutdown.
INFO:Application:[-] H\u1ec7 th\u1ed1ng \u0111ang t\u1eaft...
INFO:InteractionScheduler:[-] InteractionScheduler \u0111ã t\u1eaft.
INFO:TaskDispatcher:[-] \u0110ã d\u1eebng Task Dispatcher.
INFO:Application:[-] \u0110ã t\u1eaft ConcurrentTaskDispatcher an toàn.
INFO:apscheduler.scheduler:Scheduler has been shut down
INFO:apscheduler.scheduler:Scheduler has been shut down
INFO:     Application shutdown complete.
INFO:     Finished server process [35096]
INFO:     Started server process [37568]
INFO:     Waiting for application startup.
INFO:Application:[*] H\u1ec7 th\u1ed1ng \u0111ang kh\u1edfi \u0111\u1ed9ng...
INFO:Application:[+] Kh\u1edfi t\u1ea1o C\u01a1 s\u1edf d\u1eef li\u1ec7u thành công.
WARNING:TaskDispatcher:[RECOVERY] \u0110ã gi\u1ea3i phóng 1 account RUNNING/QUEUED m\u1ed3 côi.
INFO:TaskDispatcher:[*] Task Dispatcher ch\u1ea1y ng\u1ea7m \u0111ã kh\u1edfi \u0111\u1ed9ng.
INFO:Application:[+] Kh\u1edfi t\u1ea1o ConcurrentTaskDispatcher thành công.
INFO:apscheduler.scheduler:Scheduler started
INFO:InteractionScheduler:[+] InteractionScheduler \u0111ã kh\u1edfi \u0111\u1ed9ng.
INFO:Application:[+] Kh\u1edfi t\u1ea1o InteractionScheduler thành công.
INFO:apscheduler.scheduler:Scheduler started
INFO:ScheduledUpload:[+] ScheduledUploadService \u0111ã kh\u1edfi \u0111\u1ed9ng.
INFO:Application:[+] Kh\u1edfi t\u1ea1o ScheduledUploadService thành công.
INFO:     Application startup complete.
INFO:     Uvicorn running on http://127.0.0.1:9000 (Press CTRL+C to quit)
INFO:     127.0.0.1:59162 - "WebSocket /ws" [accepted]
INFO:WebSocketManager:[+] K\u1ebft n\u1ed1i WebSocket m\u1edbi thi\u1ebft l\u1eadp. T\u1ed5ng k\u1ebft n\u1ed1i: 1
INFO:     connection open
INFO:     127.0.0.1:59166 - "WebSocket /ws/screens" [accepted]
INFO:WebSocketManager:[+] K\u1ebft n\u1ed1i WebSocket m\u1edbi thi\u1ebft l\u1eadp. T\u1ed5ng k\u1ebft n\u1ed1i: 1
INFO:     connection open
INFO:     Shutting down
INFO:WebSocketManager:[-] M\u1ed9t k\u1ebft n\u1ed1i WebSocket \u0111ã \u0111óng. T\u1ed5ng k\u1ebft n\u1ed1i: 0
INFO:WebSocketManager:[-] M\u1ed9t k\u1ebft n\u1ed1i WebSocket \u0111ã \u0111óng. T\u1ed5ng k\u1ebft n\u1ed1i: 0
INFO:     connection closed
INFO:     connection closed
INFO:     Waiting for application shutdown.
INFO:Application:[-] H\u1ec7 th\u1ed1ng \u0111ang t\u1eaft...
INFO:InteractionScheduler:[-] InteractionScheduler \u0111ã t\u1eaft.
INFO:TaskDispatcher:[-] \u0110ã d\u1eebng Task Dispatcher.
INFO:Application:[-] \u0110ã t\u1eaft ConcurrentTaskDispatcher an toàn.
INFO:apscheduler.scheduler:Scheduler has been shut down
INFO:apscheduler.scheduler:Scheduler has been shut down
INFO:     Application shutdown complete.
INFO:     Finished server process [37568]
INFO:     Started server process [28420]
INFO:     Waiting for application startup.
INFO:Application:[*] H\u1ec7 th\u1ed1ng \u0111ang kh\u1edfi \u0111\u1ed9ng...
INFO:Application:[+] Kh\u1edfi t\u1ea1o C\u01a1 s\u1edf d\u1eef li\u1ec7u thành công.
INFO:TaskDispatcher:[*] Task Dispatcher ch\u1ea1y ng\u1ea7m \u0111ã kh\u1edfi \u0111\u1ed9ng.
INFO:Application:[+] Kh\u1edfi t\u1ea1o ConcurrentTaskDispatcher thành công.
INFO:apscheduler.scheduler:Scheduler started
INFO:InteractionScheduler:[+] InteractionScheduler \u0111ã kh\u1edfi \u0111\u1ed9ng.
INFO:Application:[+] Kh\u1edfi t\u1ea1o InteractionScheduler thành công.
INFO:apscheduler.scheduler:Scheduler started
INFO:ScheduledUpload:[+] ScheduledUploadService \u0111ã kh\u1edfi \u0111\u1ed9ng.
INFO:Application:[+] Kh\u1edfi t\u1ea1o ScheduledUploadService thành công.
INFO:     Application startup complete.
INFO:     Uvicorn running on http://127.0.0.1:9000 (Press CTRL+C to quit)
INFO:     127.0.0.1:59540 - "WebSocket /ws" [accepted]
INFO:WebSocketManager:[+] K\u1ebft n\u1ed1i WebSocket m\u1edbi thi\u1ebft l\u1eadp. T\u1ed5ng k\u1ebft n\u1ed1i: 1
INFO:     connection open
INFO:     127.0.0.1:59547 - "WebSocket /ws/screens" [accepted]
INFO:WebSocketManager:[+] K\u1ebft n\u1ed1i WebSocket m\u1edbi thi\u1ebft l\u1eadp. T\u1ed5ng k\u1ebft n\u1ed1i: 1
INFO:     connection open
INFO:     Shutting down
INFO:WebSocketManager:[-] M\u1ed9t k\u1ebft n\u1ed1i WebSocket \u0111ã \u0111óng. T\u1ed5ng k\u1ebft n\u1ed1i: 0
INFO:WebSocketManager:[-] M\u1ed9t k\u1ebft n\u1ed1i WebSocket \u0111ã \u0111óng. T\u1ed5ng k\u1ebft n\u1ed1i: 0
INFO:     connection closed
INFO:     connection closed
INFO:     Waiting for application shutdown.
INFO:Application:[-] H\u1ec7 th\u1ed1ng \u0111ang t\u1eaft...
INFO:InteractionScheduler:[-] InteractionScheduler \u0111ã t\u1eaft.
INFO:TaskDispatcher:[-] \u0110ã d\u1eebng Task Dispatcher.
INFO:Application:[-] \u0110ã t\u1eaft ConcurrentTaskDispatcher an toàn.
INFO:apscheduler.scheduler:Scheduler has been shut down
INFO:apscheduler.scheduler:Scheduler has been shut down
INFO:     Application shutdown complete.
INFO:     Finished server process [28420]
INFO:     Started server process [32560]
INFO:     Waiting for application startup.
INFO:Application:[*] H\u1ec7 th\u1ed1ng \u0111ang kh\u1edfi \u0111\u1ed9ng...
INFO:Application:[+] Kh\u1edfi t\u1ea1o C\u01a1 s\u1edf d\u1eef li\u1ec7u thành công.
INFO:TaskDispatcher:[*] Task Dispatcher ch\u1ea1y ng\u1ea7m \u0111ã kh\u1edfi \u0111\u1ed9ng.
INFO:Application:[+] Kh\u1edfi t\u1ea1o ConcurrentTaskDispatcher thành công.
INFO:apscheduler.scheduler:Scheduler started
INFO:InteractionScheduler:[+] InteractionScheduler \u0111ã kh\u1edfi \u0111\u1ed9ng.
INFO:Application:[+] Kh\u1edfi t\u1ea1o InteractionScheduler thành công.
INFO:apscheduler.scheduler:Scheduler started
INFO:ScheduledUpload:[+] ScheduledUploadService \u0111ã kh\u1edfi \u0111\u1ed9ng.
INFO:Application:[+] Kh\u1edfi t\u1ea1o ScheduledUploadService thành công.
INFO:     Application startup complete.
INFO:     Uvicorn running on http://127.0.0.1:9000 (Press CTRL+C to quit)
INFO:     127.0.0.1:59750 - "WebSocket /ws/screens" [accepted]
INFO:WebSocketManager:[+] K\u1ebft n\u1ed1i WebSocket m\u1edbi thi\u1ebft l\u1eadp. T\u1ed5ng k\u1ebft n\u1ed1i: 1
INFO:     connection open
INFO:     127.0.0.1:59751 - "WebSocket /ws" [accepted]
INFO:WebSocketManager:[+] K\u1ebft n\u1ed1i WebSocket m\u1edbi thi\u1ebft l\u1eadp. T\u1ed5ng k\u1ebft n\u1ed1i: 1
INFO:     connection open
INFO:WebSocketManager:[-] M\u1ed9t k\u1ebft n\u1ed1i WebSocket \u0111ã \u0111óng. T\u1ed5ng k\u1ebft n\u1ed1i: 0
INFO:     connection closed
INFO:     127.0.0.1:56921 - "WebSocket /ws" [accepted]
INFO:WebSocketManager:[+] K\u1ebft n\u1ed1i WebSocket m\u1edbi thi\u1ebft l\u1eadp. T\u1ed5ng k\u1ebft n\u1ed1i: 1
INFO:     connection open
INFO:     Shutting down
WARNING:  Invalid HTTP request received.
ERROR:asyncio:Exception in callback _ProactorReadPipeTransport._loop_reading(<_OverlappedF...ed result=561>)
handle: <Handle _ProactorReadPipeTransport._loop_reading(<_OverlappedF...ed result=561>)>
Traceback (most recent call last):
  File "C:\Users\Admin\AppData\Roaming\uv\python\cpython-3.11-windows-x86_64-none\Lib\asyncio\events.py", line 84, in _run
    self._context.run(self._callback, *self._args)
  File "C:\Users\Admin\AppData\Roaming\uv\python\cpython-3.11-windows-x86_64-none\Lib\asyncio\proactor_events.py", line 324, in _loop_reading
    self._data_received(data, length)
  File "C:\Users\Admin\AppData\Roaming\uv\python\cpython-3.11-windows-x86_64-none\Lib\asyncio\proactor_events.py", line 274, in _data_received
    self._protocol.data_received(data)
  File "D:\tiktok_auto\.venv\Lib\site-packages\uvicorn\protocols\http\h11_impl.py", line 175, in data_received
    self.handle_events()
  File "D:\tiktok_auto\.venv\Lib\site-packages\uvicorn\protocols\http\h11_impl.py", line 184, in handle_events
    self.send_400_response(msg)
  File "D:\tiktok_auto\.venv\Lib\site-packages\uvicorn\protocols\http\h11_impl.py", line 310, in send_400_response
    output = self.conn.send(event)
             ^^^^^^^^^^^^^^^^^^^^^
  File "D:\tiktok_auto\.venv\Lib\site-packages\h11\_connection.py", line 538, in send
    data_list = self.send_with_data_passthrough(event)
                ^^^^^^^^^^^^^^^^^^^^^^^^^^^^^^^^^^^^^^
  File "D:\tiktok_auto\.venv\Lib\site-packages\h11\_connection.py", line 563, in send_with_data_passthrough
    self._process_event(self.our_role, event)
  File "D:\tiktok_auto\.venv\Lib\site-packages\h11\_connection.py", line 284, in _process_event
    self._cstate.process_event(role, type(event), server_switch_event)
  File "D:\tiktok_auto\.venv\Lib\site-packages\h11\_state.py", line 291, in process_event
    self._fire_event_triggered_transitions(role, _event_type)
  File "D:\tiktok_auto\.venv\Lib\site-packages\h11\_state.py", line 309, in _fire_event_triggered_transitions
    raise LocalProtocolError(
h11._util.LocalProtocolError: can't handle event type Response when role=SERVER and state=CLOSED
INFO:     Waiting for connections to close. (CTRL+C to force quit)
INFO:WebSocketManager:[-] M\u1ed9t k\u1ebft n\u1ed1i WebSocket \u0111ã \u0111óng. T\u1ed5ng k\u1ebft n\u1ed1i: 0
INFO:WebSocketManager:[-] M\u1ed9t k\u1ebft n\u1ed1i WebSocket \u0111ã \u0111óng. T\u1ed5ng k\u1ebft n\u1ed1i: 0
INFO:     connection closed
INFO:     connection closed
INFO:     Waiting for application shutdown.
INFO:Application:[-] H\u1ec7 th\u1ed1ng \u0111ang t\u1eaft...
INFO:InteractionScheduler:[-] InteractionScheduler \u0111ã t\u1eaft.
INFO:TaskDispatcher:[-] \u0110ã d\u1eebng Task Dispatcher.
INFO:Application:[-] \u0110ã t\u1eaft ConcurrentTaskDispatcher an toàn.
INFO:apscheduler.scheduler:Scheduler has been shut down
INFO:apscheduler.scheduler:Scheduler has been shut down
INFO:     Application shutdown complete.
INFO:     Finished server process [32560]
INFO:     Started server process [32104]
INFO:     Waiting for application startup.
INFO:Application:[*] H\u1ec7 th\u1ed1ng \u0111ang kh\u1edfi \u0111\u1ed9ng...
INFO:Application:[+] Kh\u1edfi t\u1ea1o C\u01a1 s\u1edf d\u1eef li\u1ec7u thành công.
INFO:TaskDispatcher:[*] Task Dispatcher ch\u1ea1y ng\u1ea7m \u0111ã kh\u1edfi \u0111\u1ed9ng.
INFO:Application:[+] Kh\u1edfi t\u1ea1o ConcurrentTaskDispatcher thành công.
INFO:apscheduler.scheduler:Scheduler started
INFO:InteractionScheduler:[+] InteractionScheduler \u0111ã kh\u1edfi \u0111\u1ed9ng.
INFO:Application:[+] Kh\u1edfi t\u1ea1o InteractionScheduler thành công.
INFO:apscheduler.scheduler:Scheduler started
INFO:ScheduledUpload:[+] ScheduledUploadService \u0111ã kh\u1edfi \u0111\u1ed9ng.
INFO:Application:[+] Kh\u1edfi t\u1ea1o ScheduledUploadService thành công.
INFO:     Application startup complete.
INFO:     Uvicorn running on http://127.0.0.1:9000 (Press CTRL+C to quit)
INFO:     127.0.0.1:56984 - "WebSocket /ws" [accepted]
INFO:WebSocketManager:[+] K\u1ebft n\u1ed1i WebSocket m\u1edbi thi\u1ebft l\u1eadp. T\u1ed5ng k\u1ebft n\u1ed1i: 1
INFO:     connection open
INFO:     127.0.0.1:56987 - "WebSocket /ws/screens" [accepted]
INFO:WebSocketManager:[+] K\u1ebft n\u1ed1i WebSocket m\u1edbi thi\u1ebft l\u1eadp. T\u1ed5ng k\u1ebft n\u1ed1i: 1
INFO:     connection open
INFO:     Shutting down
INFO:WebSocketManager:[-] M\u1ed9t k\u1ebft n\u1ed1i WebSocket \u0111ã \u0111óng. T\u1ed5ng k\u1ebft n\u1ed1i: 0
INFO:WebSocketManager:[-] M\u1ed9t k\u1ebft n\u1ed1i WebSocket \u0111ã \u0111óng. T\u1ed5ng k\u1ebft n\u1ed1i: 0
INFO:     connection closed
INFO:     connection closed
INFO:     Waiting for application shutdown.
INFO:Application:[-] H\u1ec7 th\u1ed1ng \u0111ang t\u1eaft...
INFO:InteractionScheduler:[-] InteractionScheduler \u0111ã t\u1eaft.
INFO:TaskDispatcher:[-] \u0110ã d\u1eebng Task Dispatcher.
INFO:Application:[-] \u0110ã t\u1eaft ConcurrentTaskDispatcher an toàn.
INFO:apscheduler.scheduler:Scheduler has been shut down
INFO:apscheduler.scheduler:Scheduler has been shut down
INFO:     Application shutdown complete.
INFO:     Finished server process [32104]
INFO:     Started server process [35120]
INFO:     Waiting for application startup.
INFO:Application:[*] H\u1ec7 th\u1ed1ng \u0111ang kh\u1edfi \u0111\u1ed9ng...
INFO:Application:[+] Kh\u1edfi t\u1ea1o C\u01a1 s\u1edf d\u1eef li\u1ec7u thành công.
INFO:TaskDispatcher:[*] Task Dispatcher ch\u1ea1y ng\u1ea7m \u0111ã kh\u1edfi \u0111\u1ed9ng.
INFO:Application:[+] Kh\u1edfi t\u1ea1o ConcurrentTaskDispatcher thành công.
INFO:apscheduler.scheduler:Scheduler started
INFO:InteractionScheduler:[+] InteractionScheduler \u0111ã kh\u1edfi \u0111\u1ed9ng.
INFO:Application:[+] Kh\u1edfi t\u1ea1o InteractionScheduler thành công.
INFO:apscheduler.scheduler:Scheduler started
INFO:ScheduledUpload:[+] ScheduledUploadService \u0111ã kh\u1edfi \u0111\u1ed9ng.
INFO:Application:[+] Kh\u1edfi t\u1ea1o ScheduledUploadService thành công.
INFO:     Application startup complete.
INFO:     Uvicorn running on http://127.0.0.1:9000 (Press CTRL+C to quit)
INFO:     127.0.0.1:58351 - "WebSocket /ws" [accepted]
INFO:WebSocketManager:[+] K\u1ebft n\u1ed1i WebSocket m\u1edbi thi\u1ebft l\u1eadp. T\u1ed5ng k\u1ebft n\u1ed1i: 1
INFO:     connection open
INFO:     127.0.0.1:58369 - "WebSocket /ws/screens" [accepted]
INFO:WebSocketManager:[+] K\u1ebft n\u1ed1i WebSocket m\u1edbi thi\u1ebft l\u1eadp. T\u1ed5ng k\u1ebft n\u1ed1i: 1
INFO:     connection open
INFO:WebSocketManager:[-] M\u1ed9t k\u1ebft n\u1ed1i WebSocket \u0111ã \u0111óng. T\u1ed5ng k\u1ebft n\u1ed1i: 0
INFO:WebSocketManager:[-] M\u1ed9t k\u1ebft n\u1ed1i WebSocket \u0111ã \u0111óng. T\u1ed5ng k\u1ebft n\u1ed1i: 0
INFO:     connection closed
INFO:     connection closed
INFO:     127.0.0.1:62204 - "WebSocket /ws" [accepted]
INFO:WebSocketManager:[+] K\u1ebft n\u1ed1i WebSocket m\u1edbi thi\u1ebft l\u1eadp. T\u1ed5ng k\u1ebft n\u1ed1i: 1
INFO:     connection open
INFO:     127.0.0.1:62208 - "WebSocket /ws" [accepted]
INFO:WebSocketManager:[+] K\u1ebft n\u1ed1i WebSocket m\u1edbi thi\u1ebft l\u1eadp. T\u1ed5ng k\u1ebft n\u1ed1i: 2
INFO:     connection open
INFO:WebSocketManager:[-] M\u1ed9t k\u1ebft n\u1ed1i WebSocket \u0111ã \u0111óng. T\u1ed5ng k\u1ebft n\u1ed1i: 1
INFO:     connection closed
INFO:TaskDispatcher:[+] \u0110ã c\u1eadp nh\u1eadt gi\u1edbi h\u1ea1n lu\u1ed3ng ch\u1ea1y \u0111\u1ed3ng th\u1eddi / 1 proxy thành: 8
INFO:TaskDispatcher:[+] Tài kho\u1ea3n misenheimerkartes793@hotmail.com | Tác v\u1ee5 LOGIN_COOKIE \u0111ã \u0111\u01b0\u1ee3c \u0111\u01b0a vào hàng \u0111\u1ee3i.
INFO:TaskDispatcher:[+] Tài kho\u1ea3n caponerastanfa918@hotmail.com | Tác v\u1ee5 LOGIN_COOKIE \u0111ã \u0111\u01b0\u1ee3c \u0111\u01b0a vào hàng \u0111\u1ee3i.
INFO:TaskDispatcher:[+] Tài kho\u1ea3n niewieroskimcartor222@hotmail.com | Tác v\u1ee5 LOGIN_COOKIE \u0111ã \u0111\u01b0\u1ee3c \u0111\u01b0a vào hàng \u0111\u1ee3i.
INFO:TaskDispatcher:[+] Tài kho\u1ea3n melberrain2676@hotmail.com | Tác v\u1ee5 LOGIN_COOKIE \u0111ã \u0111\u01b0\u1ee3c \u0111\u01b0a vào hàng \u0111\u1ee3i.
INFO:TaskDispatcher:[+] Tài kho\u1ea3n mathesdunnegan7956@hotmail.com | Tác v\u1ee5 LOGIN_COOKIE \u0111ã \u0111\u01b0\u1ee3c \u0111\u01b0a vào hàng \u0111\u1ee3i.
INFO:TaskDispatcher:[+] Tài kho\u1ea3n stilphencolton709@hotmail.com | Tác v\u1ee5 LOGIN_COOKIE \u0111ã \u0111\u01b0\u1ee3c \u0111\u01b0a vào hàng \u0111\u1ee3i.
INFO:TaskDispatcher:[+] Tài kho\u1ea3n arcuriarraiol18@hotmail.com | Tác v\u1ee5 LOGIN_COOKIE \u0111ã \u0111\u01b0\u1ee3c \u0111\u01b0a vào hàng \u0111\u1ee3i.
INFO:TaskDispatcher:[+] Tài kho\u1ea3n bautistanowick309@hotmail.com | Tác v\u1ee5 LOGIN_COOKIE \u0111ã \u0111\u01b0\u1ee3c \u0111\u01b0a vào hàng \u0111\u1ee3i.
INFO:TaskDispatcher:[+] Tài kho\u1ea3n hueninkviruet5478@hotmail.com | Tác v\u1ee5 LOGIN_COOKIE \u0111ã \u0111\u01b0\u1ee3c \u0111\u01b0a vào hàng \u0111\u1ee3i.
INFO:TaskDispatcher:[+] Tài kho\u1ea3n mickolickbruch715@hotmail.com | Tác v\u1ee5 LOGIN_COOKIE \u0111ã \u0111\u01b0\u1ee3c \u0111\u01b0a vào hàng \u0111\u1ee3i.
INFO:TaskDispatcher:[+] Tài kho\u1ea3n zelenkahinde18@hotmail.com | Tác v\u1ee5 LOGIN_COOKIE \u0111ã \u0111\u01b0\u1ee3c \u0111\u01b0a vào hàng \u0111\u1ee3i.
INFO:TaskDispatcher:[+] Tài kho\u1ea3n schermanshapard14@hotmail.com | Tác v\u1ee5 LOGIN_COOKIE \u0111ã \u0111\u01b0\u1ee3c \u0111\u01b0a vào hàng \u0111\u1ee3i.
INFO:TaskDispatcher:[+] Tài kho\u1ea3n paolayazzi78@hotmail.com | Tác v\u1ee5 LOGIN_COOKIE \u0111ã \u0111\u01b0\u1ee3c \u0111\u01b0a vào hàng \u0111\u1ee3i.
INFO:TaskDispatcher:[+] Tài kho\u1ea3n priscillaharl1397@hotmail.com | Tác v\u1ee5 LOGIN_COOKIE \u0111ã \u0111\u01b0\u1ee3c \u0111\u01b0a vào hàng \u0111\u1ee3i.
INFO:TaskDispatcher:[+] Tài kho\u1ea3n pozarekwadaleag@hotmail.com | Tác v\u1ee5 LOGIN_COOKIE \u0111ã \u0111\u01b0\u1ee3c \u0111\u01b0a vào hàng \u0111\u1ee3i.
INFO:TaskDispatcher:[+] Tài kho\u1ea3n biessonango76@hotmail.com | Tác v\u1ee5 LOGIN_COOKIE \u0111ã \u0111\u01b0\u1ee3c \u0111\u01b0a vào hàng \u0111\u1ee3i.
INFO:TaskDispatcher:[+] Tài kho\u1ea3n flanleysidis55@hotmail.com | Tác v\u1ee5 LOGIN_COOKIE \u0111ã \u0111\u01b0\u1ee3c \u0111\u01b0a vào hàng \u0111\u1ee3i.
INFO:TaskDispatcher:[+] Tài kho\u1ea3n escalonnanoia117@hotmail.com | Tác v\u1ee5 LOGIN_COOKIE \u0111ã \u0111\u01b0\u1ee3c \u0111\u01b0a vào hàng \u0111\u1ee3i.
INFO:TaskDispatcher:[+] Tài kho\u1ea3n cainnesxhartpencey0237@hotmail.com | Tác v\u1ee5 LOGIN_COOKIE \u0111ã \u0111\u01b0\u1ee3c \u0111\u01b0a vào hàng \u0111\u1ee3i.
INFO:TaskDispatcher:[+] Tài kho\u1ea3n felciamyrthiab@hotmail.com | Tác v\u1ee5 LOGIN_COOKIE \u0111ã \u0111\u01b0\u1ee3c \u0111\u01b0a vào hàng \u0111\u1ee3i.
INFO:TaskDispatcher:[+] Tài kho\u1ea3n sonbienque225@hotmail.com | Tác v\u1ee5 LOGIN_COOKIE \u0111ã \u0111\u01b0\u1ee3c \u0111\u01b0a vào hàng \u0111\u1ee3i.
INFO:TaskDispatcher:[*] Kh\u1edfi ch\u1ea1y trình duy\u1ec7t cho tài kho\u1ea3n: misenheimerkartes793@hotmail.com | Tác v\u1ee5: LOGIN_COOKIE
INFO:TaskDispatcher:[*] Kh\u1edfi ch\u1ea1y trình duy\u1ec7t cho tài kho\u1ea3n: caponerastanfa918@hotmail.com | Tác v\u1ee5: LOGIN_COOKIE
INFO:TaskDispatcher:[*] Kh\u1edfi ch\u1ea1y trình duy\u1ec7t cho tài kho\u1ea3n: niewieroskimcartor222@hotmail.com | Tác v\u1ee5: LOGIN_COOKIE
INFO:TaskDispatcher:[*] Kh\u1edfi ch\u1ea1y trình duy\u1ec7t cho tài kho\u1ea3n: melberrain2676@hotmail.com | Tác v\u1ee5: LOGIN_COOKIE
INFO:TaskDispatcher:[*] Kh\u1edfi ch\u1ea1y trình duy\u1ec7t cho tài kho\u1ea3n: mathesdunnegan7956@hotmail.com | Tác v\u1ee5: LOGIN_COOKIE
INFO:TaskDispatcher:[*] Kh\u1edfi ch\u1ea1y trình duy\u1ec7t cho tài kho\u1ea3n: stilphencolton709@hotmail.com | Tác v\u1ee5: LOGIN_COOKIE
INFO:TaskDispatcher:[*] Kh\u1edfi ch\u1ea1y trình duy\u1ec7t cho tài kho\u1ea3n: arcuriarraiol18@hotmail.com | Tác v\u1ee5: LOGIN_COOKIE
INFO:TaskDispatcher:[*] Kh\u1edfi ch\u1ea1y trình duy\u1ec7t cho tài kho\u1ea3n: bautistanowick309@hotmail.com | Tác v\u1ee5: LOGIN_COOKIE
INFO:TaskDispatcher:[*] Kh\u1edfi ch\u1ea1y trình duy\u1ec7t cho tài kho\u1ea3n: hueninkviruet5478@hotmail.com | Tác v\u1ee5: LOGIN_COOKIE
INFO:TaskDispatcher:[*] Kh\u1edfi ch\u1ea1y trình duy\u1ec7t cho tài kho\u1ea3n: mickolickbruch715@hotmail.com | Tác v\u1ee5: LOGIN_COOKIE
INFO:TaskDispatcher:[*] Kh\u1edfi ch\u1ea1y trình duy\u1ec7t cho tài kho\u1ea3n: zelenkahinde18@hotmail.com | Tác v\u1ee5: LOGIN_COOKIE
INFO:TaskDispatcher:[*] Kh\u1edfi ch\u1ea1y trình duy\u1ec7t cho tài kho\u1ea3n: schermanshapard14@hotmail.com | Tác v\u1ee5: LOGIN_COOKIE
INFO:TaskDispatcher:[*] Kh\u1edfi ch\u1ea1y trình duy\u1ec7t cho tài kho\u1ea3n: paolayazzi78@hotmail.com | Tác v\u1ee5: LOGIN_COOKIE
INFO:TaskDispatcher:[*] Kh\u1edfi ch\u1ea1y trình duy\u1ec7t cho tài kho\u1ea3n: priscillaharl1397@hotmail.com | Tác v\u1ee5: LOGIN_COOKIE
INFO:TaskDispatcher:[*] Kh\u1edfi ch\u1ea1y trình duy\u1ec7t cho tài kho\u1ea3n: pozarekwadaleag@hotmail.com | Tác v\u1ee5: LOGIN_COOKIE
ERROR:TaskDispatcher:[-] Th\u1ea5t b\u1ea1i chung cu\u1ed9c cho tài kho\u1ea3n pozarekwadaleag@hotmail.com
Traceback (most recent call last):
  File "D:\tiktok_auto\backend\app\use_cases\orchestration\task_dispatcher.py", line 613, in _execute_worker_with_semaphore
    account = account_repo.get_by_id(account_id)
              ^^^^^^^^^^^^^^^^^^^^^^^^^^^^^^^^^^
  File "D:\tiktok_auto\backend\app\infrastructure\database\sqlite_repository.py", line 65, in get_by_id
    db_row = self.session.get(AccountDbTable, account_id)
             ^^^^^^^^^^^^^^^^^^^^^^^^^^^^^^^^^^^^^^^^^^^^
  File "D:\tiktok_auto\.venv\Lib\site-packages\sqlalchemy\orm\session.py", line 3702, in get
    return self._get_impl(
           ^^^^^^^^^^^^^^^
  File "D:\tiktok_auto\.venv\Lib\site-packages\sqlalchemy\orm\session.py", line 3881, in _get_impl
    return db_load_fn(
           ^^^^^^^^^^^
  File "D:\tiktok_auto\.venv\Lib\site-packages\sqlalchemy\orm\loading.py", line 695, in load_on_pk_identity
    session.execute(
  File "D:\tiktok_auto\.venv\Lib\site-packages\sqlmodel\orm\session.py", line 136, in execute
    return super().execute(
           ^^^^^^^^^^^^^^^^
  File "D:\tiktok_auto\.venv\Lib\site-packages\sqlalchemy\orm\session.py", line 2373, in execute
    return self._execute_internal(
           ^^^^^^^^^^^^^^^^^^^^^^^
  File "D:\tiktok_auto\.venv\Lib\site-packages\sqlalchemy\orm\session.py", line 2261, in _execute_internal
    conn = self._connection_for_bind(bind)
           ^^^^^^^^^^^^^^^^^^^^^^^^^^^^^^^
  File "D:\tiktok_auto\.venv\Lib\site-packages\sqlalchemy\orm\session.py", line 2113, in _connection_for_bind
    return trans._connection_for_bind(engine, execution_options)
           ^^^^^^^^^^^^^^^^^^^^^^^^^^^^^^^^^^^^^^^^^^^^^^^^^^^^^
  File "<string>", line 2, in _connection_for_bind
  File "D:\tiktok_auto\.venv\Lib\site-packages\sqlalchemy\orm\state_changes.py", line 137, in _go
    ret_value = fn(self, *arg, **kw)
                ^^^^^^^^^^^^^^^^^^^^
  File "D:\tiktok_auto\.venv\Lib\site-packages\sqlalchemy\orm\session.py", line 1191, in _connection_for_bind
    conn = bind.connect()
           ^^^^^^^^^^^^^^
  File "D:\tiktok_auto\.venv\Lib\site-packages\sqlalchemy\engine\base.py", line 3295, in connect
    return self._connection_cls(self)
           ^^^^^^^^^^^^^^^^^^^^^^^^^^
  File "D:\tiktok_auto\.venv\Lib\site-packages\sqlalchemy\engine\base.py", line 144, in __init__
    self._dbapi_connection = engine.raw_connection()
                             ^^^^^^^^^^^^^^^^^^^^^^^
  File "D:\tiktok_auto\.venv\Lib\site-packages\sqlalchemy\engine\base.py", line 3319, in raw_connection
    return self.pool.connect()
           ^^^^^^^^^^^^^^^^^^^
  File "D:\tiktok_auto\.venv\Lib\site-packages\sqlalchemy\pool\base.py", line 448, in connect
    return _ConnectionFairy._checkout(self)
           ^^^^^^^^^^^^^^^^^^^^^^^^^^^^^^^^
  File "D:\tiktok_auto\.venv\Lib\site-packages\sqlalchemy\pool\base.py", line 1272, in _checkout
    fairy = _ConnectionRecord.checkout(pool)
            ^^^^^^^^^^^^^^^^^^^^^^^^^^^^^^^^
  File "D:\tiktok_auto\.venv\Lib\site-packages\sqlalchemy\pool\base.py", line 712, in checkout
    rec = pool._do_get()
          ^^^^^^^^^^^^^^
  File "D:\tiktok_auto\.venv\Lib\site-packages\sqlalchemy\pool\impl.py", line 167, in _do_get
    raise exc.TimeoutError(
sqlalchemy.exc.TimeoutError: QueuePool limit of size 5 overflow 10 reached, connection timed out, timeout 30.00 (Background on this error at: https://sqlalche.me/e/20/3o7r)
ERROR:asyncio:Task exception was never retrieved
future: <Task finished name='Task-154' coro=<ConcurrentTaskDispatcher._execute_worker_with_semaphore() done, defined at D:\tiktok_auto\backend\app\use_cases\orchestration\task_dispatcher.py:569> exception=TimeoutError('QueuePool limit of size 5 overflow 10 reached, connection timed out, timeout 30.00')>
Traceback (most recent call last):
  File "D:\tiktok_auto\backend\app\use_cases\orchestration\task_dispatcher.py", line 613, in _execute_worker_with_semaphore
    account = account_repo.get_by_id(account_id)
              ^^^^^^^^^^^^^^^^^^^^^^^^^^^^^^^^^^
  File "D:\tiktok_auto\backend\app\infrastructure\database\sqlite_repository.py", line 65, in get_by_id
    db_row = self.session.get(AccountDbTable, account_id)
             ^^^^^^^^^^^^^^^^^^^^^^^^^^^^^^^^^^^^^^^^^^^^
  File "D:\tiktok_auto\.venv\Lib\site-packages\sqlalchemy\orm\session.py", line 3702, in get
    return self._get_impl(
           ^^^^^^^^^^^^^^^
  File "D:\tiktok_auto\.venv\Lib\site-packages\sqlalchemy\orm\session.py", line 3881, in _get_impl
    return db_load_fn(
           ^^^^^^^^^^^
  File "D:\tiktok_auto\.venv\Lib\site-packages\sqlalchemy\orm\loading.py", line 695, in load_on_pk_identity
    session.execute(
  File "D:\tiktok_auto\.venv\Lib\site-packages\sqlmodel\orm\session.py", line 136, in execute
    return super().execute(
           ^^^^^^^^^^^^^^^^
  File "D:\tiktok_auto\.venv\Lib\site-packages\sqlalchemy\orm\session.py", line 2373, in execute
    return self._execute_internal(
           ^^^^^^^^^^^^^^^^^^^^^^^
  File "D:\tiktok_auto\.venv\Lib\site-packages\sqlalchemy\orm\session.py", line 2261, in _execute_internal
    conn = self._connection_for_bind(bind)
           ^^^^^^^^^^^^^^^^^^^^^^^^^^^^^^^
  File "D:\tiktok_auto\.venv\Lib\site-packages\sqlalchemy\orm\session.py", line 2113, in _connection_for_bind
    return trans._connection_for_bind(engine, execution_options)
           ^^^^^^^^^^^^^^^^^^^^^^^^^^^^^^^^^^^^^^^^^^^^^^^^^^^^^
  File "<string>", line 2, in _connection_for_bind
  File "D:\tiktok_auto\.venv\Lib\site-packages\sqlalchemy\orm\state_changes.py", line 137, in _go
    ret_value = fn(self, *arg, **kw)
                ^^^^^^^^^^^^^^^^^^^^
  File "D:\tiktok_auto\.venv\Lib\site-packages\sqlalchemy\orm\session.py", line 1191, in _connection_for_bind
    conn = bind.connect()
           ^^^^^^^^^^^^^^
  File "D:\tiktok_auto\.venv\Lib\site-packages\sqlalchemy\engine\base.py", line 3295, in connect
    return self._connection_cls(self)
           ^^^^^^^^^^^^^^^^^^^^^^^^^^
  File "D:\tiktok_auto\.venv\Lib\site-packages\sqlalchemy\engine\base.py", line 144, in __init__
    self._dbapi_connection = engine.raw_connection()
                             ^^^^^^^^^^^^^^^^^^^^^^^
  File "D:\tiktok_auto\.venv\Lib\site-packages\sqlalchemy\engine\base.py", line 3319, in raw_connection
    return self.pool.connect()
           ^^^^^^^^^^^^^^^^^^^
  File "D:\tiktok_auto\.venv\Lib\site-packages\sqlalchemy\pool\base.py", line 448, in connect
    return _ConnectionFairy._checkout(self)
           ^^^^^^^^^^^^^^^^^^^^^^^^^^^^^^^^
  File "D:\tiktok_auto\.venv\Lib\site-packages\sqlalchemy\pool\base.py", line 1272, in _checkout
    fairy = _ConnectionRecord.checkout(pool)
            ^^^^^^^^^^^^^^^^^^^^^^^^^^^^^^^^
  File "D:\tiktok_auto\.venv\Lib\site-packages\sqlalchemy\pool\base.py", line 712, in checkout
    rec = pool._do_get()
          ^^^^^^^^^^^^^^
  File "D:\tiktok_auto\.venv\Lib\site-packages\sqlalchemy\pool\impl.py", line 167, in _do_get
    raise exc.TimeoutError(
sqlalchemy.exc.TimeoutError: QueuePool limit of size 5 overflow 10 reached, connection timed out, timeout 30.00 (Background on this error at: https://sqlalche.me/e/20/3o7r)

During handling of the above exception, another exception occurred:

Traceback (most recent call last):
  File "D:\tiktok_auto\backend\app\use_cases\orchestration\task_dispatcher.py", line 956, in _execute_worker_with_semaphore
    await self._update_account_status(
  File "D:\tiktok_auto\backend\app\use_cases\orchestration\task_dispatcher.py", line 1023, in _update_account_status
    repo.update_status(account_id, status)
  File "D:\tiktok_auto\backend\app\infrastructure\database\sqlite_repository.py", line 192, in update_status
    db_row = self.session.get(AccountDbTable, account_id)
             ^^^^^^^^^^^^^^^^^^^^^^^^^^^^^^^^^^^^^^^^^^^^
  File "D:\tiktok_auto\.venv\Lib\site-packages\sqlalchemy\orm\session.py", line 3702, in get
    return self._get_impl(
           ^^^^^^^^^^^^^^^
  File "D:\tiktok_auto\.venv\Lib\site-packages\sqlalchemy\orm\session.py", line 3881, in _get_impl
    return db_load_fn(
           ^^^^^^^^^^^
  File "D:\tiktok_auto\.venv\Lib\site-packages\sqlalchemy\orm\loading.py", line 695, in load_on_pk_identity
    session.execute(
  File "D:\tiktok_auto\.venv\Lib\site-packages\sqlmodel\orm\session.py", line 136, in execute
    return super().execute(
           ^^^^^^^^^^^^^^^^
  File "D:\tiktok_auto\.venv\Lib\site-packages\sqlalchemy\orm\session.py", line 2373, in execute
    return self._execute_internal(
           ^^^^^^^^^^^^^^^^^^^^^^^
  File "D:\tiktok_auto\.venv\Lib\site-packages\sqlalchemy\orm\session.py", line 2261, in _execute_internal
    conn = self._connection_for_bind(bind)
           ^^^^^^^^^^^^^^^^^^^^^^^^^^^^^^^
  File "D:\tiktok_auto\.venv\Lib\site-packages\sqlalchemy\orm\session.py", line 2113, in _connection_for_bind
    return trans._connection_for_bind(engine, execution_options)
           ^^^^^^^^^^^^^^^^^^^^^^^^^^^^^^^^^^^^^^^^^^^^^^^^^^^^^
  File "<string>", line 2, in _connection_for_bind
  File "D:\tiktok_auto\.venv\Lib\site-packages\sqlalchemy\orm\state_changes.py", line 137, in _go
    ret_value = fn(self, *arg, **kw)
                ^^^^^^^^^^^^^^^^^^^^
  File "D:\tiktok_auto\.venv\Lib\site-packages\sqlalchemy\orm\session.py", line 1191, in _connection_for_bind
    conn = bind.connect()
           ^^^^^^^^^^^^^^
  File "D:\tiktok_auto\.venv\Lib\site-packages\sqlalchemy\engine\base.py", line 3295, in connect
    return self._connection_cls(self)
           ^^^^^^^^^^^^^^^^^^^^^^^^^^
  File "D:\tiktok_auto\.venv\Lib\site-packages\sqlalchemy\engine\base.py", line 144, in __init__
    self._dbapi_connection = engine.raw_connection()
                             ^^^^^^^^^^^^^^^^^^^^^^^
  File "D:\tiktok_auto\.venv\Lib\site-packages\sqlalchemy\engine\base.py", line 3319, in raw_connection
    return self.pool.connect()
           ^^^^^^^^^^^^^^^^^^^
  File "D:\tiktok_auto\.venv\Lib\site-packages\sqlalchemy\pool\base.py", line 448, in connect
    return _ConnectionFairy._checkout(self)
           ^^^^^^^^^^^^^^^^^^^^^^^^^^^^^^^^
  File "D:\tiktok_auto\.venv\Lib\site-packages\sqlalchemy\pool\base.py", line 1272, in _checkout
    fairy = _ConnectionRecord.checkout(pool)
            ^^^^^^^^^^^^^^^^^^^^^^^^^^^^^^^^
  File "D:\tiktok_auto\.venv\Lib\site-packages\sqlalchemy\pool\base.py", line 712, in checkout
    rec = pool._do_get()
          ^^^^^^^^^^^^^^
  File "D:\tiktok_auto\.venv\Lib\site-packages\sqlalchemy\pool\impl.py", line 167, in _do_get
    raise exc.TimeoutError(
sqlalchemy.exc.TimeoutError: QueuePool limit of size 5 overflow 10 reached, connection timed out, timeout 30.00 (Background on this error at: https://sqlalche.me/e/20/3o7r)
INFO:TaskDispatcher:[*] Kh\u1edfi ch\u1ea1y trình duy\u1ec7t cho tài kho\u1ea3n: biessonango76@hotmail.com | Tác v\u1ee5: LOGIN_COOKIE
ERROR:TaskDispatcher:[-] Th\u1ea5t b\u1ea1i chung cu\u1ed9c cho tài kho\u1ea3n biessonango76@hotmail.com
Traceback (most recent call last):
  File "D:\tiktok_auto\backend\app\use_cases\orchestration\task_dispatcher.py", line 613, in _execute_worker_with_semaphore
    account = account_repo.get_by_id(account_id)
              ^^^^^^^^^^^^^^^^^^^^^^^^^^^^^^^^^^
  File "D:\tiktok_auto\backend\app\infrastructure\database\sqlite_repository.py", line 65, in get_by_id
    db_row = self.session.get(AccountDbTable, account_id)
             ^^^^^^^^^^^^^^^^^^^^^^^^^^^^^^^^^^^^^^^^^^^^
  File "D:\tiktok_auto\.venv\Lib\site-packages\sqlalchemy\orm\session.py", line 3702, in get
    return self._get_impl(
           ^^^^^^^^^^^^^^^
  File "D:\tiktok_auto\.venv\Lib\site-packages\sqlalchemy\orm\session.py", line 3881, in _get_impl
    return db_load_fn(
           ^^^^^^^^^^^
  File "D:\tiktok_auto\.venv\Lib\site-packages\sqlalchemy\orm\loading.py", line 695, in load_on_pk_identity
    session.execute(
  File "D:\tiktok_auto\.venv\Lib\site-packages\sqlmodel\orm\session.py", line 136, in execute
    return super().execute(
           ^^^^^^^^^^^^^^^^
  File "D:\tiktok_auto\.venv\Lib\site-packages\sqlalchemy\orm\session.py", line 2373, in execute
    return self._execute_internal(
           ^^^^^^^^^^^^^^^^^^^^^^^
  File "D:\tiktok_auto\.venv\Lib\site-packages\sqlalchemy\orm\session.py", line 2261, in _execute_internal
    conn = self._connection_for_bind(bind)
           ^^^^^^^^^^^^^^^^^^^^^^^^^^^^^^^
  File "D:\tiktok_auto\.venv\Lib\site-packages\sqlalchemy\orm\session.py", line 2113, in _connection_for_bind
    return trans._connection_for_bind(engine, execution_options)
           ^^^^^^^^^^^^^^^^^^^^^^^^^^^^^^^^^^^^^^^^^^^^^^^^^^^^^
  File "<string>", line 2, in _connection_for_bind
  File "D:\tiktok_auto\.venv\Lib\site-packages\sqlalchemy\orm\state_changes.py", line 137, in _go
    ret_value = fn(self, *arg, **kw)
                ^^^^^^^^^^^^^^^^^^^^
  File "D:\tiktok_auto\.venv\Lib\site-packages\sqlalchemy\orm\session.py", line 1191, in _connection_for_bind
    conn = bind.connect()
           ^^^^^^^^^^^^^^
  File "D:\tiktok_auto\.venv\Lib\site-packages\sqlalchemy\engine\base.py", line 3295, in connect
    return self._connection_cls(self)
           ^^^^^^^^^^^^^^^^^^^^^^^^^^
  File "D:\tiktok_auto\.venv\Lib\site-packages\sqlalchemy\engine\base.py", line 144, in __init__
    self._dbapi_connection = engine.raw_connection()
                             ^^^^^^^^^^^^^^^^^^^^^^^
  File "D:\tiktok_auto\.venv\Lib\site-packages\sqlalchemy\engine\base.py", line 3319, in raw_connection
    return self.pool.connect()
           ^^^^^^^^^^^^^^^^^^^
  File "D:\tiktok_auto\.venv\Lib\site-packages\sqlalchemy\pool\base.py", line 448, in connect
    return _ConnectionFairy._checkout(self)
           ^^^^^^^^^^^^^^^^^^^^^^^^^^^^^^^^
  File "D:\tiktok_auto\.venv\Lib\site-packages\sqlalchemy\pool\base.py", line 1272, in _checkout
    fairy = _ConnectionRecord.checkout(pool)
            ^^^^^^^^^^^^^^^^^^^^^^^^^^^^^^^^
  File "D:\tiktok_auto\.venv\Lib\site-packages\sqlalchemy\pool\base.py", line 712, in checkout
    rec = pool._do_get()
          ^^^^^^^^^^^^^^
  File "D:\tiktok_auto\.venv\Lib\site-packages\sqlalchemy\pool\impl.py", line 167, in _do_get
    raise exc.TimeoutError(
sqlalchemy.exc.TimeoutError: QueuePool limit of size 5 overflow 10 reached, connection timed out, timeout 30.00 (Background on this error at: https://sqlalche.me/e/20/3o7r)
ERROR:asyncio:Task exception was never retrieved
future: <Task finished name='Task-155' coro=<ConcurrentTaskDispatcher._execute_worker_with_semaphore() done, defined at D:\tiktok_auto\backend\app\use_cases\orchestration\task_dispatcher.py:569> exception=TimeoutError('QueuePool limit of size 5 overflow 10 reached, connection timed out, timeout 30.00')>
Traceback (most recent call last):
  File "D:\tiktok_auto\backend\app\use_cases\orchestration\task_dispatcher.py", line 613, in _execute_worker_with_semaphore
    account = account_repo.get_by_id(account_id)
              ^^^^^^^^^^^^^^^^^^^^^^^^^^^^^^^^^^
  File "D:\tiktok_auto\backend\app\infrastructure\database\sqlite_repository.py", line 65, in get_by_id
    db_row = self.session.get(AccountDbTable, account_id)
             ^^^^^^^^^^^^^^^^^^^^^^^^^^^^^^^^^^^^^^^^^^^^
  File "D:\tiktok_auto\.venv\Lib\site-packages\sqlalchemy\orm\session.py", line 3702, in get
    return self._get_impl(
           ^^^^^^^^^^^^^^^
  File "D:\tiktok_auto\.venv\Lib\site-packages\sqlalchemy\orm\session.py", line 3881, in _get_impl
    return db_load_fn(
           ^^^^^^^^^^^
  File "D:\tiktok_auto\.venv\Lib\site-packages\sqlalchemy\orm\loading.py", line 695, in load_on_pk_identity
    session.execute(
  File "D:\tiktok_auto\.venv\Lib\site-packages\sqlmodel\orm\session.py", line 136, in execute
    return super().execute(
           ^^^^^^^^^^^^^^^^
  File "D:\tiktok_auto\.venv\Lib\site-packages\sqlalchemy\orm\session.py", line 2373, in execute
    return self._execute_internal(
           ^^^^^^^^^^^^^^^^^^^^^^^
  File "D:\tiktok_auto\.venv\Lib\site-packages\sqlalchemy\orm\session.py", line 2261, in _execute_internal
    conn = self._connection_for_bind(bind)
           ^^^^^^^^^^^^^^^^^^^^^^^^^^^^^^^
  File "D:\tiktok_auto\.venv\Lib\site-packages\sqlalchemy\orm\session.py", line 2113, in _connection_for_bind
    return trans._connection_for_bind(engine, execution_options)
           ^^^^^^^^^^^^^^^^^^^^^^^^^^^^^^^^^^^^^^^^^^^^^^^^^^^^^
  File "<string>", line 2, in _connection_for_bind
  File "D:\tiktok_auto\.venv\Lib\site-packages\sqlalchemy\orm\state_changes.py", line 137, in _go
    ret_value = fn(self, *arg, **kw)
                ^^^^^^^^^^^^^^^^^^^^
  File "D:\tiktok_auto\.venv\Lib\site-packages\sqlalchemy\orm\session.py", line 1191, in _connection_for_bind
    conn = bind.connect()
           ^^^^^^^^^^^^^^
  File "D:\tiktok_auto\.venv\Lib\site-packages\sqlalchemy\engine\base.py", line 3295, in connect
    return self._connection_cls(self)
           ^^^^^^^^^^^^^^^^^^^^^^^^^^
  File "D:\tiktok_auto\.venv\Lib\site-packages\sqlalchemy\engine\base.py", line 144, in __init__
    self._dbapi_connection = engine.raw_connection()
                             ^^^^^^^^^^^^^^^^^^^^^^^
  File "D:\tiktok_auto\.venv\Lib\site-packages\sqlalchemy\engine\base.py", line 3319, in raw_connection
    return self.pool.connect()
           ^^^^^^^^^^^^^^^^^^^
  File "D:\tiktok_auto\.venv\Lib\site-packages\sqlalchemy\pool\base.py", line 448, in connect
    return _ConnectionFairy._checkout(self)
           ^^^^^^^^^^^^^^^^^^^^^^^^^^^^^^^^
  File "D:\tiktok_auto\.venv\Lib\site-packages\sqlalchemy\pool\base.py", line 1272, in _checkout
    fairy = _ConnectionRecord.checkout(pool)
            ^^^^^^^^^^^^^^^^^^^^^^^^^^^^^^^^
  File "D:\tiktok_auto\.venv\Lib\site-packages\sqlalchemy\pool\base.py", line 712, in checkout
    rec = pool._do_get()
          ^^^^^^^^^^^^^^
  File "D:\tiktok_auto\.venv\Lib\site-packages\sqlalchemy\pool\impl.py", line 167, in _do_get
    raise exc.TimeoutError(
sqlalchemy.exc.TimeoutError: QueuePool limit of size 5 overflow 10 reached, connection timed out, timeout 30.00 (Background on this error at: https://sqlalche.me/e/20/3o7r)

During handling of the above exception, another exception occurred:

Traceback (most recent call last):
  File "D:\tiktok_auto\backend\app\use_cases\orchestration\task_dispatcher.py", line 956, in _execute_worker_with_semaphore
    await self._update_account_status(
  File "D:\tiktok_auto\backend\app\use_cases\orchestration\task_dispatcher.py", line 1023, in _update_account_status
    repo.update_status(account_id, status)
  File "D:\tiktok_auto\backend\app\infrastructure\database\sqlite_repository.py", line 192, in update_status
    db_row = self.session.get(AccountDbTable, account_id)
             ^^^^^^^^^^^^^^^^^^^^^^^^^^^^^^^^^^^^^^^^^^^^
  File "D:\tiktok_auto\.venv\Lib\site-packages\sqlalchemy\orm\session.py", line 3702, in get
    return self._get_impl(
           ^^^^^^^^^^^^^^^
  File "D:\tiktok_auto\.venv\Lib\site-packages\sqlalchemy\orm\session.py", line 3881, in _get_impl
    return db_load_fn(
           ^^^^^^^^^^^
  File "D:\tiktok_auto\.venv\Lib\site-packages\sqlalchemy\orm\loading.py", line 695, in load_on_pk_identity
    session.execute(
  File "D:\tiktok_auto\.venv\Lib\site-packages\sqlmodel\orm\session.py", line 136, in execute
    return super().execute(
           ^^^^^^^^^^^^^^^^
  File "D:\tiktok_auto\.venv\Lib\site-packages\sqlalchemy\orm\session.py", line 2373, in execute
    return self._execute_internal(
           ^^^^^^^^^^^^^^^^^^^^^^^
  File "D:\tiktok_auto\.venv\Lib\site-packages\sqlalchemy\orm\session.py", line 2261, in _execute_internal
    conn = self._connection_for_bind(bind)
           ^^^^^^^^^^^^^^^^^^^^^^^^^^^^^^^
  File "D:\tiktok_auto\.venv\Lib\site-packages\sqlalchemy\orm\session.py", line 2113, in _connection_for_bind
    return trans._connection_for_bind(engine, execution_options)
           ^^^^^^^^^^^^^^^^^^^^^^^^^^^^^^^^^^^^^^^^^^^^^^^^^^^^^
  File "<string>", line 2, in _connection_for_bind
  File "D:\tiktok_auto\.venv\Lib\site-packages\sqlalchemy\orm\state_changes.py", line 137, in _go
    ret_value = fn(self, *arg, **kw)
                ^^^^^^^^^^^^^^^^^^^^
  File "D:\tiktok_auto\.venv\Lib\site-packages\sqlalchemy\orm\session.py", line 1191, in _connection_for_bind
    conn = bind.connect()
           ^^^^^^^^^^^^^^
  File "D:\tiktok_auto\.venv\Lib\site-packages\sqlalchemy\engine\base.py", line 3295, in connect
    return self._connection_cls(self)
           ^^^^^^^^^^^^^^^^^^^^^^^^^^
  File "D:\tiktok_auto\.venv\Lib\site-packages\sqlalchemy\engine\base.py", line 144, in __init__
    self._dbapi_connection = engine.raw_connection()
                             ^^^^^^^^^^^^^^^^^^^^^^^
  File "D:\tiktok_auto\.venv\Lib\site-packages\sqlalchemy\engine\base.py", line 3319, in raw_connection
    return self.pool.connect()
           ^^^^^^^^^^^^^^^^^^^
  File "D:\tiktok_auto\.venv\Lib\site-packages\sqlalchemy\pool\base.py", line 448, in connect
    return _ConnectionFairy._checkout(self)
           ^^^^^^^^^^^^^^^^^^^^^^^^^^^^^^^^
  File "D:\tiktok_auto\.venv\Lib\site-packages\sqlalchemy\pool\base.py", line 1272, in _checkout
    fairy = _ConnectionRecord.checkout(pool)
            ^^^^^^^^^^^^^^^^^^^^^^^^^^^^^^^^
  File "D:\tiktok_auto\.venv\Lib\site-packages\sqlalchemy\pool\base.py", line 712, in checkout
    rec = pool._do_get()
          ^^^^^^^^^^^^^^
  File "D:\tiktok_auto\.venv\Lib\site-packages\sqlalchemy\pool\impl.py", line 167, in _do_get
    raise exc.TimeoutError(
sqlalchemy.exc.TimeoutError: QueuePool limit of size 5 overflow 10 reached, connection timed out, timeout 30.00 (Background on this error at: https://sqlalche.me/e/20/3o7r)
INFO:TaskDispatcher:[*] Kh\u1edfi ch\u1ea1y trình duy\u1ec7t cho tài kho\u1ea3n: flanleysidis55@hotmail.com | Tác v\u1ee5: LOGIN_COOKIE
ERROR:TaskDispatcher:[-] Th\u1ea5t b\u1ea1i chung cu\u1ed9c cho tài kho\u1ea3n flanleysidis55@hotmail.com
Traceback (most recent call last):
  File "D:\tiktok_auto\backend\app\use_cases\orchestration\task_dispatcher.py", line 613, in _execute_worker_with_semaphore
    account = account_repo.get_by_id(account_id)
              ^^^^^^^^^^^^^^^^^^^^^^^^^^^^^^^^^^
  File "D:\tiktok_auto\backend\app\infrastructure\database\sqlite_repository.py", line 65, in get_by_id
    db_row = self.session.get(AccountDbTable, account_id)
             ^^^^^^^^^^^^^^^^^^^^^^^^^^^^^^^^^^^^^^^^^^^^
  File "D:\tiktok_auto\.venv\Lib\site-packages\sqlalchemy\orm\session.py", line 3702, in get
    return self._get_impl(
           ^^^^^^^^^^^^^^^
  File "D:\tiktok_auto\.venv\Lib\site-packages\sqlalchemy\orm\session.py", line 3881, in _get_impl
    return db_load_fn(
           ^^^^^^^^^^^
  File "D:\tiktok_auto\.venv\Lib\site-packages\sqlalchemy\orm\loading.py", line 695, in load_on_pk_identity
    session.execute(
  File "D:\tiktok_auto\.venv\Lib\site-packages\sqlmodel\orm\session.py", line 136, in execute
    return super().execute(
           ^^^^^^^^^^^^^^^^
  File "D:\tiktok_auto\.venv\Lib\site-packages\sqlalchemy\orm\session.py", line 2373, in execute
    return self._execute_internal(
           ^^^^^^^^^^^^^^^^^^^^^^^
  File "D:\tiktok_auto\.venv\Lib\site-packages\sqlalchemy\orm\session.py", line 2261, in _execute_internal
    conn = self._connection_for_bind(bind)
           ^^^^^^^^^^^^^^^^^^^^^^^^^^^^^^^
  File "D:\tiktok_auto\.venv\Lib\site-packages\sqlalchemy\orm\session.py", line 2113, in _connection_for_bind
    return trans._connection_for_bind(engine, execution_options)
           ^^^^^^^^^^^^^^^^^^^^^^^^^^^^^^^^^^^^^^^^^^^^^^^^^^^^^
  File "<string>", line 2, in _connection_for_bind
  File "D:\tiktok_auto\.venv\Lib\site-packages\sqlalchemy\orm\state_changes.py", line 137, in _go
    ret_value = fn(self, *arg, **kw)
                ^^^^^^^^^^^^^^^^^^^^
  File "D:\tiktok_auto\.venv\Lib\site-packages\sqlalchemy\orm\session.py", line 1191, in _connection_for_bind
    conn = bind.connect()
           ^^^^^^^^^^^^^^
  File "D:\tiktok_auto\.venv\Lib\site-packages\sqlalchemy\engine\base.py", line 3295, in connect
    return self._connection_cls(self)
           ^^^^^^^^^^^^^^^^^^^^^^^^^^
  File "D:\tiktok_auto\.venv\Lib\site-packages\sqlalchemy\engine\base.py", line 144, in __init__
    self._dbapi_connection = engine.raw_connection()
                             ^^^^^^^^^^^^^^^^^^^^^^^
  File "D:\tiktok_auto\.venv\Lib\site-packages\sqlalchemy\engine\base.py", line 3319, in raw_connection
    return self.pool.connect()
           ^^^^^^^^^^^^^^^^^^^
  File "D:\tiktok_auto\.venv\Lib\site-packages\sqlalchemy\pool\base.py", line 448, in connect
    return _ConnectionFairy._checkout(self)
           ^^^^^^^^^^^^^^^^^^^^^^^^^^^^^^^^
  File "D:\tiktok_auto\.venv\Lib\site-packages\sqlalchemy\pool\base.py", line 1272, in _checkout
    fairy = _ConnectionRecord.checkout(pool)
            ^^^^^^^^^^^^^^^^^^^^^^^^^^^^^^^^
  File "D:\tiktok_auto\.venv\Lib\site-packages\sqlalchemy\pool\base.py", line 712, in checkout
    rec = pool._do_get()
          ^^^^^^^^^^^^^^
  File "D:\tiktok_auto\.venv\Lib\site-packages\sqlalchemy\pool\impl.py", line 167, in _do_get
    raise exc.TimeoutError(
sqlalchemy.exc.TimeoutError: QueuePool limit of size 5 overflow 10 reached, connection timed out, timeout 30.00 (Background on this error at: https://sqlalche.me/e/20/3o7r)
ERROR:asyncio:Task exception was never retrieved
future: <Task finished name='Task-156' coro=<ConcurrentTaskDispatcher._execute_worker_with_semaphore() done, defined at D:\tiktok_auto\backend\app\use_cases\orchestration\task_dispatcher.py:569> exception=TimeoutError('QueuePool limit of size 5 overflow 10 reached, connection timed out, timeout 30.00')>
Traceback (most recent call last):
  File "D:\tiktok_auto\backend\app\use_cases\orchestration\task_dispatcher.py", line 613, in _execute_worker_with_semaphore
    account = account_repo.get_by_id(account_id)
              ^^^^^^^^^^^^^^^^^^^^^^^^^^^^^^^^^^
  File "D:\tiktok_auto\backend\app\infrastructure\database\sqlite_repository.py", line 65, in get_by_id
    db_row = self.session.get(AccountDbTable, account_id)
             ^^^^^^^^^^^^^^^^^^^^^^^^^^^^^^^^^^^^^^^^^^^^
  File "D:\tiktok_auto\.venv\Lib\site-packages\sqlalchemy\orm\session.py", line 3702, in get
    return self._get_impl(
           ^^^^^^^^^^^^^^^
  File "D:\tiktok_auto\.venv\Lib\site-packages\sqlalchemy\orm\session.py", line 3881, in _get_impl
    return db_load_fn(
           ^^^^^^^^^^^
  File "D:\tiktok_auto\.venv\Lib\site-packages\sqlalchemy\orm\loading.py", line 695, in load_on_pk_identity
    session.execute(
  File "D:\tiktok_auto\.venv\Lib\site-packages\sqlmodel\orm\session.py", line 136, in execute
    return super().execute(
           ^^^^^^^^^^^^^^^^
  File "D:\tiktok_auto\.venv\Lib\site-packages\sqlalchemy\orm\session.py", line 2373, in execute
    return self._execute_internal(
           ^^^^^^^^^^^^^^^^^^^^^^^
  File "D:\tiktok_auto\.venv\Lib\site-packages\sqlalchemy\orm\session.py", line 2261, in _execute_internal
    conn = self._connection_for_bind(bind)
           ^^^^^^^^^^^^^^^^^^^^^^^^^^^^^^^
  File "D:\tiktok_auto\.venv\Lib\site-packages\sqlalchemy\orm\session.py", line 2113, in _connection_for_bind
    return trans._connection_for_bind(engine, execution_options)
           ^^^^^^^^^^^^^^^^^^^^^^^^^^^^^^^^^^^^^^^^^^^^^^^^^^^^^
  File "<string>", line 2, in _connection_for_bind
  File "D:\tiktok_auto\.venv\Lib\site-packages\sqlalchemy\orm\state_changes.py", line 137, in _go
    ret_value = fn(self, *arg, **kw)
                ^^^^^^^^^^^^^^^^^^^^
  File "D:\tiktok_auto\.venv\Lib\site-packages\sqlalchemy\orm\session.py", line 1191, in _connection_for_bind
    conn = bind.connect()
           ^^^^^^^^^^^^^^
  File "D:\tiktok_auto\.venv\Lib\site-packages\sqlalchemy\engine\base.py", line 3295, in connect
    return self._connection_cls(self)
           ^^^^^^^^^^^^^^^^^^^^^^^^^^
  File "D:\tiktok_auto\.venv\Lib\site-packages\sqlalchemy\engine\base.py", line 144, in __init__
    self._dbapi_connection = engine.raw_connection()
                             ^^^^^^^^^^^^^^^^^^^^^^^
  File "D:\tiktok_auto\.venv\Lib\site-packages\sqlalchemy\engine\base.py", line 3319, in raw_connection
    return self.pool.connect()
           ^^^^^^^^^^^^^^^^^^^
  File "D:\tiktok_auto\.venv\Lib\site-packages\sqlalchemy\pool\base.py", line 448, in connect
    return _ConnectionFairy._checkout(self)
           ^^^^^^^^^^^^^^^^^^^^^^^^^^^^^^^^
  File "D:\tiktok_auto\.venv\Lib\site-packages\sqlalchemy\pool\base.py", line 1272, in _checkout
    fairy = _ConnectionRecord.checkout(pool)
            ^^^^^^^^^^^^^^^^^^^^^^^^^^^^^^^^
  File "D:\tiktok_auto\.venv\Lib\site-packages\sqlalchemy\pool\base.py", line 712, in checkout
    rec = pool._do_get()
          ^^^^^^^^^^^^^^
  File "D:\tiktok_auto\.venv\Lib\site-packages\sqlalchemy\pool\impl.py", line 167, in _do_get
    raise exc.TimeoutError(
sqlalchemy.exc.TimeoutError: QueuePool limit of size 5 overflow 10 reached, connection timed out, timeout 30.00 (Background on this error at: https://sqlalche.me/e/20/3o7r)

During handling of the above exception, another exception occurred:

Traceback (most recent call last):
  File "D:\tiktok_auto\backend\app\use_cases\orchestration\task_dispatcher.py", line 956, in _execute_worker_with_semaphore
    await self._update_account_status(
  File "D:\tiktok_auto\backend\app\use_cases\orchestration\task_dispatcher.py", line 1023, in _update_account_status
    repo.update_status(account_id, status)
  File "D:\tiktok_auto\backend\app\infrastructure\database\sqlite_repository.py", line 192, in update_status
    db_row = self.session.get(AccountDbTable, account_id)
             ^^^^^^^^^^^^^^^^^^^^^^^^^^^^^^^^^^^^^^^^^^^^
  File "D:\tiktok_auto\.venv\Lib\site-packages\sqlalchemy\orm\session.py", line 3702, in get
    return self._get_impl(
           ^^^^^^^^^^^^^^^
  File "D:\tiktok_auto\.venv\Lib\site-packages\sqlalchemy\orm\session.py", line 3881, in _get_impl
    return db_load_fn(
           ^^^^^^^^^^^
  File "D:\tiktok_auto\.venv\Lib\site-packages\sqlalchemy\orm\loading.py", line 695, in load_on_pk_identity
    session.execute(
  File "D:\tiktok_auto\.venv\Lib\site-packages\sqlmodel\orm\session.py", line 136, in execute
    return super().execute(
           ^^^^^^^^^^^^^^^^
  File "D:\tiktok_auto\.venv\Lib\site-packages\sqlalchemy\orm\session.py", line 2373, in execute
    return self._execute_internal(
           ^^^^^^^^^^^^^^^^^^^^^^^
  File "D:\tiktok_auto\.venv\Lib\site-packages\sqlalchemy\orm\session.py", line 2261, in _execute_internal
    conn = self._connection_for_bind(bind)
           ^^^^^^^^^^^^^^^^^^^^^^^^^^^^^^^
  File "D:\tiktok_auto\.venv\Lib\site-packages\sqlalchemy\orm\session.py", line 2113, in _connection_for_bind
    return trans._connection_for_bind(engine, execution_options)
           ^^^^^^^^^^^^^^^^^^^^^^^^^^^^^^^^^^^^^^^^^^^^^^^^^^^^^
  File "<string>", line 2, in _connection_for_bind
  File "D:\tiktok_auto\.venv\Lib\site-packages\sqlalchemy\orm\state_changes.py", line 137, in _go
    ret_value = fn(self, *arg, **kw)
                ^^^^^^^^^^^^^^^^^^^^
  File "D:\tiktok_auto\.venv\Lib\site-packages\sqlalchemy\orm\session.py", line 1191, in _connection_for_bind
    conn = bind.connect()
           ^^^^^^^^^^^^^^
  File "D:\tiktok_auto\.venv\Lib\site-packages\sqlalchemy\engine\base.py", line 3295, in connect
    return self._connection_cls(self)
           ^^^^^^^^^^^^^^^^^^^^^^^^^^
  File "D:\tiktok_auto\.venv\Lib\site-packages\sqlalchemy\engine\base.py", line 144, in __init__
    self._dbapi_connection = engine.raw_connection()
                             ^^^^^^^^^^^^^^^^^^^^^^^
  File "D:\tiktok_auto\.venv\Lib\site-packages\sqlalchemy\engine\base.py", line 3319, in raw_connection
    return self.pool.connect()
           ^^^^^^^^^^^^^^^^^^^
  File "D:\tiktok_auto\.venv\Lib\site-packages\sqlalchemy\pool\base.py", line 448, in connect
    return _ConnectionFairy._checkout(self)
           ^^^^^^^^^^^^^^^^^^^^^^^^^^^^^^^^
  File "D:\tiktok_auto\.venv\Lib\site-packages\sqlalchemy\pool\base.py", line 1272, in _checkout
    fairy = _ConnectionRecord.checkout(pool)
            ^^^^^^^^^^^^^^^^^^^^^^^^^^^^^^^^
  File "D:\tiktok_auto\.venv\Lib\site-packages\sqlalchemy\pool\base.py", line 712, in checkout
    rec = pool._do_get()
          ^^^^^^^^^^^^^^
  File "D:\tiktok_auto\.venv\Lib\site-packages\sqlalchemy\pool\impl.py", line 167, in _do_get
    raise exc.TimeoutError(
sqlalchemy.exc.TimeoutError: QueuePool limit of size 5 overflow 10 reached, connection timed out, timeout 30.00 (Background on this error at: https://sqlalche.me/e/20/3o7r)
INFO:TaskDispatcher:[*] Kh\u1edfi ch\u1ea1y trình duy\u1ec7t cho tài kho\u1ea3n: escalonnanoia117@hotmail.com | Tác v\u1ee5: LOGIN_COOKIE
INFO:     Started server process [26356]
INFO:     Waiting for application startup.
INFO:Application:[*] H\u1ec7 th\u1ed1ng \u0111ang kh\u1edfi \u0111\u1ed9ng...
INFO:Application:[+] Kh\u1edfi t\u1ea1o C\u01a1 s\u1edf d\u1eef li\u1ec7u thành công.
WARNING:TaskDispatcher:[RECOVERY] \u0110ã gi\u1ea3i phóng 21 account RUNNING/QUEUED m\u1ed3 côi.
INFO:TaskDispatcher:[*] Task Dispatcher ch\u1ea1y ng\u1ea7m \u0111ã kh\u1edfi \u0111\u1ed9ng.
INFO:Application:[+] Kh\u1edfi t\u1ea1o ConcurrentTaskDispatcher thành công.
INFO:apscheduler.scheduler:Scheduler started
INFO:InteractionScheduler:[+] InteractionScheduler \u0111ã kh\u1edfi \u0111\u1ed9ng.
INFO:Application:[+] Kh\u1edfi t\u1ea1o InteractionScheduler thành công.
INFO:apscheduler.scheduler:Scheduler started
INFO:ScheduledUpload:[+] ScheduledUploadService \u0111ã kh\u1edfi \u0111\u1ed9ng.
INFO:Application:[+] Kh\u1edfi t\u1ea1o ScheduledUploadService thành công.
INFO:     Application startup complete.
INFO:     Uvicorn running on http://127.0.0.1:9000 (Press CTRL+C to quit)
INFO:     127.0.0.1:55332 - "WebSocket /ws" [accepted]
INFO:WebSocketManager:[+] K\u1ebft n\u1ed1i WebSocket m\u1edbi thi\u1ebft l\u1eadp. T\u1ed5ng k\u1ebft n\u1ed1i: 1
INFO:     connection open
INFO:TaskDispatcher:[+] \u0110ã c\u1eadp nh\u1eadt gi\u1edbi h\u1ea1n lu\u1ed3ng ch\u1ea1y \u0111\u1ed3ng th\u1eddi / 1 proxy thành: 8
INFO:TaskDispatcher:[+] Tài kho\u1ea3n misenheimerkartes793@hotmail.com | Tác v\u1ee5 LOGIN_COOKIE \u0111ã \u0111\u01b0\u1ee3c \u0111\u01b0a vào hàng \u0111\u1ee3i.
INFO:TaskDispatcher:[+] Tài kho\u1ea3n caponerastanfa918@hotmail.com | Tác v\u1ee5 LOGIN_COOKIE \u0111ã \u0111\u01b0\u1ee3c \u0111\u01b0a vào hàng \u0111\u1ee3i.
INFO:TaskDispatcher:[+] Tài kho\u1ea3n niewieroskimcartor222@hotmail.com | Tác v\u1ee5 LOGIN_COOKIE \u0111ã \u0111\u01b0\u1ee3c \u0111\u01b0a vào hàng \u0111\u1ee3i.
INFO:TaskDispatcher:[+] Tài kho\u1ea3n melberrain2676@hotmail.com | Tác v\u1ee5 LOGIN_COOKIE \u0111ã \u0111\u01b0\u1ee3c \u0111\u01b0a vào hàng \u0111\u1ee3i.
INFO:TaskDispatcher:[+] Tài kho\u1ea3n mathesdunnegan7956@hotmail.com | Tác v\u1ee5 LOGIN_COOKIE \u0111ã \u0111\u01b0\u1ee3c \u0111\u01b0a vào hàng \u0111\u1ee3i.
INFO:TaskDispatcher:[+] Tài kho\u1ea3n stilphencolton709@hotmail.com | Tác v\u1ee5 LOGIN_COOKIE \u0111ã \u0111\u01b0\u1ee3c \u0111\u01b0a vào hàng \u0111\u1ee3i.
INFO:TaskDispatcher:[+] Tài kho\u1ea3n arcuriarraiol18@hotmail.com | Tác v\u1ee5 LOGIN_COOKIE \u0111ã \u0111\u01b0\u1ee3c \u0111\u01b0a vào hàng \u0111\u1ee3i.
INFO:TaskDispatcher:[+] Tài kho\u1ea3n bautistanowick309@hotmail.com | Tác v\u1ee5 LOGIN_COOKIE \u0111ã \u0111\u01b0\u1ee3c \u0111\u01b0a vào hàng \u0111\u1ee3i.
INFO:TaskDispatcher:[+] Tài kho\u1ea3n hueninkviruet5478@hotmail.com | Tác v\u1ee5 LOGIN_COOKIE \u0111ã \u0111\u01b0\u1ee3c \u0111\u01b0a vào hàng \u0111\u1ee3i.
INFO:TaskDispatcher:[+] Tài kho\u1ea3n mickolickbruch715@hotmail.com | Tác v\u1ee5 LOGIN_COOKIE \u0111ã \u0111\u01b0\u1ee3c \u0111\u01b0a vào hàng \u0111\u1ee3i.
INFO:TaskDispatcher:[+] Tài kho\u1ea3n zelenkahinde18@hotmail.com | Tác v\u1ee5 LOGIN_COOKIE \u0111ã \u0111\u01b0\u1ee3c \u0111\u01b0a vào hàng \u0111\u1ee3i.
INFO:TaskDispatcher:[+] Tài kho\u1ea3n schermanshapard14@hotmail.com | Tác v\u1ee5 LOGIN_COOKIE \u0111ã \u0111\u01b0\u1ee3c \u0111\u01b0a vào hàng \u0111\u1ee3i.
INFO:TaskDispatcher:[+] Tài kho\u1ea3n paolayazzi78@hotmail.com | Tác v\u1ee5 LOGIN_COOKIE \u0111ã \u0111\u01b0\u1ee3c \u0111\u01b0a vào hàng \u0111\u1ee3i.
INFO:TaskDispatcher:[+] Tài kho\u1ea3n priscillaharl1397@hotmail.com | Tác v\u1ee5 LOGIN_COOKIE \u0111ã \u0111\u01b0\u1ee3c \u0111\u01b0a vào hàng \u0111\u1ee3i.
INFO:TaskDispatcher:[+] Tài kho\u1ea3n pozarekwadaleag@hotmail.com | Tác v\u1ee5 LOGIN_COOKIE \u0111ã \u0111\u01b0\u1ee3c \u0111\u01b0a vào hàng \u0111\u1ee3i.
INFO:TaskDispatcher:[+] Tài kho\u1ea3n biessonango76@hotmail.com | Tác v\u1ee5 LOGIN_COOKIE \u0111ã \u0111\u01b0\u1ee3c \u0111\u01b0a vào hàng \u0111\u1ee3i.
INFO:TaskDispatcher:[+] Tài kho\u1ea3n flanleysidis55@hotmail.com | Tác v\u1ee5 LOGIN_COOKIE \u0111ã \u0111\u01b0\u1ee3c \u0111\u01b0a vào hàng \u0111\u1ee3i.
INFO:TaskDispatcher:[+] Tài kho\u1ea3n escalonnanoia117@hotmail.com | Tác v\u1ee5 LOGIN_COOKIE \u0111ã \u0111\u01b0\u1ee3c \u0111\u01b0a vào hàng \u0111\u1ee3i.
INFO:TaskDispatcher:[+] Tài kho\u1ea3n cainnesxhartpencey0237@hotmail.com | Tác v\u1ee5 LOGIN_COOKIE \u0111ã \u0111\u01b0\u1ee3c \u0111\u01b0a vào hàng \u0111\u1ee3i.
INFO:TaskDispatcher:[+] Tài kho\u1ea3n felciamyrthiab@hotmail.com | Tác v\u1ee5 LOGIN_COOKIE \u0111ã \u0111\u01b0\u1ee3c \u0111\u01b0a vào hàng \u0111\u1ee3i.
INFO:TaskDispatcher:[+] Tài kho\u1ea3n sonbienque225@hotmail.com | Tác v\u1ee5 LOGIN_COOKIE \u0111ã \u0111\u01b0\u1ee3c \u0111\u01b0a vào hàng \u0111\u1ee3i.
INFO:TaskDispatcher:[*] Kh\u1edfi ch\u1ea1y trình duy\u1ec7t cho tài kho\u1ea3n: misenheimerkartes793@hotmail.com | Tác v\u1ee5: LOGIN_COOKIE
INFO:TaskDispatcher:[*] Kh\u1edfi ch\u1ea1y trình duy\u1ec7t cho tài kho\u1ea3n: caponerastanfa918@hotmail.com | Tác v\u1ee5: LOGIN_COOKIE
INFO:TaskDispatcher:[*] Kh\u1edfi ch\u1ea1y trình duy\u1ec7t cho tài kho\u1ea3n: niewieroskimcartor222@hotmail.com | Tác v\u1ee5: LOGIN_COOKIE
INFO:TaskDispatcher:[*] Kh\u1edfi ch\u1ea1y trình duy\u1ec7t cho tài kho\u1ea3n: melberrain2676@hotmail.com | Tác v\u1ee5: LOGIN_COOKIE
INFO:TaskDispatcher:[*] Kh\u1edfi ch\u1ea1y trình duy\u1ec7t cho tài kho\u1ea3n: mathesdunnegan7956@hotmail.com | Tác v\u1ee5: LOGIN_COOKIE
INFO:TaskDispatcher:[*] Kh\u1edfi ch\u1ea1y trình duy\u1ec7t cho tài kho\u1ea3n: stilphencolton709@hotmail.com | Tác v\u1ee5: LOGIN_COOKIE
INFO:TaskDispatcher:[*] Kh\u1edfi ch\u1ea1y trình duy\u1ec7t cho tài kho\u1ea3n: arcuriarraiol18@hotmail.com | Tác v\u1ee5: LOGIN_COOKIE
INFO:TaskDispatcher:[*] Kh\u1edfi ch\u1ea1y trình duy\u1ec7t cho tài kho\u1ea3n: bautistanowick309@hotmail.com | Tác v\u1ee5: LOGIN_COOKIE
INFO:TaskDispatcher:[*] Kh\u1edfi ch\u1ea1y trình duy\u1ec7t cho tài kho\u1ea3n: hueninkviruet5478@hotmail.com | Tác v\u1ee5: LOGIN_COOKIE
INFO:TaskDispatcher:[*] Kh\u1edfi ch\u1ea1y trình duy\u1ec7t cho tài kho\u1ea3n: mickolickbruch715@hotmail.com | Tác v\u1ee5: LOGIN_COOKIE
INFO:TaskDispatcher:[*] Kh\u1edfi ch\u1ea1y trình duy\u1ec7t cho tài kho\u1ea3n: zelenkahinde18@hotmail.com | Tác v\u1ee5: LOGIN_COOKIE
INFO:TaskDispatcher:[*] Kh\u1edfi ch\u1ea1y trình duy\u1ec7t cho tài kho\u1ea3n: schermanshapard14@hotmail.com | Tác v\u1ee5: LOGIN_COOKIE
INFO:TaskDispatcher:[*] Kh\u1edfi ch\u1ea1y trình duy\u1ec7t cho tài kho\u1ea3n: paolayazzi78@hotmail.com | Tác v\u1ee5: LOGIN_COOKIE
INFO:TaskDispatcher:[*] Kh\u1edfi ch\u1ea1y trình duy\u1ec7t cho tài kho\u1ea3n: priscillaharl1397@hotmail.com | Tác v\u1ee5: LOGIN_COOKIE
INFO:TaskDispatcher:[*] Kh\u1edfi ch\u1ea1y trình duy\u1ec7t cho tài kho\u1ea3n: pozarekwadaleag@hotmail.com | Tác v\u1ee5: LOGIN_COOKIE
ERROR:TaskDispatcher:[-] Th\u1ea5t b\u1ea1i chung cu\u1ed9c cho tài kho\u1ea3n pozarekwadaleag@hotmail.com
Traceback (most recent call last):
  File "D:\tiktok_auto\backend\app\use_cases\orchestration\task_dispatcher.py", line 613, in _execute_worker_with_semaphore
    account = account_repo.get_by_id(account_id)
              ^^^^^^^^^^^^^^^^^^^^^^^^^^^^^^^^^^
  File "D:\tiktok_auto\backend\app\infrastructure\database\sqlite_repository.py", line 65, in get_by_id
    db_row = self.session.get(AccountDbTable, account_id)
             ^^^^^^^^^^^^^^^^^^^^^^^^^^^^^^^^^^^^^^^^^^^^
  File "D:\tiktok_auto\.venv\Lib\site-packages\sqlalchemy\orm\session.py", line 3702, in get
    return self._get_impl(
           ^^^^^^^^^^^^^^^
  File "D:\tiktok_auto\.venv\Lib\site-packages\sqlalchemy\orm\session.py", line 3881, in _get_impl
    return db_load_fn(
           ^^^^^^^^^^^
  File "D:\tiktok_auto\.venv\Lib\site-packages\sqlalchemy\orm\loading.py", line 695, in load_on_pk_identity
    session.execute(
  File "D:\tiktok_auto\.venv\Lib\site-packages\sqlmodel\orm\session.py", line 136, in execute
    return super().execute(
           ^^^^^^^^^^^^^^^^
  File "D:\tiktok_auto\.venv\Lib\site-packages\sqlalchemy\orm\session.py", line 2373, in execute
    return self._execute_internal(
           ^^^^^^^^^^^^^^^^^^^^^^^
  File "D:\tiktok_auto\.venv\Lib\site-packages\sqlalchemy\orm\session.py", line 2261, in _execute_internal
    conn = self._connection_for_bind(bind)
           ^^^^^^^^^^^^^^^^^^^^^^^^^^^^^^^
  File "D:\tiktok_auto\.venv\Lib\site-packages\sqlalchemy\orm\session.py", line 2113, in _connection_for_bind
    return trans._connection_for_bind(engine, execution_options)
           ^^^^^^^^^^^^^^^^^^^^^^^^^^^^^^^^^^^^^^^^^^^^^^^^^^^^^
  File "<string>", line 2, in _connection_for_bind
  File "D:\tiktok_auto\.venv\Lib\site-packages\sqlalchemy\orm\state_changes.py", line 137, in _go
    ret_value = fn(self, *arg, **kw)
                ^^^^^^^^^^^^^^^^^^^^
  File "D:\tiktok_auto\.venv\Lib\site-packages\sqlalchemy\orm\session.py", line 1191, in _connection_for_bind
    conn = bind.connect()
           ^^^^^^^^^^^^^^
  File "D:\tiktok_auto\.venv\Lib\site-packages\sqlalchemy\engine\base.py", line 3295, in connect
    return self._connection_cls(self)
           ^^^^^^^^^^^^^^^^^^^^^^^^^^
  File "D:\tiktok_auto\.venv\Lib\site-packages\sqlalchemy\engine\base.py", line 144, in __init__
    self._dbapi_connection = engine.raw_connection()
                             ^^^^^^^^^^^^^^^^^^^^^^^
  File "D:\tiktok_auto\.venv\Lib\site-packages\sqlalchemy\engine\base.py", line 3319, in raw_connection
    return self.pool.connect()
           ^^^^^^^^^^^^^^^^^^^
  File "D:\tiktok_auto\.venv\Lib\site-packages\sqlalchemy\pool\base.py", line 448, in connect
    return _ConnectionFairy._checkout(self)
           ^^^^^^^^^^^^^^^^^^^^^^^^^^^^^^^^
  File "D:\tiktok_auto\.venv\Lib\site-packages\sqlalchemy\pool\base.py", line 1272, in _checkout
    fairy = _ConnectionRecord.checkout(pool)
            ^^^^^^^^^^^^^^^^^^^^^^^^^^^^^^^^
  File "D:\tiktok_auto\.venv\Lib\site-packages\sqlalchemy\pool\base.py", line 712, in checkout
    rec = pool._do_get()
          ^^^^^^^^^^^^^^
  File "D:\tiktok_auto\.venv\Lib\site-packages\sqlalchemy\pool\impl.py", line 167, in _do_get
    raise exc.TimeoutError(
sqlalchemy.exc.TimeoutError: QueuePool limit of size 5 overflow 10 reached, connection timed out, timeout 30.00 (Background on this error at: https://sqlalche.me/e/20/3o7r)
ERROR:asyncio:Task exception was never retrieved
future: <Task finished name='Task-117' coro=<ConcurrentTaskDispatcher._execute_worker_with_semaphore() done, defined at D:\tiktok_auto\backend\app\use_cases\orchestration\task_dispatcher.py:569> exception=TimeoutError('QueuePool limit of size 5 overflow 10 reached, connection timed out, timeout 30.00')>
Traceback (most recent call last):
  File "D:\tiktok_auto\backend\app\use_cases\orchestration\task_dispatcher.py", line 613, in _execute_worker_with_semaphore
    account = account_repo.get_by_id(account_id)
              ^^^^^^^^^^^^^^^^^^^^^^^^^^^^^^^^^^
  File "D:\tiktok_auto\backend\app\infrastructure\database\sqlite_repository.py", line 65, in get_by_id
    db_row = self.session.get(AccountDbTable, account_id)
             ^^^^^^^^^^^^^^^^^^^^^^^^^^^^^^^^^^^^^^^^^^^^
  File "D:\tiktok_auto\.venv\Lib\site-packages\sqlalchemy\orm\session.py", line 3702, in get
    return self._get_impl(
           ^^^^^^^^^^^^^^^
  File "D:\tiktok_auto\.venv\Lib\site-packages\sqlalchemy\orm\session.py", line 3881, in _get_impl
    return db_load_fn(
           ^^^^^^^^^^^
  File "D:\tiktok_auto\.venv\Lib\site-packages\sqlalchemy\orm\loading.py", line 695, in load_on_pk_identity
    session.execute(
  File "D:\tiktok_auto\.venv\Lib\site-packages\sqlmodel\orm\session.py", line 136, in execute
    return super().execute(
           ^^^^^^^^^^^^^^^^
  File "D:\tiktok_auto\.venv\Lib\site-packages\sqlalchemy\orm\session.py", line 2373, in execute
    return self._execute_internal(
           ^^^^^^^^^^^^^^^^^^^^^^^
  File "D:\tiktok_auto\.venv\Lib\site-packages\sqlalchemy\orm\session.py", line 2261, in _execute_internal
    conn = self._connection_for_bind(bind)
           ^^^^^^^^^^^^^^^^^^^^^^^^^^^^^^^
  File "D:\tiktok_auto\.venv\Lib\site-packages\sqlalchemy\orm\session.py", line 2113, in _connection_for_bind
    return trans._connection_for_bind(engine, execution_options)
           ^^^^^^^^^^^^^^^^^^^^^^^^^^^^^^^^^^^^^^^^^^^^^^^^^^^^^
  File "<string>", line 2, in _connection_for_bind
  File "D:\tiktok_auto\.venv\Lib\site-packages\sqlalchemy\orm\state_changes.py", line 137, in _go
    ret_value = fn(self, *arg, **kw)
                ^^^^^^^^^^^^^^^^^^^^
  File "D:\tiktok_auto\.venv\Lib\site-packages\sqlalchemy\orm\session.py", line 1191, in _connection_for_bind
    conn = bind.connect()
           ^^^^^^^^^^^^^^
  File "D:\tiktok_auto\.venv\Lib\site-packages\sqlalchemy\engine\base.py", line 3295, in connect
    return self._connection_cls(self)
           ^^^^^^^^^^^^^^^^^^^^^^^^^^
  File "D:\tiktok_auto\.venv\Lib\site-packages\sqlalchemy\engine\base.py", line 144, in __init__
    self._dbapi_connection = engine.raw_connection()
                             ^^^^^^^^^^^^^^^^^^^^^^^
  File "D:\tiktok_auto\.venv\Lib\site-packages\sqlalchemy\engine\base.py", line 3319, in raw_connection
    return self.pool.connect()
           ^^^^^^^^^^^^^^^^^^^
  File "D:\tiktok_auto\.venv\Lib\site-packages\sqlalchemy\pool\base.py", line 448, in connect
    return _ConnectionFairy._checkout(self)
           ^^^^^^^^^^^^^^^^^^^^^^^^^^^^^^^^
  File "D:\tiktok_auto\.venv\Lib\site-packages\sqlalchemy\pool\base.py", line 1272, in _checkout
    fairy = _ConnectionRecord.checkout(pool)
            ^^^^^^^^^^^^^^^^^^^^^^^^^^^^^^^^
  File "D:\tiktok_auto\.venv\Lib\site-packages\sqlalchemy\pool\base.py", line 712, in checkout
    rec = pool._do_get()
          ^^^^^^^^^^^^^^
  File "D:\tiktok_auto\.venv\Lib\site-packages\sqlalchemy\pool\impl.py", line 167, in _do_get
    raise exc.TimeoutError(
sqlalchemy.exc.TimeoutError: QueuePool limit of size 5 overflow 10 reached, connection timed out, timeout 30.00 (Background on this error at: https://sqlalche.me/e/20/3o7r)

During handling of the above exception, another exception occurred:

Traceback (most recent call last):
  File "D:\tiktok_auto\backend\app\use_cases\orchestration\task_dispatcher.py", line 956, in _execute_worker_with_semaphore
    await self._update_account_status(
  File "D:\tiktok_auto\backend\app\use_cases\orchestration\task_dispatcher.py", line 1023, in _update_account_status
    repo.update_status(account_id, status)
  File "D:\tiktok_auto\backend\app\infrastructure\database\sqlite_repository.py", line 192, in update_status
    db_row = self.session.get(AccountDbTable, account_id)
             ^^^^^^^^^^^^^^^^^^^^^^^^^^^^^^^^^^^^^^^^^^^^
  File "D:\tiktok_auto\.venv\Lib\site-packages\sqlalchemy\orm\session.py", line 3702, in get
    return self._get_impl(
           ^^^^^^^^^^^^^^^
  File "D:\tiktok_auto\.venv\Lib\site-packages\sqlalchemy\orm\session.py", line 3881, in _get_impl
    return db_load_fn(
           ^^^^^^^^^^^
  File "D:\tiktok_auto\.venv\Lib\site-packages\sqlalchemy\orm\loading.py", line 695, in load_on_pk_identity
    session.execute(
  File "D:\tiktok_auto\.venv\Lib\site-packages\sqlmodel\orm\session.py", line 136, in execute
    return super().execute(
           ^^^^^^^^^^^^^^^^
  File "D:\tiktok_auto\.venv\Lib\site-packages\sqlalchemy\orm\session.py", line 2373, in execute
    return self._execute_internal(
           ^^^^^^^^^^^^^^^^^^^^^^^
  File "D:\tiktok_auto\.venv\Lib\site-packages\sqlalchemy\orm\session.py", line 2261, in _execute_internal
    conn = self._connection_for_bind(bind)
           ^^^^^^^^^^^^^^^^^^^^^^^^^^^^^^^
  File "D:\tiktok_auto\.venv\Lib\site-packages\sqlalchemy\orm\session.py", line 2113, in _connection_for_bind
    return trans._connection_for_bind(engine, execution_options)
           ^^^^^^^^^^^^^^^^^^^^^^^^^^^^^^^^^^^^^^^^^^^^^^^^^^^^^
  File "<string>", line 2, in _connection_for_bind
  File "D:\tiktok_auto\.venv\Lib\site-packages\sqlalchemy\orm\state_changes.py", line 137, in _go
    ret_value = fn(self, *arg, **kw)
                ^^^^^^^^^^^^^^^^^^^^
  File "D:\tiktok_auto\.venv\Lib\site-packages\sqlalchemy\orm\session.py", line 1191, in _connection_for_bind
    conn = bind.connect()
           ^^^^^^^^^^^^^^
  File "D:\tiktok_auto\.venv\Lib\site-packages\sqlalchemy\engine\base.py", line 3295, in connect
    return self._connection_cls(self)
           ^^^^^^^^^^^^^^^^^^^^^^^^^^
  File "D:\tiktok_auto\.venv\Lib\site-packages\sqlalchemy\engine\base.py", line 144, in __init__
    self._dbapi_connection = engine.raw_connection()
                             ^^^^^^^^^^^^^^^^^^^^^^^
  File "D:\tiktok_auto\.venv\Lib\site-packages\sqlalchemy\engine\base.py", line 3319, in raw_connection
    return self.pool.connect()
           ^^^^^^^^^^^^^^^^^^^
  File "D:\tiktok_auto\.venv\Lib\site-packages\sqlalchemy\pool\base.py", line 448, in connect
    return _ConnectionFairy._checkout(self)
           ^^^^^^^^^^^^^^^^^^^^^^^^^^^^^^^^
  File "D:\tiktok_auto\.venv\Lib\site-packages\sqlalchemy\pool\base.py", line 1272, in _checkout
    fairy = _ConnectionRecord.checkout(pool)
            ^^^^^^^^^^^^^^^^^^^^^^^^^^^^^^^^
  File "D:\tiktok_auto\.venv\Lib\site-packages\sqlalchemy\pool\base.py", line 712, in checkout
    rec = pool._do_get()
          ^^^^^^^^^^^^^^
  File "D:\tiktok_auto\.venv\Lib\site-packages\sqlalchemy\pool\impl.py", line 167, in _do_get
    raise exc.TimeoutError(
sqlalchemy.exc.TimeoutError: QueuePool limit of size 5 overflow 10 reached, connection timed out, timeout 30.00 (Background on this error at: https://sqlalche.me/e/20/3o7r)
INFO:TaskDispatcher:[*] Kh\u1edfi ch\u1ea1y trình duy\u1ec7t cho tài kho\u1ea3n: biessonango76@hotmail.com | Tác v\u1ee5: LOGIN_COOKIE
ERROR:TaskDispatcher:[-] Th\u1ea5t b\u1ea1i chung cu\u1ed9c cho tài kho\u1ea3n biessonango76@hotmail.com
Traceback (most recent call last):
  File "D:\tiktok_auto\backend\app\use_cases\orchestration\task_dispatcher.py", line 613, in _execute_worker_with_semaphore
    account = account_repo.get_by_id(account_id)
              ^^^^^^^^^^^^^^^^^^^^^^^^^^^^^^^^^^
  File "D:\tiktok_auto\backend\app\infrastructure\database\sqlite_repository.py", line 65, in get_by_id
    db_row = self.session.get(AccountDbTable, account_id)
             ^^^^^^^^^^^^^^^^^^^^^^^^^^^^^^^^^^^^^^^^^^^^
  File "D:\tiktok_auto\.venv\Lib\site-packages\sqlalchemy\orm\session.py", line 3702, in get
    return self._get_impl(
           ^^^^^^^^^^^^^^^
  File "D:\tiktok_auto\.venv\Lib\site-packages\sqlalchemy\orm\session.py", line 3881, in _get_impl
    return db_load_fn(
           ^^^^^^^^^^^
  File "D:\tiktok_auto\.venv\Lib\site-packages\sqlalchemy\orm\loading.py", line 695, in load_on_pk_identity
    session.execute(
  File "D:\tiktok_auto\.venv\Lib\site-packages\sqlmodel\orm\session.py", line 136, in execute
    return super().execute(
           ^^^^^^^^^^^^^^^^
  File "D:\tiktok_auto\.venv\Lib\site-packages\sqlalchemy\orm\session.py", line 2373, in execute
    return self._execute_internal(
           ^^^^^^^^^^^^^^^^^^^^^^^
  File "D:\tiktok_auto\.venv\Lib\site-packages\sqlalchemy\orm\session.py", line 2261, in _execute_internal
    conn = self._connection_for_bind(bind)
           ^^^^^^^^^^^^^^^^^^^^^^^^^^^^^^^
  File "D:\tiktok_auto\.venv\Lib\site-packages\sqlalchemy\orm\session.py", line 2113, in _connection_for_bind
    return trans._connection_for_bind(engine, execution_options)
           ^^^^^^^^^^^^^^^^^^^^^^^^^^^^^^^^^^^^^^^^^^^^^^^^^^^^^
  File "<string>", line 2, in _connection_for_bind
  File "D:\tiktok_auto\.venv\Lib\site-packages\sqlalchemy\orm\state_changes.py", line 137, in _go
    ret_value = fn(self, *arg, **kw)
                ^^^^^^^^^^^^^^^^^^^^
  File "D:\tiktok_auto\.venv\Lib\site-packages\sqlalchemy\orm\session.py", line 1191, in _connection_for_bind
    conn = bind.connect()
           ^^^^^^^^^^^^^^
  File "D:\tiktok_auto\.venv\Lib\site-packages\sqlalchemy\engine\base.py", line 3295, in connect
    return self._connection_cls(self)
           ^^^^^^^^^^^^^^^^^^^^^^^^^^
  File "D:\tiktok_auto\.venv\Lib\site-packages\sqlalchemy\engine\base.py", line 144, in __init__
    self._dbapi_connection = engine.raw_connection()
                             ^^^^^^^^^^^^^^^^^^^^^^^
  File "D:\tiktok_auto\.venv\Lib\site-packages\sqlalchemy\engine\base.py", line 3319, in raw_connection
    return self.pool.connect()
           ^^^^^^^^^^^^^^^^^^^
  File "D:\tiktok_auto\.venv\Lib\site-packages\sqlalchemy\pool\base.py", line 448, in connect
    return _ConnectionFairy._checkout(self)
           ^^^^^^^^^^^^^^^^^^^^^^^^^^^^^^^^
  File "D:\tiktok_auto\.venv\Lib\site-packages\sqlalchemy\pool\base.py", line 1272, in _checkout
    fairy = _ConnectionRecord.checkout(pool)
            ^^^^^^^^^^^^^^^^^^^^^^^^^^^^^^^^
  File "D:\tiktok_auto\.venv\Lib\site-packages\sqlalchemy\pool\base.py", line 712, in checkout
    rec = pool._do_get()
          ^^^^^^^^^^^^^^
  File "D:\tiktok_auto\.venv\Lib\site-packages\sqlalchemy\pool\impl.py", line 167, in _do_get
    raise exc.TimeoutError(
sqlalchemy.exc.TimeoutError: QueuePool limit of size 5 overflow 10 reached, connection timed out, timeout 30.00 (Background on this error at: https://sqlalche.me/e/20/3o7r)
ERROR:asyncio:Task exception was never retrieved
future: <Task finished name='Task-118' coro=<ConcurrentTaskDispatcher._execute_worker_with_semaphore() done, defined at D:\tiktok_auto\backend\app\use_cases\orchestration\task_dispatcher.py:569> exception=TimeoutError('QueuePool limit of size 5 overflow 10 reached, connection timed out, timeout 30.00')>
Traceback (most recent call last):
  File "D:\tiktok_auto\backend\app\use_cases\orchestration\task_dispatcher.py", line 613, in _execute_worker_with_semaphore
    account = account_repo.get_by_id(account_id)
              ^^^^^^^^^^^^^^^^^^^^^^^^^^^^^^^^^^
  File "D:\tiktok_auto\backend\app\infrastructure\database\sqlite_repository.py", line 65, in get_by_id
    db_row = self.session.get(AccountDbTable, account_id)
             ^^^^^^^^^^^^^^^^^^^^^^^^^^^^^^^^^^^^^^^^^^^^
  File "D:\tiktok_auto\.venv\Lib\site-packages\sqlalchemy\orm\session.py", line 3702, in get
    return self._get_impl(
           ^^^^^^^^^^^^^^^
  File "D:\tiktok_auto\.venv\Lib\site-packages\sqlalchemy\orm\session.py", line 3881, in _get_impl
    return db_load_fn(
           ^^^^^^^^^^^
  File "D:\tiktok_auto\.venv\Lib\site-packages\sqlalchemy\orm\loading.py", line 695, in load_on_pk_identity
    session.execute(
  File "D:\tiktok_auto\.venv\Lib\site-packages\sqlmodel\orm\session.py", line 136, in execute
    return super().execute(
           ^^^^^^^^^^^^^^^^
  File "D:\tiktok_auto\.venv\Lib\site-packages\sqlalchemy\orm\session.py", line 2373, in execute
    return self._execute_internal(
           ^^^^^^^^^^^^^^^^^^^^^^^
  File "D:\tiktok_auto\.venv\Lib\site-packages\sqlalchemy\orm\session.py", line 2261, in _execute_internal
    conn = self._connection_for_bind(bind)
           ^^^^^^^^^^^^^^^^^^^^^^^^^^^^^^^
  File "D:\tiktok_auto\.venv\Lib\site-packages\sqlalchemy\orm\session.py", line 2113, in _connection_for_bind
    return trans._connection_for_bind(engine, execution_options)
           ^^^^^^^^^^^^^^^^^^^^^^^^^^^^^^^^^^^^^^^^^^^^^^^^^^^^^
  File "<string>", line 2, in _connection_for_bind
  File "D:\tiktok_auto\.venv\Lib\site-packages\sqlalchemy\orm\state_changes.py", line 137, in _go
    ret_value = fn(self, *arg, **kw)
                ^^^^^^^^^^^^^^^^^^^^
  File "D:\tiktok_auto\.venv\Lib\site-packages\sqlalchemy\orm\session.py", line 1191, in _connection_for_bind
    conn = bind.connect()
           ^^^^^^^^^^^^^^
  File "D:\tiktok_auto\.venv\Lib\site-packages\sqlalchemy\engine\base.py", line 3295, in connect
    return self._connection_cls(self)
           ^^^^^^^^^^^^^^^^^^^^^^^^^^
  File "D:\tiktok_auto\.venv\Lib\site-packages\sqlalchemy\engine\base.py", line 144, in __init__
    self._dbapi_connection = engine.raw_connection()
                             ^^^^^^^^^^^^^^^^^^^^^^^
  File "D:\tiktok_auto\.venv\Lib\site-packages\sqlalchemy\engine\base.py", line 3319, in raw_connection
    return self.pool.connect()
           ^^^^^^^^^^^^^^^^^^^
  File "D:\tiktok_auto\.venv\Lib\site-packages\sqlalchemy\pool\base.py", line 448, in connect
    return _ConnectionFairy._checkout(self)
           ^^^^^^^^^^^^^^^^^^^^^^^^^^^^^^^^
  File "D:\tiktok_auto\.venv\Lib\site-packages\sqlalchemy\pool\base.py", line 1272, in _checkout
    fairy = _ConnectionRecord.checkout(pool)
            ^^^^^^^^^^^^^^^^^^^^^^^^^^^^^^^^
  File "D:\tiktok_auto\.venv\Lib\site-packages\sqlalchemy\pool\base.py", line 712, in checkout
    rec = pool._do_get()
          ^^^^^^^^^^^^^^
  File "D:\tiktok_auto\.venv\Lib\site-packages\sqlalchemy\pool\impl.py", line 167, in _do_get
    raise exc.TimeoutError(
sqlalchemy.exc.TimeoutError: QueuePool limit of size 5 overflow 10 reached, connection timed out, timeout 30.00 (Background on this error at: https://sqlalche.me/e/20/3o7r)

During handling of the above exception, another exception occurred:

Traceback (most recent call last):
  File "D:\tiktok_auto\backend\app\use_cases\orchestration\task_dispatcher.py", line 956, in _execute_worker_with_semaphore
    await self._update_account_status(
  File "D:\tiktok_auto\backend\app\use_cases\orchestration\task_dispatcher.py", line 1023, in _update_account_status
    repo.update_status(account_id, status)
  File "D:\tiktok_auto\backend\app\infrastructure\database\sqlite_repository.py", line 192, in update_status
    db_row = self.session.get(AccountDbTable, account_id)
             ^^^^^^^^^^^^^^^^^^^^^^^^^^^^^^^^^^^^^^^^^^^^
  File "D:\tiktok_auto\.venv\Lib\site-packages\sqlalchemy\orm\session.py", line 3702, in get
    return self._get_impl(
           ^^^^^^^^^^^^^^^
  File "D:\tiktok_auto\.venv\Lib\site-packages\sqlalchemy\orm\session.py", line 3881, in _get_impl
    return db_load_fn(
           ^^^^^^^^^^^
  File "D:\tiktok_auto\.venv\Lib\site-packages\sqlalchemy\orm\loading.py", line 695, in load_on_pk_identity
    session.execute(
  File "D:\tiktok_auto\.venv\Lib\site-packages\sqlmodel\orm\session.py", line 136, in execute
    return super().execute(
           ^^^^^^^^^^^^^^^^
  File "D:\tiktok_auto\.venv\Lib\site-packages\sqlalchemy\orm\session.py", line 2373, in execute
    return self._execute_internal(
           ^^^^^^^^^^^^^^^^^^^^^^^
  File "D:\tiktok_auto\.venv\Lib\site-packages\sqlalchemy\orm\session.py", line 2261, in _execute_internal
    conn = self._connection_for_bind(bind)
           ^^^^^^^^^^^^^^^^^^^^^^^^^^^^^^^
  File "D:\tiktok_auto\.venv\Lib\site-packages\sqlalchemy\orm\session.py", line 2113, in _connection_for_bind
    return trans._connection_for_bind(engine, execution_options)
           ^^^^^^^^^^^^^^^^^^^^^^^^^^^^^^^^^^^^^^^^^^^^^^^^^^^^^
  File "<string>", line 2, in _connection_for_bind
  File "D:\tiktok_auto\.venv\Lib\site-packages\sqlalchemy\orm\state_changes.py", line 137, in _go
    ret_value = fn(self, *arg, **kw)
                ^^^^^^^^^^^^^^^^^^^^
  File "D:\tiktok_auto\.venv\Lib\site-packages\sqlalchemy\orm\session.py", line 1191, in _connection_for_bind
    conn = bind.connect()
           ^^^^^^^^^^^^^^
  File "D:\tiktok_auto\.venv\Lib\site-packages\sqlalchemy\engine\base.py", line 3295, in connect
    return self._connection_cls(self)
           ^^^^^^^^^^^^^^^^^^^^^^^^^^
  File "D:\tiktok_auto\.venv\Lib\site-packages\sqlalchemy\engine\base.py", line 144, in __init__
    self._dbapi_connection = engine.raw_connection()
                             ^^^^^^^^^^^^^^^^^^^^^^^
  File "D:\tiktok_auto\.venv\Lib\site-packages\sqlalchemy\engine\base.py", line 3319, in raw_connection
    return self.pool.connect()
           ^^^^^^^^^^^^^^^^^^^
  File "D:\tiktok_auto\.venv\Lib\site-packages\sqlalchemy\pool\base.py", line 448, in connect
    return _ConnectionFairy._checkout(self)
           ^^^^^^^^^^^^^^^^^^^^^^^^^^^^^^^^
  File "D:\tiktok_auto\.venv\Lib\site-packages\sqlalchemy\pool\base.py", line 1272, in _checkout
    fairy = _ConnectionRecord.checkout(pool)
            ^^^^^^^^^^^^^^^^^^^^^^^^^^^^^^^^
  File "D:\tiktok_auto\.venv\Lib\site-packages\sqlalchemy\pool\base.py", line 712, in checkout
    rec = pool._do_get()
          ^^^^^^^^^^^^^^
  File "D:\tiktok_auto\.venv\Lib\site-packages\sqlalchemy\pool\impl.py", line 167, in _do_get
    raise exc.TimeoutError(
sqlalchemy.exc.TimeoutError: QueuePool limit of size 5 overflow 10 reached, connection timed out, timeout 30.00 (Background on this error at: https://sqlalche.me/e/20/3o7r)
INFO:TaskDispatcher:[*] Kh\u1edfi ch\u1ea1y trình duy\u1ec7t cho tài kho\u1ea3n: flanleysidis55@hotmail.com | Tác v\u1ee5: LOGIN_COOKIE
ERROR:TaskDispatcher:[-] Th\u1ea5t b\u1ea1i chung cu\u1ed9c cho tài kho\u1ea3n flanleysidis55@hotmail.com
Traceback (most recent call last):
  File "D:\tiktok_auto\backend\app\use_cases\orchestration\task_dispatcher.py", line 613, in _execute_worker_with_semaphore
    account = account_repo.get_by_id(account_id)
              ^^^^^^^^^^^^^^^^^^^^^^^^^^^^^^^^^^
  File "D:\tiktok_auto\backend\app\infrastructure\database\sqlite_repository.py", line 65, in get_by_id
    db_row = self.session.get(AccountDbTable, account_id)
             ^^^^^^^^^^^^^^^^^^^^^^^^^^^^^^^^^^^^^^^^^^^^
  File "D:\tiktok_auto\.venv\Lib\site-packages\sqlalchemy\orm\session.py", line 3702, in get
    return self._get_impl(
           ^^^^^^^^^^^^^^^
  File "D:\tiktok_auto\.venv\Lib\site-packages\sqlalchemy\orm\session.py", line 3881, in _get_impl
    return db_load_fn(
           ^^^^^^^^^^^
  File "D:\tiktok_auto\.venv\Lib\site-packages\sqlalchemy\orm\loading.py", line 695, in load_on_pk_identity
    session.execute(
  File "D:\tiktok_auto\.venv\Lib\site-packages\sqlmodel\orm\session.py", line 136, in execute
    return super().execute(
           ^^^^^^^^^^^^^^^^
  File "D:\tiktok_auto\.venv\Lib\site-packages\sqlalchemy\orm\session.py", line 2373, in execute
    return self._execute_internal(
           ^^^^^^^^^^^^^^^^^^^^^^^
  File "D:\tiktok_auto\.venv\Lib\site-packages\sqlalchemy\orm\session.py", line 2261, in _execute_internal
    conn = self._connection_for_bind(bind)
           ^^^^^^^^^^^^^^^^^^^^^^^^^^^^^^^
  File "D:\tiktok_auto\.venv\Lib\site-packages\sqlalchemy\orm\session.py", line 2113, in _connection_for_bind
    return trans._connection_for_bind(engine, execution_options)
           ^^^^^^^^^^^^^^^^^^^^^^^^^^^^^^^^^^^^^^^^^^^^^^^^^^^^^
  File "<string>", line 2, in _connection_for_bind
  File "D:\tiktok_auto\.venv\Lib\site-packages\sqlalchemy\orm\state_changes.py", line 137, in _go
    ret_value = fn(self, *arg, **kw)
                ^^^^^^^^^^^^^^^^^^^^
  File "D:\tiktok_auto\.venv\Lib\site-packages\sqlalchemy\orm\session.py", line 1191, in _connection_for_bind
    conn = bind.connect()
           ^^^^^^^^^^^^^^
  File "D:\tiktok_auto\.venv\Lib\site-packages\sqlalchemy\engine\base.py", line 3295, in connect
    return self._connection_cls(self)
           ^^^^^^^^^^^^^^^^^^^^^^^^^^
  File "D:\tiktok_auto\.venv\Lib\site-packages\sqlalchemy\engine\base.py", line 144, in __init__
    self._dbapi_connection = engine.raw_connection()
                             ^^^^^^^^^^^^^^^^^^^^^^^
  File "D:\tiktok_auto\.venv\Lib\site-packages\sqlalchemy\engine\base.py", line 3319, in raw_connection
    return self.pool.connect()
           ^^^^^^^^^^^^^^^^^^^
  File "D:\tiktok_auto\.venv\Lib\site-packages\sqlalchemy\pool\base.py", line 448, in connect
    return _ConnectionFairy._checkout(self)
           ^^^^^^^^^^^^^^^^^^^^^^^^^^^^^^^^
  File "D:\tiktok_auto\.venv\Lib\site-packages\sqlalchemy\pool\base.py", line 1272, in _checkout
    fairy = _ConnectionRecord.checkout(pool)
            ^^^^^^^^^^^^^^^^^^^^^^^^^^^^^^^^
  File "D:\tiktok_auto\.venv\Lib\site-packages\sqlalchemy\pool\base.py", line 712, in checkout
    rec = pool._do_get()
          ^^^^^^^^^^^^^^
  File "D:\tiktok_auto\.venv\Lib\site-packages\sqlalchemy\pool\impl.py", line 167, in _do_get
    raise exc.TimeoutError(
sqlalchemy.exc.TimeoutError: QueuePool limit of size 5 overflow 10 reached, connection timed out, timeout 30.00 (Background on this error at: https://sqlalche.me/e/20/3o7r)
ERROR:asyncio:Task exception was never retrieved
future: <Task finished name='Task-119' coro=<ConcurrentTaskDispatcher._execute_worker_with_semaphore() done, defined at D:\tiktok_auto\backend\app\use_cases\orchestration\task_dispatcher.py:569> exception=TimeoutError('QueuePool limit of size 5 overflow 10 reached, connection timed out, timeout 30.00')>
Traceback (most recent call last):
  File "D:\tiktok_auto\backend\app\use_cases\orchestration\task_dispatcher.py", line 613, in _execute_worker_with_semaphore
    account = account_repo.get_by_id(account_id)
              ^^^^^^^^^^^^^^^^^^^^^^^^^^^^^^^^^^
  File "D:\tiktok_auto\backend\app\infrastructure\database\sqlite_repository.py", line 65, in get_by_id
    db_row = self.session.get(AccountDbTable, account_id)
             ^^^^^^^^^^^^^^^^^^^^^^^^^^^^^^^^^^^^^^^^^^^^
  File "D:\tiktok_auto\.venv\Lib\site-packages\sqlalchemy\orm\session.py", line 3702, in get
    return self._get_impl(
           ^^^^^^^^^^^^^^^
  File "D:\tiktok_auto\.venv\Lib\site-packages\sqlalchemy\orm\session.py", line 3881, in _get_impl
    return db_load_fn(
           ^^^^^^^^^^^
  File "D:\tiktok_auto\.venv\Lib\site-packages\sqlalchemy\orm\loading.py", line 695, in load_on_pk_identity
    session.execute(
  File "D:\tiktok_auto\.venv\Lib\site-packages\sqlmodel\orm\session.py", line 136, in execute
    return super().execute(
           ^^^^^^^^^^^^^^^^
  File "D:\tiktok_auto\.venv\Lib\site-packages\sqlalchemy\orm\session.py", line 2373, in execute
    return self._execute_internal(
           ^^^^^^^^^^^^^^^^^^^^^^^
  File "D:\tiktok_auto\.venv\Lib\site-packages\sqlalchemy\orm\session.py", line 2261, in _execute_internal
    conn = self._connection_for_bind(bind)
           ^^^^^^^^^^^^^^^^^^^^^^^^^^^^^^^
  File "D:\tiktok_auto\.venv\Lib\site-packages\sqlalchemy\orm\session.py", line 2113, in _connection_for_bind
    return trans._connection_for_bind(engine, execution_options)
           ^^^^^^^^^^^^^^^^^^^^^^^^^^^^^^^^^^^^^^^^^^^^^^^^^^^^^
  File "<string>", line 2, in _connection_for_bind
  File "D:\tiktok_auto\.venv\Lib\site-packages\sqlalchemy\orm\state_changes.py", line 137, in _go
    ret_value = fn(self, *arg, **kw)
                ^^^^^^^^^^^^^^^^^^^^
  File "D:\tiktok_auto\.venv\Lib\site-packages\sqlalchemy\orm\session.py", line 1191, in _connection_for_bind
    conn = bind.connect()
           ^^^^^^^^^^^^^^
  File "D:\tiktok_auto\.venv\Lib\site-packages\sqlalchemy\engine\base.py", line 3295, in connect
    return self._connection_cls(self)
           ^^^^^^^^^^^^^^^^^^^^^^^^^^
  File "D:\tiktok_auto\.venv\Lib\site-packages\sqlalchemy\engine\base.py", line 144, in __init__
    self._dbapi_connection = engine.raw_connection()
                             ^^^^^^^^^^^^^^^^^^^^^^^
  File "D:\tiktok_auto\.venv\Lib\site-packages\sqlalchemy\engine\base.py", line 3319, in raw_connection
    return self.pool.connect()
           ^^^^^^^^^^^^^^^^^^^
  File "D:\tiktok_auto\.venv\Lib\site-packages\sqlalchemy\pool\base.py", line 448, in connect
    return _ConnectionFairy._checkout(self)
           ^^^^^^^^^^^^^^^^^^^^^^^^^^^^^^^^
  File "D:\tiktok_auto\.venv\Lib\site-packages\sqlalchemy\pool\base.py", line 1272, in _checkout
    fairy = _ConnectionRecord.checkout(pool)
            ^^^^^^^^^^^^^^^^^^^^^^^^^^^^^^^^
  File "D:\tiktok_auto\.venv\Lib\site-packages\sqlalchemy\pool\base.py", line 712, in checkout
    rec = pool._do_get()
          ^^^^^^^^^^^^^^
  File "D:\tiktok_auto\.venv\Lib\site-packages\sqlalchemy\pool\impl.py", line 167, in _do_get
    raise exc.TimeoutError(
sqlalchemy.exc.TimeoutError: QueuePool limit of size 5 overflow 10 reached, connection timed out, timeout 30.00 (Background on this error at: https://sqlalche.me/e/20/3o7r)

During handling of the above exception, another exception occurred:

Traceback (most recent call last):
  File "D:\tiktok_auto\backend\app\use_cases\orchestration\task_dispatcher.py", line 956, in _execute_worker_with_semaphore
    await self._update_account_status(
  File "D:\tiktok_auto\backend\app\use_cases\orchestration\task_dispatcher.py", line 1023, in _update_account_status
    repo.update_status(account_id, status)
  File "D:\tiktok_auto\backend\app\infrastructure\database\sqlite_repository.py", line 192, in update_status
    db_row = self.session.get(AccountDbTable, account_id)
             ^^^^^^^^^^^^^^^^^^^^^^^^^^^^^^^^^^^^^^^^^^^^
  File "D:\tiktok_auto\.venv\Lib\site-packages\sqlalchemy\orm\session.py", line 3702, in get
    return self._get_impl(
           ^^^^^^^^^^^^^^^
  File "D:\tiktok_auto\.venv\Lib\site-packages\sqlalchemy\orm\session.py", line 3881, in _get_impl
    return db_load_fn(
           ^^^^^^^^^^^
  File "D:\tiktok_auto\.venv\Lib\site-packages\sqlalchemy\orm\loading.py", line 695, in load_on_pk_identity
    session.execute(
  File "D:\tiktok_auto\.venv\Lib\site-packages\sqlmodel\orm\session.py", line 136, in execute
    return super().execute(
           ^^^^^^^^^^^^^^^^
  File "D:\tiktok_auto\.venv\Lib\site-packages\sqlalchemy\orm\session.py", line 2373, in execute
    return self._execute_internal(
           ^^^^^^^^^^^^^^^^^^^^^^^
  File "D:\tiktok_auto\.venv\Lib\site-packages\sqlalchemy\orm\session.py", line 2261, in _execute_internal
    conn = self._connection_for_bind(bind)
           ^^^^^^^^^^^^^^^^^^^^^^^^^^^^^^^
  File "D:\tiktok_auto\.venv\Lib\site-packages\sqlalchemy\orm\session.py", line 2113, in _connection_for_bind
    return trans._connection_for_bind(engine, execution_options)
           ^^^^^^^^^^^^^^^^^^^^^^^^^^^^^^^^^^^^^^^^^^^^^^^^^^^^^
  File "<string>", line 2, in _connection_for_bind
  File "D:\tiktok_auto\.venv\Lib\site-packages\sqlalchemy\orm\state_changes.py", line 137, in _go
    ret_value = fn(self, *arg, **kw)
                ^^^^^^^^^^^^^^^^^^^^
  File "D:\tiktok_auto\.venv\Lib\site-packages\sqlalchemy\orm\session.py", line 1191, in _connection_for_bind
    conn = bind.connect()
           ^^^^^^^^^^^^^^
  File "D:\tiktok_auto\.venv\Lib\site-packages\sqlalchemy\engine\base.py", line 3295, in connect
    return self._connection_cls(self)
           ^^^^^^^^^^^^^^^^^^^^^^^^^^
  File "D:\tiktok_auto\.venv\Lib\site-packages\sqlalchemy\engine\base.py", line 144, in __init__
    self._dbapi_connection = engine.raw_connection()
                             ^^^^^^^^^^^^^^^^^^^^^^^
  File "D:\tiktok_auto\.venv\Lib\site-packages\sqlalchemy\engine\base.py", line 3319, in raw_connection
    return self.pool.connect()
           ^^^^^^^^^^^^^^^^^^^
  File "D:\tiktok_auto\.venv\Lib\site-packages\sqlalchemy\pool\base.py", line 448, in connect
    return _ConnectionFairy._checkout(self)
           ^^^^^^^^^^^^^^^^^^^^^^^^^^^^^^^^
  File "D:\tiktok_auto\.venv\Lib\site-packages\sqlalchemy\pool\base.py", line 1272, in _checkout
    fairy = _ConnectionRecord.checkout(pool)
            ^^^^^^^^^^^^^^^^^^^^^^^^^^^^^^^^
  File "D:\tiktok_auto\.venv\Lib\site-packages\sqlalchemy\pool\base.py", line 712, in checkout
    rec = pool._do_get()
          ^^^^^^^^^^^^^^
  File "D:\tiktok_auto\.venv\Lib\site-packages\sqlalchemy\pool\impl.py", line 167, in _do_get
    raise exc.TimeoutError(
sqlalchemy.exc.TimeoutError: QueuePool limit of size 5 overflow 10 reached, connection timed out, timeout 30.00 (Background on this error at: https://sqlalche.me/e/20/3o7r)
INFO:TaskDispatcher:[*] Kh\u1edfi ch\u1ea1y trình duy\u1ec7t cho tài kho\u1ea3n: escalonnanoia117@hotmail.com | Tác v\u1ee5: LOGIN_COOKIE
ERROR:TaskDispatcher:[-] Th\u1ea5t b\u1ea1i chung cu\u1ed9c cho tài kho\u1ea3n escalonnanoia117@hotmail.com
Traceback (most recent call last):
  File "D:\tiktok_auto\backend\app\use_cases\orchestration\task_dispatcher.py", line 613, in _execute_worker_with_semaphore
    account = account_repo.get_by_id(account_id)
              ^^^^^^^^^^^^^^^^^^^^^^^^^^^^^^^^^^
  File "D:\tiktok_auto\backend\app\infrastructure\database\sqlite_repository.py", line 65, in get_by_id
    db_row = self.session.get(AccountDbTable, account_id)
             ^^^^^^^^^^^^^^^^^^^^^^^^^^^^^^^^^^^^^^^^^^^^
  File "D:\tiktok_auto\.venv\Lib\site-packages\sqlalchemy\orm\session.py", line 3702, in get
    return self._get_impl(
           ^^^^^^^^^^^^^^^
  File "D:\tiktok_auto\.venv\Lib\site-packages\sqlalchemy\orm\session.py", line 3881, in _get_impl
    return db_load_fn(
           ^^^^^^^^^^^
  File "D:\tiktok_auto\.venv\Lib\site-packages\sqlalchemy\orm\loading.py", line 695, in load_on_pk_identity
    session.execute(
  File "D:\tiktok_auto\.venv\Lib\site-packages\sqlmodel\orm\session.py", line 136, in execute
    return super().execute(
           ^^^^^^^^^^^^^^^^
  File "D:\tiktok_auto\.venv\Lib\site-packages\sqlalchemy\orm\session.py", line 2373, in execute
    return self._execute_internal(
           ^^^^^^^^^^^^^^^^^^^^^^^
  File "D:\tiktok_auto\.venv\Lib\site-packages\sqlalchemy\orm\session.py", line 2261, in _execute_internal
    conn = self._connection_for_bind(bind)
           ^^^^^^^^^^^^^^^^^^^^^^^^^^^^^^^
  File "D:\tiktok_auto\.venv\Lib\site-packages\sqlalchemy\orm\session.py", line 2113, in _connection_for_bind
    return trans._connection_for_bind(engine, execution_options)
           ^^^^^^^^^^^^^^^^^^^^^^^^^^^^^^^^^^^^^^^^^^^^^^^^^^^^^
  File "<string>", line 2, in _connection_for_bind
  File "D:\tiktok_auto\.venv\Lib\site-packages\sqlalchemy\orm\state_changes.py", line 137, in _go
    ret_value = fn(self, *arg, **kw)
                ^^^^^^^^^^^^^^^^^^^^
  File "D:\tiktok_auto\.venv\Lib\site-packages\sqlalchemy\orm\session.py", line 1191, in _connection_for_bind
    conn = bind.connect()
           ^^^^^^^^^^^^^^
  File "D:\tiktok_auto\.venv\Lib\site-packages\sqlalchemy\engine\base.py", line 3295, in connect
    return self._connection_cls(self)
           ^^^^^^^^^^^^^^^^^^^^^^^^^^
  File "D:\tiktok_auto\.venv\Lib\site-packages\sqlalchemy\engine\base.py", line 144, in __init__
    self._dbapi_connection = engine.raw_connection()
                             ^^^^^^^^^^^^^^^^^^^^^^^
  File "D:\tiktok_auto\.venv\Lib\site-packages\sqlalchemy\engine\base.py", line 3319, in raw_connection
    return self.pool.connect()
           ^^^^^^^^^^^^^^^^^^^
  File "D:\tiktok_auto\.venv\Lib\site-packages\sqlalchemy\pool\base.py", line 448, in connect
    return _ConnectionFairy._checkout(self)
           ^^^^^^^^^^^^^^^^^^^^^^^^^^^^^^^^
  File "D:\tiktok_auto\.venv\Lib\site-packages\sqlalchemy\pool\base.py", line 1272, in _checkout
    fairy = _ConnectionRecord.checkout(pool)
            ^^^^^^^^^^^^^^^^^^^^^^^^^^^^^^^^
  File "D:\tiktok_auto\.venv\Lib\site-packages\sqlalchemy\pool\base.py", line 712, in checkout
    rec = pool._do_get()
          ^^^^^^^^^^^^^^
  File "D:\tiktok_auto\.venv\Lib\site-packages\sqlalchemy\pool\impl.py", line 167, in _do_get
    raise exc.TimeoutError(
sqlalchemy.exc.TimeoutError: QueuePool limit of size 5 overflow 10 reached, connection timed out, timeout 30.00 (Background on this error at: https://sqlalche.me/e/20/3o7r)
